p_pdb_id,q_pdb_id,RMSD,RMSDh,hinge_num,hinge_cnt,hinge_index,exec_time (s)
1cbu,1c9k,3.10928,0.446704,6,6,33 : 36 : 46 : 51 : 54 : 81,0.0102104
3hvp,4hvp,1.24525,0.504258,6,6,11 : 24 : 39 : 52 : 59 : 82,0.0068633
1ldm,6ldh,1.78855,0.621834,6,6,97 : 109 : 122 : 306 : 324 : 327,0.0244502
149l,1l53,1.87039,0.361126,6,6,12 : 64 : 76 : 94 : 134 : 162,0.0120365
1bpd,2bpg,10.3346,0.79771,6,6,39 : 79 : 84 : 140 : 253 : 300,0.0238417
1ezm,1u4g,1.21868,0.400103,6,6,84 : 99 : 115 : 120 : 134 : 187,0.0204121
3enl,1ebg,1.4646,0.51175,6,6,38 : 43 : 155 : 170 : 251 : 342,0.0302207
1ggg,1wdn,5.33802,0.511475,6,6,85 : 99 : 102 : 107 : 179 : 217,0.0158334
1lfg,1lfh,6.42856,0.537984,6,6,4 : 92 : 251 : 333 : 418 : 423,0.0539294
2lao,1lst,4.69882,0.328576,6,6,32 : 91 : 115 : 160 : 183 : 192,0.0177166
1urp,2dri,4.06192,0.335265,6,6,37 : 103 : 167 : 235 : 255 : 265,0.0220879
4tnc,2tn4,3.72615,0.760864,6,6,34 : 39 : 62 : 70 : 105 : 136,0.0112039
