p_pdb_id,q_pdb_id,RMSD,RMSDh,hinge_num,hinge_cnt,hinge_index,exec_time (s)
1cbu,1c9k,3.10928,0.444044,6,6,77 : 54 : 51 : 46 : 36 : 33,0.0111208
3hvp,4hvp,1.24525,0.501999,6,6,82 : 59 : 52 : 39 : 24 : 9,0.00756915
1ldm,6ldh,1.78855,0.621834,6,6,327 : 324 : 306 : 122 : 109 : 97,0.0256249
149l,1l53,1.87039,0.357216,6,6,162 : 131 : 94 : 76 : 64 : 12,0.0133553
1bpd,2bpg,10.3346,0.79688,6,6,300 : 253 : 140 : 84 : 79 : 36,0.0264019
1ezm,1u4g,1.21868,0.400093,6,6,187 : 134 : 120 : 115 : 99 : 79,0.0220103
3enl,1ebg,1.4646,0.511109,6,6,341 : 251 : 168 : 155 : 43 : 38,0.0333528
1ggg,1wdn,5.33802,0.511475,6,6,217 : 179 : 107 : 102 : 99 : 85,0.0166244
1lfg,1lfh,6.42856,0.537984,6,6,423 : 418 : 333 : 251 : 92 : 4,0.0565464
2lao,1lst,4.69882,0.325774,6,6,192 : 183 : 159 : 113 : 91 : 32,0.0193049
1urp,2dri,4.06192,0.334918,6,6,265 : 255 : 235 : 167 : 103 : 35,0.0241735
4tnc,2tn4,3.72615,0.760864,6,6,136 : 105 : 70 : 62 : 39 : 34,0.0117593
