p_pdb_id,q_pdb_id,RMSD,RMSDh,hinge_num,hinge_cnt,hinge_index,iter_num,exec_time (s)
1cbu,1c9k,3.10928,0.747159,3,3,53 : 48 : 35,1,0.00477406
3hvp,4hvp,1.24525,0.648653,3,3,57 : 45 : 24,2,0.00356117
1ldm,6ldh,1.78855,0.88998,3,3,325 : 110 : 98,1,0.0108389
149l,1l53,1.87039,0.467061,3,3,94 : 74 : 12,1,0.00544283
1bpd,2bpg,10.3346,0.860313,3,3,253 : 140 : 83,1,0.0106551
1ezm,1u4g,1.21868,0.516982,3,3,134 : 96 : 82,2,0.0106797
3enl,1ebg,1.4646,0.903842,3,3,141 : 43 : 38,2,0.0148904
1ggg,1wdn,5.33802,0.805741,3,3,179 : 106 : 86,2,0.00816177
1lfg,1lfh,6.42856,0.929062,3,3,333 : 251 : 92,1,0.0247762
2lao,1lst,4.69882,0.427926,3,3,192 : 162 : 91,1,0.0081167
1urp,2dri,4.06192,0.446404,3,3,263 : 234 : 103,2,0.0127867
4tnc,2tn4,3.72615,1.20379,3,3,108 : 67 : 37,2,0.00640857
