p_pdb_id,q_pdb_id,RMSD,RMSDh,hinge_num,hinge_cnt,hinge_index,iter_num,exec_time (s)
1cbu,1c9k,3.10928,0.538747,4,4,53 : 48 : 36 : 33,1,0.00714478
3hvp,4hvp,1.24525,0.579904,4,4,81 : 54 : 39 : 24,1,0.00494892
1ldm,6ldh,1.78855,0.723192,4,4,325 : 306 : 110 : 98,1,0.0171306
149l,1l53,1.87039,0.425174,4,4,162 : 94 : 74 : 12,1,0.00795921
1bpd,2bpg,10.3346,0.834543,4,4,300 : 253 : 140 : 83,1,0.0143428
1ezm,1u4g,1.21868,0.484972,4,4,133 : 116 : 99 : 79,2,0.0139109
3enl,1ebg,1.4646,0.770158,4,4,330 : 153 : 43 : 38,2,0.0204716
1ggg,1wdn,5.33802,0.635134,4,4,179 : 106 : 98 : 85,2,0.0103683
1lfg,1lfh,6.42856,0.788162,4,4,333 : 251 : 92 : 4,1,0.0320632
2lao,1lst,4.69882,0.390768,4,4,192 : 183 : 159 : 91,2,0.0117518
1urp,2dri,4.06192,0.390445,4,4,263 : 234 : 103 : 35,2,0.0153237
4tnc,2tn4,3.72615,1.06618,4,4,105 : 70 : 62 : 37,2,0.00735884
