p_pdb_id,q_pdb_id,RMSD,RMSDh,hinge_num,hinge_cnt,hinge_index,exec_time (s)
1cbu,1c9k,3.10928,0.977277,2,2,52 : 35,0.00386258
3hvp,4hvp,1.24525,0.727012,2,2,57 : 45,0.0026118
1ldm,6ldh,1.78855,1.14354,2,2,110 : 98,0.00830312
149l,1l53,1.87039,0.532229,2,2,76 : 12,0.00422344
1bpd,2bpg,10.3346,1.04415,2,2,253 : 84,0.00836997
1ezm,1u4g,1.21868,0.559573,2,2,134 : 84,0.00776424
3enl,1ebg,1.4646,1.06561,2,2,141 : 42,0.0114843
1ggg,1wdn,5.33802,0.928338,2,2,179 : 85,0.00528287
1lfg,1lfh,6.42856,1.15033,2,2,251 : 92,0.016588
2lao,1lst,4.69882,0.477697,2,2,192 : 91,0.0059673
1urp,2dri,4.06192,0.541615,2,2,235 : 103,0.00697712
4tnc,2tn4,3.72615,1.64058,2,2,71 : 35,0.00372638
