p_pdb_id,q_pdb_id,RMSD,RMSDh,hinge_num,hinge_cnt,hinge_index,exec_time (s)
1cbu,1c9k,3.10928,0.977277,2,2,35 : 52,0.00347445
3hvp,4hvp,1.24525,0.727012,2,2,45 : 57,0.00237002
1ldm,6ldh,1.78855,1.14354,2,2,98 : 110,0.0068107
149l,1l53,1.87039,0.532229,2,2,12 : 76,0.00374614
1bpd,2bpg,10.3346,1.04415,2,2,84 : 253,0.00732496
1ezm,1u4g,1.21868,0.559573,2,2,84 : 134,0.00704811
3enl,1ebg,1.4646,1.06707,2,2,42 : 155,0.00982244
1ggg,1wdn,5.33802,0.928338,2,2,85 : 179,0.00527066
1lfg,1lfh,6.42856,1.15033,2,2,92 : 251,0.017322
2lao,1lst,4.69882,0.477697,2,2,91 : 192,0.00536554
1urp,2dri,4.06192,0.541615,2,2,103 : 235,0.00668061
4tnc,2tn4,3.72615,1.6469,2,2,37 : 71,0.00383299
