p_pdb_id,q_pdb_id,RMSD,RMSDh,hinge_num,hinge_cnt,hinge_index,iter_num,exec_time (s)
1cbu,1c9k,3.10928,0.977277,2,2,52 : 35,1,0.00359173
3hvp,4hvp,1.24525,0.727012,2,2,57 : 45,1,0.00249303
1ldm,6ldh,1.78855,1.14354,2,2,110 : 98,1,0.00830826
149l,1l53,1.87039,0.532229,2,2,76 : 12,1,0.00422865
1bpd,2bpg,10.3346,1.04415,2,2,253 : 84,1,0.0083892
1ezm,1u4g,1.21868,0.559573,2,2,134 : 84,1,0.0077744
3enl,1ebg,1.4646,1.06561,2,2,141 : 42,2,0.0111227
1ggg,1wdn,5.33802,0.928338,2,2,179 : 85,1,0.00526127
1lfg,1lfh,6.42856,1.15033,2,2,251 : 92,1,0.0173466
2lao,1lst,4.69882,0.477697,2,2,192 : 91,1,0.00604796
1urp,2dri,4.06192,0.541615,2,2,235 : 103,1,0.00696902
4tnc,2tn4,3.72615,1.64058,2,2,71 : 35,2,0.00445843
