p_pdb_id,q_pdb_id,RMSD,RMSDh,hinge_num,hinge_cnt,hinge_index,iter_num,exec_time (s)
1cbu,1c9k,3.10928,0.372895,8,8,119 : 81 : 56 : 53 : 51 : 46 : 36 : 33,2,0.0155639
3hvp,4hvp,1.24525,0.424628,8,8,84 : 75 : 59 : 52 : 42 : 39 : 24 : 9,2,0.0100869
1ldm,6ldh,1.78855,0.543903,8,8,325 : 306 : 218 : 215 : 161 : 120 : 109 : 97,2,0.0360423
149l,1l53,1.87039,0.328039,8,8,162 : 146 : 133 : 94 : 76 : 64 : 12 : 8,2,0.0183144
1bpd,2bpg,10.3346,0.761913,8,8,300 : 253 : 200 : 174 : 140 : 84 : 79 : 36,2,0.0357741
1ezm,1u4g,1.21868,0.328951,8,8,195 : 187 : 134 : 120 : 115 : 100 : 95 : 82,2,0.0297947
3enl,1ebg,1.4646,0.394588,8,8,345 : 280 : 249 : 168 : 155 : 43 : 39 : 36,2,0.0455872
1ggg,1wdn,5.33802,0.466429,8,8,217 : 179 : 107 : 102 : 99 : 93 : 85 : 65,1,0.0219213
1lfg,1lfh,6.42856,0.480963,8,8,605 : 423 : 418 : 342 : 330 : 251 : 92 : 4,1,0.0752564
2lao,1lst,4.69882,0.28629,8,8,192 : 183 : 157 : 142 : 114 : 99 : 91 : 32,2,0.0257677
1urp,2dri,4.06192,0.30263,8,8,265 : 255 : 235 : 210 : 207 : 154 : 103 : 35,2,0.0323549
4tnc,2tn4,3.72615,0.561252,8,8,135 : 124 : 103 : 70 : 62 : 40 : 35 : 26,2,0.0164401
