p_pdb_id,q_pdb_id,RMSD,RMSDh,hinge_num,hinge_cnt,hinge_index,exec_time (s)
1cbu,1c9k,3.10928,0.348731,10,10,33 : 36 : 46 : 49 : 52 : 54 : 58 : 81 : 120 : 132,0.0178107
3hvp,4hvp,1.24525,0.376802,10,10,10 : 16 : 23 : 39 : 42 : 51 : 54 : 68 : 73 : 85,0.0112244
1ldm,6ldh,1.78855,0.477892,10,10,97 : 109 : 120 : 165 : 215 : 218 : 241 : 306 : 324 : 327,0.0410695
149l,1l53,1.87039,0.300651,10,10,8 : 12 : 24 : 64 : 76 : 94 : 114 : 134 : 146 : 162,0.020392
1bpd,2bpg,10.3346,0.711545,10,10,39 : 79 : 84 : 140 : 158 : 171 : 200 : 253 : 292 : 297,0.0402247
1ezm,1u4g,1.21868,0.286549,10,10,46 : 50 : 84 : 95 : 100 : 115 : 120 : 134 : 187 : 195,0.0340879
3enl,1ebg,1.4646,0.329834,10,10,36 : 39 : 42 : 47 : 155 : 170 : 214 : 243 : 280 : 345,0.0516315
1ggg,1wdn,5.33802,0.431566,10,10,33 : 59 : 85 : 93 : 99 : 102 : 107 : 144 : 179 : 217,0.0265118
1lfg,1lfh,6.42856,0.440754,10,10,4 : 92 : 251 : 330 : 342 : 418 : 421 : 424 : 597 : 679,0.0915427
2lao,1lst,4.69882,0.261072,10,10,32 : 91 : 99 : 114 : 142 : 159 : 183 : 191 : 194 : 237,0.0291158
1urp,2dri,4.06192,0.272444,10,10,35 : 55 : 58 : 103 : 154 : 207 : 210 : 235 : 255 : 265,0.0363884
4tnc,2tn4,3.72615,0.434468,10,10,26 : 35 : 40 : 62 : 70 : 87 : 103 : 113 : 124 : 136,0.0184587
