p_pdb_id,q_pdb_id,RMSD,RMSDh,hinge_num,hinge_cnt,hinge_index,iter_num,exec_time (s)
1cbu,1c9k,3.10928,0.396403,7,7,119 : 81 : 54 : 51 : 46 : 36 : 33,2,0.0135927
3hvp,4hvp,1.24525,0.459787,7,7,84 : 75 : 59 : 52 : 39 : 24 : 9,2,0.00901432
1ldm,6ldh,1.78855,0.566099,7,7,325 : 306 : 218 : 215 : 122 : 109 : 97,2,0.0319784
149l,1l53,1.87039,0.34206,7,7,162 : 146 : 133 : 94 : 76 : 64 : 12,2,0.0161118
1bpd,2bpg,10.3346,0.7793,7,7,300 : 253 : 179 : 140 : 84 : 79 : 36,2,0.0316406
1ezm,1u4g,1.21868,0.352673,7,7,195 : 187 : 134 : 120 : 115 : 99 : 79,2,0.02628
3enl,1ebg,1.4646,0.431873,7,7,341 : 251 : 168 : 155 : 43 : 39 : 36,2,0.040184
1ggg,1wdn,5.33802,0.486272,7,7,217 : 179 : 107 : 102 : 99 : 93 : 85,1,0.0192051
1lfg,1lfh,6.42856,0.505317,7,7,605 : 423 : 418 : 333 : 251 : 92 : 4,1,0.0660827
2lao,1lst,4.69882,0.307741,7,7,192 : 183 : 159 : 113 : 99 : 91 : 32,2,0.02294
1urp,2dri,4.06192,0.317582,7,7,265 : 255 : 235 : 207 : 154 : 103 : 35,2,0.0287899
4tnc,2tn4,3.72615,0.657488,7,7,136 : 105 : 70 : 62 : 40 : 35 : 26,1,0.0135502
