p_pdb_id,q_pdb_id,RMSD,RMSDh,hinge_num,hinge_cnt,hinge_index,exec_time (s)
1cbu,1c9k,3.10928,0.747159,3,3,35 : 48 : 53,0.00460339
3hvp,4hvp,1.24525,0.650235,3,3,26 : 45 : 57,0.00324768
1ldm,6ldh,1.78855,0.88998,3,3,98 : 110 : 325,0.00994136
149l,1l53,1.87039,0.467061,3,3,12 : 74 : 94,0.00502914
1bpd,2bpg,10.3346,0.860313,3,3,83 : 140 : 253,0.00991231
1ezm,1u4g,1.21868,0.522825,3,3,84 : 99 : 134,0.0095508
3enl,1ebg,1.4646,0.905093,3,3,38 : 43 : 155,0.0130088
1ggg,1wdn,5.33802,0.808219,3,3,85 : 106 : 179,0.00691782
1lfg,1lfh,6.42856,0.929062,3,3,92 : 251 : 333,0.0239082
2lao,1lst,4.69882,0.427926,3,3,91 : 162 : 192,0.00786421
1urp,2dri,4.06192,0.446804,3,3,103 : 235 : 263,0.00974427
4tnc,2tn4,3.72615,1.20407,3,3,37 : 67 : 109,0.00506619
