p_pdb_id,q_pdb_id,RMSD,RMSDh,hinge_num,hinge_cnt,hinge_index,exec_time (s)
1cbu,1c9k,3.10928,0.3744,8,8,33 : 36 : 46 : 51 : 53 : 56 : 81 : 120,0.0145256
3hvp,4hvp,1.24525,0.427295,8,8,11 : 24 : 39 : 42 : 52 : 59 : 75 : 84,0.00945642
1ldm,6ldh,1.78855,0.543934,8,8,97 : 109 : 120 : 165 : 215 : 218 : 306 : 325,0.0343015
149l,1l53,1.87039,0.329249,8,8,8 : 12 : 64 : 76 : 94 : 134 : 146 : 162,0.0170385
1bpd,2bpg,10.3346,0.762781,8,8,39 : 79 : 84 : 140 : 174 : 200 : 253 : 300,0.0333691
1ezm,1u4g,1.21868,0.330075,8,8,81 : 95 : 100 : 115 : 120 : 134 : 187 : 195,0.0283727
3enl,1ebg,1.4646,0.395142,8,8,36 : 39 : 43 : 155 : 170 : 249 : 280 : 345,0.0427277
1ggg,1wdn,5.33802,0.466429,8,8,65 : 85 : 93 : 99 : 102 : 107 : 179 : 217,0.0220989
1lfg,1lfh,6.42856,0.480963,8,8,4 : 92 : 251 : 330 : 342 : 418 : 423 : 605,0.0756313
2lao,1lst,4.69882,0.287731,8,8,32 : 91 : 99 : 114 : 142 : 159 : 183 : 192,0.0243726
1urp,2dri,4.06192,0.303014,8,8,37 : 103 : 154 : 207 : 210 : 235 : 255 : 265,0.0304886
4tnc,2tn4,3.72615,0.561487,8,8,26 : 35 : 40 : 62 : 70 : 103 : 124 : 136,0.0155496
