p_pdb_id,q_pdb_id,RMSD,RMSDh,hinge_num,hinge_cnt,hinge_index,iter_num,exec_time (s)
1cbu,1c9k,3.10928,0.348705,10,10,130 : 120 : 81 : 58 : 54 : 52 : 49 : 46 : 36 : 33,2,0.0193847
3hvp,4hvp,1.24525,0.376736,10,10,85 : 73 : 68 : 54 : 51 : 42 : 39 : 23 : 16 : 7,2,0.0122946
1ldm,6ldh,1.78855,0.477857,10,10,327 : 324 : 306 : 241 : 218 : 215 : 161 : 120 : 109 : 97,2,0.0442554
149l,1l53,1.87039,0.300651,10,10,162 : 146 : 134 : 114 : 94 : 76 : 64 : 24 : 12 : 8,1,0.0210426
1bpd,2bpg,10.3346,0.709611,10,10,297 : 292 : 253 : 200 : 169 : 152 : 140 : 84 : 79 : 36,2,0.0439
1ezm,1u4g,1.21868,0.286549,10,10,195 : 187 : 134 : 120 : 115 : 100 : 95 : 84 : 50 : 46,1,0.0348962
3enl,1ebg,1.4646,0.32853,10,10,345 : 280 : 242 : 213 : 170 : 155 : 46 : 42 : 39 : 36,2,0.0561717
1ggg,1wdn,5.33802,0.431566,10,10,217 : 179 : 144 : 107 : 102 : 99 : 93 : 85 : 59 : 33,1,0.0272402
1lfg,1lfh,6.42856,0.440754,10,10,679 : 597 : 424 : 421 : 418 : 342 : 330 : 251 : 92 : 4,1,0.0943521
2lao,1lst,4.69882,0.259482,10,10,237 : 194 : 191 : 183 : 157 : 142 : 114 : 99 : 91 : 32,2,0.0320485
1urp,2dri,4.06192,0.272444,10,10,265 : 255 : 235 : 210 : 207 : 154 : 103 : 58 : 55 : 35,1,0.0389286
4tnc,2tn4,3.72615,0.434165,10,10,135 : 124 : 113 : 103 : 87 : 70 : 62 : 40 : 35 : 26,2,0.0200678
