p_pdb_id,q_pdb_id,RMSD,RMSDh,hinge_num,hinge_cnt,hinge_index,iter_num,exec_time (s)
1cbu,1c9k,3.10928,0.362471,9,9,130 : 120 : 81 : 56 : 53 : 51 : 46 : 36 : 33,2,0.0174688
3hvp,4hvp,1.24525,0.399217,9,9,84 : 75 : 59 : 52 : 42 : 39 : 23 : 16 : 7,2,0.0111888
1ldm,6ldh,1.78855,0.510837,9,9,327 : 324 : 306 : 218 : 215 : 161 : 120 : 109 : 97,2,0.0400777
149l,1l53,1.87039,0.313614,9,9,162 : 146 : 133 : 94 : 76 : 64 : 24 : 12 : 8,2,0.0204255
1bpd,2bpg,10.3346,0.722504,9,9,297 : 292 : 253 : 200 : 174 : 140 : 84 : 79 : 36,3,0.0423348
1ezm,1u4g,1.21868,0.311835,9,9,195 : 183 : 144 : 134 : 120 : 115 : 100 : 95 : 82,2,0.0330232
3enl,1ebg,1.4646,0.357797,9,9,345 : 280 : 242 : 213 : 170 : 155 : 43 : 39 : 36,2,0.0508117
1ggg,1wdn,5.33802,0.449303,9,9,217 : 194 : 179 : 107 : 102 : 99 : 93 : 85 : 65,1,0.024514
1lfg,1lfh,6.42856,0.458658,9,9,605 : 424 : 421 : 418 : 342 : 330 : 251 : 92 : 4,1,0.0847576
2lao,1lst,4.69882,0.272877,9,9,194 : 191 : 183 : 157 : 142 : 114 : 99 : 91 : 32,2,0.0285313
1urp,2dri,4.06192,0.288962,9,9,265 : 255 : 235 : 207 : 154 : 103 : 58 : 55 : 35,1,0.0337119
4tnc,2tn4,3.72615,0.473401,9,9,135 : 124 : 105 : 87 : 70 : 62 : 40 : 35 : 26,2,0.0182773
