p_pdb_id,q_pdb_id,RMSD,RMSDh,hinge_num,hinge_cnt,hinge_index,exec_time (s)
1cbu,1c9k,3.10928,0.397819,7,7,33 : 36 : 46 : 51 : 54 : 81 : 120,0.0120335
3hvp,4hvp,1.24525,0.462252,7,7,11 : 24 : 39 : 52 : 59 : 75 : 84,0.00798703
1ldm,6ldh,1.78855,0.602999,7,7,97 : 109 : 120 : 165 : 218 : 306 : 325,0.0286081
149l,1l53,1.87039,0.343221,7,7,12 : 64 : 76 : 94 : 134 : 146 : 162,0.0141386
1bpd,2bpg,10.3346,0.780667,7,7,39 : 79 : 84 : 140 : 184 : 253 : 300,0.027943
1ezm,1u4g,1.21868,0.352684,7,7,84 : 99 : 115 : 120 : 134 : 187 : 195,0.0237917
3enl,1ebg,1.4646,0.432631,7,7,36 : 39 : 43 : 155 : 170 : 251 : 342,0.0355168
1ggg,1wdn,5.33802,0.486272,7,7,85 : 93 : 99 : 102 : 107 : 179 : 217,0.0185137
1lfg,1lfh,6.42856,0.505317,7,7,4 : 92 : 251 : 333 : 418 : 423 : 605,0.0633343
2lao,1lst,4.69882,0.310433,7,7,32 : 91 : 99 : 114 : 160 : 183 : 192,0.0205231
1urp,2dri,4.06192,0.317948,7,7,37 : 103 : 154 : 207 : 235 : 255 : 265,0.0256736
4tnc,2tn4,3.72615,0.657488,7,7,26 : 35 : 40 : 62 : 70 : 105 : 136,0.0130555
