p_pdb_id,q_pdb_id,RMSD,RMSDh,hinge_num,hinge_cnt,hinge_index,exec_time (s)
1cbu,1c9k,3.10928,0.474724,5,5,33 : 36 : 46 : 51 : 54,0.00848427
3hvp,4hvp,1.24525,0.5384,5,5,11 : 24 : 39 : 54 : 81,0.00576859
1ldm,6ldh,1.78855,0.649271,5,5,97 : 109 : 122 : 306 : 325,0.0203043
149l,1l53,1.87039,0.383963,5,5,12 : 74 : 94 : 134 : 162,0.00992932
1bpd,2bpg,10.3346,0.818267,5,5,83 : 140 : 184 : 253 : 300,0.0197201
1ezm,1u4g,1.21868,0.430429,5,5,84 : 99 : 115 : 120 : 136,0.0170174
3enl,1ebg,1.4646,0.692922,5,5,38 : 43 : 155 : 170 : 329,0.0250466
1ggg,1wdn,5.33802,0.538349,5,5,85 : 99 : 102 : 107 : 179,0.0131793
1lfg,1lfh,6.42856,0.749666,5,5,4 : 92 : 251 : 333 : 423,0.04487
2lao,1lst,4.69882,0.354791,5,5,91 : 115 : 160 : 183 : 192,0.0148226
1urp,2dri,4.06192,0.359073,5,5,37 : 103 : 167 : 235 : 263,0.0184103
4tnc,2tn4,3.72615,0.903794,5,5,37 : 62 : 70 : 105 : 136,0.00937661
