p_pdb_id,q_pdb_id,RMSD,RMSDh,hinge_num,hinge_cnt,hinge_index,exec_time (s)
1cbu,1c9k,3.10928,0.747159,3,3,53 : 48 : 35,0.00520361
3hvp,4hvp,1.24525,0.648653,3,3,57 : 45 : 24,0.00398589
1ldm,6ldh,1.78855,0.88998,3,3,325 : 110 : 98,0.0109166
149l,1l53,1.87039,0.467061,3,3,94 : 74 : 12,0.00515469
1bpd,2bpg,10.3346,0.860313,3,3,253 : 140 : 83,0.010696
1ezm,1u4g,1.21868,0.516982,3,3,134 : 96 : 82,0.0100873
3enl,1ebg,1.4646,0.903842,3,3,141 : 43 : 38,0.0138565
1ggg,1wdn,5.33802,0.805741,3,3,179 : 106 : 86,0.00754986
1lfg,1lfh,6.42856,0.929062,3,3,333 : 251 : 92,0.0239035
2lao,1lst,4.69882,0.427926,3,3,192 : 162 : 91,0.00809327
1urp,2dri,4.06192,0.446404,3,3,263 : 234 : 103,0.010706
4tnc,2tn4,3.72615,1.20379,3,3,108 : 67 : 37,0.00569805
