p_pdb_id,q_pdb_id,RMSD,RMSDh,hinge_num,hinge_cnt,hinge_index,exec_time (s)
1cbu,1c9k,3.10928,0.474724,5,5,54 : 51 : 46 : 36 : 33,0.00892807
3hvp,4hvp,1.24525,0.536286,5,5,81 : 54 : 39 : 24 : 9,0.00650093
1ldm,6ldh,1.78855,0.649271,5,5,325 : 306 : 122 : 109 : 97,0.0215405
149l,1l53,1.87039,0.380288,5,5,162 : 131 : 94 : 74 : 12,0.0112798
1bpd,2bpg,10.3346,0.817773,5,5,300 : 253 : 179 : 140 : 83,0.0219142
1ezm,1u4g,1.21868,0.43042,5,5,136 : 120 : 115 : 99 : 79,0.0185105
3enl,1ebg,1.4646,0.658577,5,5,341 : 221 : 153 : 43 : 38,0.0283879
1ggg,1wdn,5.33802,0.538349,5,5,179 : 107 : 102 : 99 : 85,0.0139062
1lfg,1lfh,6.42856,0.713184,5,5,423 : 418 : 251 : 92 : 4,0.0502813
2lao,1lst,4.69882,0.352197,5,5,192 : 183 : 159 : 113 : 91,0.0161843
1urp,2dri,4.06192,0.358749,5,5,263 : 235 : 167 : 103 : 35,0.020596
4tnc,2tn4,3.72615,0.903794,5,5,136 : 105 : 70 : 62 : 37,0.00995901
