p_pdb_id,q_pdb_id,RMSD,RMSDh,hinge_num,hinge_cnt,hinge_index,exec_time (s)
1cbu,1c9k,3.10928,0.538747,4,4,33 : 36 : 48 : 53,0.00571933
3hvp,4hvp,1.24525,0.579904,4,4,24 : 39 : 54 : 81,0.00387687
1ldm,6ldh,1.78855,0.723192,4,4,98 : 110 : 306 : 325,0.0138321
149l,1l53,1.87039,0.425174,4,4,12 : 74 : 94 : 162,0.00654204
1bpd,2bpg,10.3346,0.834543,4,4,83 : 140 : 253 : 300,0.0130069
1ezm,1u4g,1.21868,0.485547,4,4,84 : 99 : 116 : 134,0.0115007
3enl,1ebg,1.4646,0.771499,4,4,38 : 43 : 155 : 330,0.016569
1ggg,1wdn,5.33802,0.635956,4,4,85 : 99 : 106 : 179,0.00883412
1lfg,1lfh,6.42856,0.788162,4,4,4 : 92 : 251 : 333,0.0306815
2lao,1lst,4.69882,0.3909,4,4,91 : 161 : 183 : 192,0.0102644
1urp,2dri,4.06192,0.391201,4,4,37 : 103 : 235 : 263,0.0124156
4tnc,2tn4,3.72615,1.06649,4,4,37 : 62 : 70 : 109,0.00675715
