p_pdb_id,q_pdb_id,RMSD,RMSDh,hinge_num,hinge_cnt,hinge_index,exec_time (s)
1cbu,1c9k,3.10928,0.362496,9,9,33 : 36 : 46 : 51 : 53 : 56 : 81 : 120 : 132,0.0159175
3hvp,4hvp,1.24525,0.399279,9,9,10 : 16 : 23 : 39 : 42 : 52 : 59 : 75 : 84,0.0101329
1ldm,6ldh,1.78855,0.51087,9,9,97 : 109 : 120 : 165 : 215 : 218 : 306 : 324 : 327,0.0370042
149l,1l53,1.87039,0.31488,9,9,8 : 12 : 24 : 64 : 76 : 94 : 134 : 146 : 162,0.0183147
1bpd,2bpg,10.3346,0.746222,9,9,39 : 79 : 84 : 140 : 174 : 200 : 253 : 281 : 300,0.0361967
1ezm,1u4g,1.21868,0.313021,9,9,81 : 95 : 100 : 115 : 120 : 134 : 144 : 183 : 195,0.0306425
3enl,1ebg,1.4646,0.358762,9,9,36 : 39 : 43 : 155 : 170 : 214 : 243 : 280 : 345,0.0463
1ggg,1wdn,5.33802,0.449303,9,9,65 : 85 : 93 : 99 : 102 : 107 : 179 : 194 : 217,0.0237847
1lfg,1lfh,6.42856,0.458658,9,9,4 : 92 : 251 : 330 : 342 : 418 : 421 : 424 : 605,0.0821737
2lao,1lst,4.69882,0.274389,9,9,32 : 91 : 99 : 114 : 142 : 159 : 183 : 191 : 194,0.0261879
1urp,2dri,4.06192,0.288962,9,9,35 : 55 : 58 : 103 : 154 : 207 : 235 : 255 : 265,0.0328129
4tnc,2tn4,3.72615,0.473679,9,9,26 : 35 : 40 : 62 : 70 : 87 : 105 : 124 : 136,0.016646
