p_pdb_id,q_pdb_id,RMSD,RMSDh,hinge_num,hinge_cnt,hinge_index,exec_time (s)
1cbu,1c9k,3.10928,0.346154,10,10,32 : 34 : 37 : 46 : 49 : 52 : 54 : 58 : 81 : 119,0.14687
3hvp,4hvp,1.24525,0.373307,10,10,7 : 16 : 23 : 39 : 42 : 52 : 59 : 71 : 74 : 84,0.0448822
1ldm,6ldh,1.78855,0.477857,10,10,97 : 109 : 120 : 161 : 215 : 218 : 241 : 306 : 324 : 327,0.503123
149l,1l53,1.87039,0.300651,10,10,8 : 12 : 24 : 64 : 76 : 94 : 114 : 134 : 146 : 162,0.129819
1bpd,2bpg,10.3346,0.705477,10,10,36 : 79 : 84 : 140 : 174 : 200 : 253 : 292 : 296 : 299,0.519626
1ezm,1u4g,1.21868,0.286549,10,10,46 : 50 : 84 : 95 : 100 : 115 : 120 : 134 : 187 : 195,0.459929
3enl,1ebg,1.4646,0.328016,10,10,36 : 39 : 43 : 47 : 155 : 170 : 213 : 242 : 280 : 345,0.923481
1ggg,1wdn,5.33802,0.431459,10,10,33 : 59 : 85 : 93 : 99 : 102 : 107 : 179 : 194 : 217,0.232878
1lfg,1lfh,6.42856,0.440754,10,10,4 : 92 : 251 : 330 : 342 : 418 : 421 : 424 : 597 : 679,2.44465
2lao,1lst,4.69882,0.259482,10,10,32 : 91 : 99 : 114 : 142 : 157 : 183 : 191 : 194 : 237,0.278824
1urp,2dri,4.06192,0.272444,10,10,35 : 55 : 58 : 103 : 154 : 207 : 210 : 235 : 255 : 265,0.366316
4tnc,2tn4,3.72615,0.434165,10,10,26 : 35 : 40 : 62 : 70 : 87 : 103 : 113 : 124 : 135,0.110728
