p_pdb_id,q_pdb_id,RMSD,RMSDh,hinge_num,hinge_cnt,hinge_index,exec_time (s)
1cbu,1c9k,3.10928,0.474724,5,5,33 : 36 : 46 : 51 : 54,0.0828424
3hvp,4hvp,1.24525,0.536286,5,5,9 : 24 : 39 : 54 : 81,0.0246425
1ldm,6ldh,1.78855,0.649271,5,5,97 : 109 : 122 : 306 : 325,0.264908
149l,1l53,1.87039,0.380288,5,5,12 : 74 : 94 : 131 : 162,0.0715853
1bpd,2bpg,10.3346,0.798726,5,5,83 : 140 : 253 : 292 : 297,0.292316
1ezm,1u4g,1.21868,0.43042,5,5,79 : 99 : 115 : 120 : 136,0.259111
3enl,1ebg,1.4646,0.657468,5,5,37 : 42 : 153 : 221 : 341,0.53428
1ggg,1wdn,5.33802,0.538349,5,5,85 : 99 : 102 : 107 : 179,0.136272
1lfg,1lfh,6.42856,0.713184,5,5,4 : 92 : 251 : 418 : 423,1.39041
2lao,1lst,4.69882,0.352197,5,5,91 : 113 : 159 : 183 : 192,0.166347
1urp,2dri,4.06192,0.358704,5,5,35 : 103 : 153 : 234 : 263,0.208505
4tnc,2tn4,3.72615,0.903794,5,5,37 : 62 : 70 : 105 : 136,0.0684747
