p_pdb_id,q_pdb_id,RMSD,RMSDh,hinge_num,hinge_cnt,hinge_index,exec_time (s)
1cbu,1c9k,3.10928,0.396403,7,7,33 : 36 : 46 : 51 : 54 : 81 : 119,0.118899
3hvp,4hvp,1.24525,0.459787,7,7,9 : 24 : 39 : 52 : 59 : 75 : 84,0.0369615
1ldm,6ldh,1.78855,0.566099,7,7,97 : 109 : 122 : 215 : 218 : 306 : 325,0.411522
149l,1l53,1.87039,0.34206,7,7,12 : 64 : 76 : 94 : 133 : 146 : 162,0.107482
1bpd,2bpg,10.3346,0.759288,7,7,36 : 79 : 84 : 140 : 253 : 292 : 297,0.419281
1ezm,1u4g,1.21868,0.352673,7,7,79 : 99 : 115 : 120 : 134 : 187 : 195,0.363307
3enl,1ebg,1.4646,0.431873,7,7,36 : 39 : 43 : 155 : 168 : 251 : 341,0.751984
1ggg,1wdn,5.33802,0.486272,7,7,85 : 93 : 99 : 102 : 107 : 179 : 217,0.190834
1lfg,1lfh,6.42856,0.505317,7,7,4 : 92 : 251 : 333 : 418 : 423 : 605,1.95627
2lao,1lst,4.69882,0.305675,7,7,32 : 91 : 115 : 142 : 157 : 183 : 192,0.228073
1urp,2dri,4.06192,0.317582,7,7,35 : 103 : 154 : 207 : 235 : 255 : 265,0.300942
4tnc,2tn4,3.72615,0.657488,7,7,26 : 35 : 40 : 62 : 70 : 105 : 136,0.0920008
