p_pdb_id,q_pdb_id,RMSD,RMSDh,hinge_num,hinge_cnt,hinge_index,exec_time (s)
1cbu,1c9k,3.10928,0.747159,3,3,35 : 48 : 53,0.0448744
3hvp,4hvp,1.24525,0.648653,3,3,24 : 45 : 57,0.0144331
1ldm,6ldh,1.78855,0.88998,3,3,98 : 110 : 325,0.154237
149l,1l53,1.87039,0.467061,3,3,12 : 74 : 94,0.0473764
1bpd,2bpg,10.3346,0.860313,3,3,83 : 140 : 253,0.154772
1ezm,1u4g,1.21868,0.516982,3,3,82 : 96 : 134,0.133886
3enl,1ebg,1.4646,0.902443,3,3,37 : 42 : 141,0.276534
1ggg,1wdn,5.33802,0.805741,3,3,86 : 106 : 179,0.0707229
1lfg,1lfh,6.42856,0.929062,3,3,92 : 251 : 333,0.730857
2lao,1lst,4.69882,0.427926,3,3,91 : 162 : 192,0.0850217
1urp,2dri,4.06192,0.446404,3,3,103 : 234 : 263,0.111276
4tnc,2tn4,3.72615,1.20379,3,3,37 : 67 : 108,0.0346364
