p_pdb_id,q_pdb_id,RMSD,RMSDh,hinge_num,hinge_cnt,hinge_index,exec_time (s)
1cbu,1c9k,3.10928,0.359528,9,9,33 : 36 : 46 : 49 : 52 : 54 : 58 : 81 : 119,0.15709
3hvp,4hvp,1.24525,0.399217,9,9,7 : 16 : 23 : 39 : 42 : 52 : 59 : 75 : 84,0.0485155
1ldm,6ldh,1.78855,0.502977,9,9,97 : 109 : 122 : 215 : 218 : 241 : 306 : 324 : 327,0.540559
149l,1l53,1.87039,0.313614,9,9,8 : 12 : 24 : 64 : 76 : 94 : 133 : 146 : 162,0.142614
1bpd,2bpg,10.3346,0.722504,9,9,36 : 79 : 84 : 140 : 174 : 200 : 253 : 292 : 297,0.551039
1ezm,1u4g,1.21868,0.311835,9,9,82 : 95 : 100 : 115 : 120 : 134 : 144 : 183 : 195,0.470344
3enl,1ebg,1.4646,0.357797,9,9,36 : 39 : 43 : 155 : 170 : 213 : 242 : 280 : 345,0.977731
1ggg,1wdn,5.33802,0.449265,9,9,33 : 59 : 85 : 93 : 99 : 102 : 107 : 179 : 217,0.247536
1lfg,1lfh,6.42856,0.458658,9,9,4 : 92 : 251 : 330 : 342 : 418 : 421 : 424 : 605,2.54146
2lao,1lst,4.69882,0.272877,9,9,32 : 91 : 99 : 114 : 142 : 157 : 183 : 191 : 194,0.292745
1urp,2dri,4.06192,0.288482,9,9,35 : 103 : 116 : 155 : 207 : 210 : 235 : 255 : 265,0.390395
4tnc,2tn4,3.72615,0.473401,9,9,26 : 35 : 40 : 62 : 70 : 87 : 105 : 124 : 135,0.118074
