p_pdb_id,q_pdb_id,RMSD,RMSDh,hinge_num,hinge_cnt,hinge_index,exec_time (s)
1cbu,1c9k,3.10928,0.372895,8,8,33 : 36 : 46 : 51 : 53 : 56 : 81 : 119,0.135058
3hvp,4hvp,1.24525,0.424628,8,8,9 : 24 : 39 : 42 : 52 : 59 : 75 : 84,0.0418881
1ldm,6ldh,1.78855,0.534409,8,8,97 : 109 : 122 : 215 : 218 : 306 : 324 : 327,0.468687
149l,1l53,1.87039,0.328039,8,8,8 : 12 : 64 : 76 : 94 : 133 : 146 : 162,0.121714
1bpd,2bpg,10.3346,0.740817,8,8,36 : 79 : 84 : 140 : 179 : 253 : 292 : 297,0.478875
1ezm,1u4g,1.21868,0.328951,8,8,82 : 95 : 100 : 115 : 120 : 134 : 187 : 195,0.413473
3enl,1ebg,1.4646,0.394588,8,8,36 : 39 : 43 : 155 : 168 : 249 : 280 : 345,0.857331
1ggg,1wdn,5.33802,0.466429,8,8,65 : 85 : 93 : 99 : 102 : 107 : 179 : 217,0.217643
1lfg,1lfh,6.42856,0.480963,8,8,4 : 92 : 251 : 330 : 342 : 418 : 423 : 605,2.23164
2lao,1lst,4.69882,0.28629,8,8,32 : 91 : 99 : 114 : 142 : 157 : 183 : 192,0.259538
1urp,2dri,4.06192,0.30263,8,8,35 : 103 : 154 : 207 : 210 : 235 : 255 : 265,0.342739
4tnc,2tn4,3.72615,0.561252,8,8,26 : 35 : 40 : 62 : 70 : 103 : 124 : 135,0.104112
