p_pdb_id,q_pdb_id,RMSD,RMSDh,hinge_num,hinge_cnt,hinge_index,exec_time (s)
1cbu,1c9k,3.10928,0.538747,4,4,33 : 36 : 48 : 53,0.0593366
3hvp,4hvp,1.24525,0.579904,4,4,24 : 39 : 54 : 81,0.0187293
1ldm,6ldh,1.78855,0.723192,4,4,98 : 110 : 306 : 325,0.202214
149l,1l53,1.87039,0.425174,4,4,12 : 74 : 94 : 162,0.0532116
1bpd,2bpg,10.3346,0.834543,4,4,83 : 140 : 253 : 300,0.205865
1ezm,1u4g,1.21868,0.484972,4,4,79 : 99 : 116 : 133,0.178252
3enl,1ebg,1.4646,0.76921,4,4,37 : 42 : 153 : 330,0.36812
1ggg,1wdn,5.33802,0.635134,4,4,85 : 98 : 106 : 179,0.0937765
1lfg,1lfh,6.42856,0.788162,4,4,4 : 92 : 251 : 333,0.956323
2lao,1lst,4.69882,0.390768,4,4,91 : 159 : 183 : 192,0.113176
1urp,2dri,4.06192,0.390445,4,4,35 : 103 : 234 : 263,0.148205
4tnc,2tn4,3.72615,1.06618,4,4,37 : 62 : 70 : 105,0.0456775
