p_pdb_id,q_pdb_id,RMSD,RMSDh,hinge_num,hinge_cnt,hinge_index,exec_time (s)
1cbu,1c9k,3.10928,0.444044,6,6,33 : 36 : 46 : 51 : 54 : 77,0.103093
3hvp,4hvp,1.24525,0.498347,6,6,9 : 24 : 39 : 54 : 74 : 84,0.0321423
1ldm,6ldh,1.78855,0.621834,6,6,97 : 109 : 122 : 306 : 324 : 327,0.355321
149l,1l53,1.87039,0.357216,6,6,12 : 64 : 76 : 94 : 131 : 162,0.0933869
1bpd,2bpg,10.3346,0.781188,6,6,83 : 140 : 179 : 253 : 292 : 297,0.36111
1ezm,1u4g,1.21868,0.400093,6,6,79 : 99 : 115 : 120 : 134 : 187,0.312665
3enl,1ebg,1.4646,0.509456,6,6,37 : 42 : 155 : 168 : 251 : 341,0.647538
1ggg,1wdn,5.33802,0.511475,6,6,85 : 99 : 102 : 107 : 179 : 217,0.164512
1lfg,1lfh,6.42856,0.537984,6,6,4 : 92 : 251 : 333 : 418 : 423,1.6868
2lao,1lst,4.69882,0.325774,6,6,32 : 91 : 113 : 159 : 183 : 192,0.196769
1urp,2dri,4.06192,0.334918,6,6,35 : 103 : 167 : 235 : 255 : 265,0.259649
4tnc,2tn4,3.72615,0.760864,6,6,34 : 39 : 62 : 70 : 105 : 136,0.0791944
