p_pdb,q_pdb,execution_time
1cbu_B,1c9k_B,0.16669917106628418
3hvp_A,4hvp_A,0.03583502769470215
1ldm_A,6ldh_A,0.15581822395324707
149l_A,1l53_A,0.052262067794799805
1bpd_A,2bpg_A,0.0952157974243164
1ezm_A,1u4g_A,0.2049422264099121
3enl_A,1ebg_A,0.14942145347595215
1ggg_A,1wdn_A,0.07410144805908203
1lfg_A,1lfh_A,0.15440940856933594
2lao_A,1lst_A,0.05585646629333496
1urp_A,2dri_A,0.049794912338256836
4tnc_A,2tn4_A,0.03734278678894043
