p_pdb,q_pdb,execution_time
1cbu_B,1c9k_B,0.03702044486999512
3hvp_A,4hvp_A,0.023054122924804688
1ldm_A,6ldh_A,0.0519040003
149l_A,1l53_A,0.00751600042
1bpd_A,2bpg_A,0.0267110001
1ezm_A,1u4g_A,0.0188049991
3enl_A,1ebg_A,0.0466750003
1ggg_A,1wdn_A,0.04143881797790527
1lfg_A,1lfh_A,0.0868799984
2lao_A,1lst_A,0.0128830001
1urp_A,2dri_A,0.0114970002
4tnc_A,2tn4_A,0.03622245788574219
