p_pdb,q_pdb,execution_time
1cbu_B,1c9k_B,0.37416601181030273
3hvp_A,4hvp_A,0.10837149620056152
1ldm_A,6ldh_A,1.0645601749420166
149l_A,1l53_A,0.4724149703979492
1bpd_A,2bpg_A,1.1081111431121826
1ezm_A,1u4g_A,0.7856171131134033
3enl_A,1ebg_A,1.759695291519165
1ggg_A,1wdn_A,0.38264989852905273
1lfg_A,1lfh_A,4.094888925552368
2lao_A,1lst_A,0.43754076957702637
1urp_A,2dri_A,0.6808536052703857
4tnc_A,2tn4_A,0.36211466789245605
