p_pdb_id,Residue length,actual_hinge_cnt,sigma,average_delta_g
pdb2b44_A_original_CA_coordinates.csv,129,3,0.5,16.0938
pdb6gjy_A_original_CA_coordinates.csv,165,3,0.5,0.87472
pdb3hc4_H_original_CA_coordinates.csv,212,3,0.5,2.25207
pdb7lg4_A_original_CA_coordinates.csv,227,3,0.5,100.475
pdb2lgh_A_original_CA_coordinates.csv,144,3,0.5,0.0485032
pdb7wxl_A_original_CA_coordinates.csv,310,3,0.5,38.3057
pdb7ycq_A_original_CA_coordinates.csv,111,3,0.5,5.92387
pdb5qfq_A_original_CA_coordinates.csv,284,3,0.5,52.0366
pdb4eem_A_original_CA_coordinates.csv,273,3,0.5,3.30632
pdb4whn_A_original_CA_coordinates.csv,170,3,0.5,70.5931
pdb3ju3_A_original_CA_coordinates.csv,113,3,0.5,0.078519
pdb6i62_A_original_CA_coordinates.csv,224,3,0.5,20.887
pdb4lgn_A_original_CA_coordinates.csv,739,3,0.5,5.69095
pdb4yjv_A_original_CA_coordinates.csv,263,3,0.5,4.46199
pdb2edl_A_original_CA_coordinates.csv,110,3,0.5,2.32048
pdb1zja_A_original_CA_coordinates.csv,557,3,0.5,2.32397
pdb8h63_A_original_CA_coordinates.csv,462,3,0.5,5.15188
pdb1kz1_A_original_CA_coordinates.csv,150,3,0.5,12.2153
pdb6mt3_A_original_CA_coordinates.csv,276,3,0.5,22.1485
pdb4jsf_A_original_CA_coordinates.csv,407,3,0.5,53.508
pdb5ecw_A_original_CA_coordinates.csv,132,3,0.5,3.82392
pdb7tbr_A_original_CA_coordinates.csv,142,3,0.5,0.966196
pdb6y9f_A_original_CA_coordinates.csv,288,3,0.5,19.7264
pdb8e8j_A_original_CA_coordinates.csv,425,3,0.5,19.6282
pdb3ze8_A_original_CA_coordinates.csv,277,3,0.5,17.975
pdb2j4m_A_original_CA_coordinates.csv,100,3,0.5,0.447889
pdb2lc9_A_original_CA_coordinates.csv,164,3,0.5,19.7319
pdb2hdj_A_original_CA_coordinates.csv,322,3,0.5,43.5668
pdb3uiq_A_original_CA_coordinates.csv,901,3,0.5,0.00270454
pdb3h54_A_original_CA_coordinates.csv,387,3,0.5,11.044
pdb4q81_A_original_CA_coordinates.csv,257,3,0.5,160.318
pdb8f7h_A_original_CA_coordinates.csv,428,3,0.5,30.0539
pdb5qzq_A_original_CA_coordinates.csv,237,3,0.5,17.0893
pdb3bvl_A_original_CA_coordinates.csv,172,3,0.5,4.12472
pdb7lsa_A_original_CA_coordinates.csv,760,3,0.5,6.11915
pdb6pvz_A_original_CA_coordinates.csv,188,3,0.5,5.73333
pdb7kua_A_original_CA_coordinates.csv,149,3,0.5,0.383364
pdb4wpn_A_original_CA_coordinates.csv,494,3,0.5,64.1205
pdb5hhj_A_original_CA_coordinates.csv,294,3,0.5,51.6534
pdb4idz_A_original_CA_coordinates.csv,437,3,0.5,99.0285
pdb3nfa_A_original_CA_coordinates.csv,149,3,0.5,1.22672
pdb8j0v_X_original_CA_coordinates.csv,173,3,0.5,1.55968
pdb6z8j_A_original_CA_coordinates.csv,279,3,0.5,88.2957
pdb3mfs_A_original_CA_coordinates.csv,303,3,0.5,2.95882
pdb2bid_A_original_CA_coordinates.csv,197,3,0.5,1.22172
pdb4icy_A_original_CA_coordinates.csv,462,3,0.5,5.90442
pdb4y4b_A_original_CA_coordinates.csv,330,3,0.5,17.1978
pdb4tjw_A_original_CA_coordinates.csv,199,3,0.5,6.19634
pdb5nkl_A_original_CA_coordinates.csv,540,3,0.5,1.83653
pdb5yjk_A_original_CA_coordinates.csv,221,3,0.5,28.8353
pdb5chu_A_original_CA_coordinates.csv,359,3,0.5,2.14564
pdb7ea2_B_original_CA_coordinates.csv,107,3,0.5,3.32948
pdb6gvi_A_original_CA_coordinates.csv,910,3,0.5,1.57082
pdb3k50_A_original_CA_coordinates.csv,376,3,0.5,15.0023
pdb1gx4_A_original_CA_coordinates.csv,287,3,0.5,7.26611
pdb7p49_A_original_CA_coordinates.csv,276,3,0.5,230.353
pdb1rga_A_original_CA_coordinates.csv,104,3,0.5,12.6247
pdb8cif_H_original_CA_coordinates.csv,255,3,0.5,12.9191
pdb6ir6_A_original_CA_coordinates.csv,232,3,0.5,3.00989
pdb3hpw_A_original_CA_coordinates.csv,101,3,0.5,10.4315
pdb4g4q_A_original_CA_coordinates.csv,254,3,0.5,39.1842
pdb4zgj_A_original_CA_coordinates.csv,204,3,0.5,0.916734
pdb4p31_A_original_CA_coordinates.csv,230,3,0.5,0.0714279
pdb6hos_A_original_CA_coordinates.csv,213,3,0.5,58.2781
pdb2f8d_A_original_CA_coordinates.csv,221,3,0.5,3.44828
pdb2w8h_A_original_CA_coordinates.csv,322,3,0.5,68.9103
pdb8elt_A_original_CA_coordinates.csv,166,3,0.5,7.71964
pdb6qi3_A_original_CA_coordinates.csv,298,3,0.5,0.369577
pdb4n2r_A_original_CA_coordinates.csv,306,3,0.5,4.0772
pdb4nnm_A_original_CA_coordinates.csv,111,3,0.5,3.0191
pdb4o04_A_original_CA_coordinates.csv,208,3,0.5,3.26001
pdb2jbh_A_original_CA_coordinates.csv,207,3,0.5,2.90201
pdb7xza_A_original_CA_coordinates.csv,443,3,0.5,0.236475
pdb7lco_A_original_CA_coordinates.csv,306,3,0.5,2.66923
pdb2y6g_A_original_CA_coordinates.csv,167,3,0.5,0.268574
pdb4jrh_A_original_CA_coordinates.csv,412,3,0.5,368.111
pdb1roe_A_original_CA_coordinates.csv,97,3,0.5,9.28047
pdb6qq9_A_original_CA_coordinates.csv,225,3,0.5,21.0128
pdb3paj_A_original_CA_coordinates.csv,302,3,0.5,2.74931
pdb7m26_A_original_CA_coordinates.csv,258,3,0.5,2.86635
pdb2boj_A_original_CA_coordinates.csv,114,3,0.5,2.87205
pdb7b82_A_original_CA_coordinates.csv,105,3,0.5,43.3664
pdb8q1n_A_original_CA_coordinates.csv,320,3,0.5,6.97886
pdb7fzt_A_original_CA_coordinates.csv,130,3,0.5,32.5157
pdb6ach_A_original_CA_coordinates.csv,364,3,0.5,568.81
pdb3kae_A_original_CA_coordinates.csv,225,3,0.5,7.2136
pdb5hvy_A_original_CA_coordinates.csv,335,3,0.5,64.8712
pdb6iv7_A_original_CA_coordinates.csv,386,3,0.5,0.400486
pdb5n0g_A_original_CA_coordinates.csv,208,3,0.5,50.0963
pdb6g8t_A_original_CA_coordinates.csv,106,3,0.5,0.213244
pdb4cn9_A_original_CA_coordinates.csv,397,3,0.5,48.7733
pdb6z2o_A_original_CA_coordinates.csv,354,3,0.5,0.807898
pdb6t5l_A_original_CA_coordinates.csv,224,3,0.5,0.569278
pdb4r66_A_original_CA_coordinates.csv,326,3,0.5,81.2185
pdb5pjt_A_original_CA_coordinates.csv,331,3,0.5,9.35629
pdb6lul_B_original_CA_coordinates.csv,224,3,0.5,2.33486
pdb2rr6_A_original_CA_coordinates.csv,168,3,0.5,4.30921
pdb3ioj_A_original_CA_coordinates.csv,284,3,0.5,2.07832
pdb3ckg_A_original_CA_coordinates.csv,236,3,0.5,0.939224
pdb5uav_A_original_CA_coordinates.csv,278,3,0.5,7.13792
pdb8i4j_A_original_CA_coordinates.csv,220,3,0.5,1.67997
pdb6lqo_A_original_CA_coordinates.csv,258,3,0.5,0.551911
pdb3fj1_A_original_CA_coordinates.csv,326,3,0.5,53.1101
pdb4pg7_A_original_CA_coordinates.csv,402,3,0.5,1.24256
pdb2qnl_A_original_CA_coordinates.csv,159,3,0.5,0.288862
pdb7tl4_A_original_CA_coordinates.csv,184,3,0.5,3.21047
pdb6prc_C_original_CA_coordinates.csv,332,3,0.5,2.07503
pdb1fdt_A_original_CA_coordinates.csv,285,3,0.5,55.9139
pdb6c8q_A_original_CA_coordinates.csv,268,3,0.5,2.65951
pdb6oe6_A_original_CA_coordinates.csv,127,3,0.5,38.1785
pdb4l7t_A_original_CA_coordinates.csv,490,3,0.5,17.7206
pdb6btf_A_original_CA_coordinates.csv,317,3,0.5,81.2596
pdb5r96_A_original_CA_coordinates.csv,347,3,0.5,11.3785
pdb3smv_A_original_CA_coordinates.csv,233,3,0.5,5.10273
pdb2fvv_A_original_CA_coordinates.csv,135,3,0.5,1.33619
pdb3cg6_A_original_CA_coordinates.csv,131,3,0.5,3.52068
pdb3hob_M_original_CA_coordinates.csv,156,3,0.5,8.05973
pdb3zjf_A_original_CA_coordinates.csv,322,3,0.5,34.4786
pdb8tuv_A_original_CA_coordinates.csv,425,3,0.5,0.573255
pdb4ok3_A_original_CA_coordinates.csv,426,3,0.5,9.294
pdb5ii8_A_original_CA_coordinates.csv,131,3,0.5,3.24342
pdb5v0r_A_original_CA_coordinates.csv,145,3,0.5,7.99388
pdb7lp0_A_original_CA_coordinates.csv,111,3,0.5,0.252899
pdb3as5_A_original_CA_coordinates.csv,183,3,0.5,0.111522
pdb7bqi_A_original_CA_coordinates.csv,174,3,0.5,3.15999
pdb4yk9_A_original_CA_coordinates.csv,142,3,0.5,69.085
pdb4dl2_A_original_CA_coordinates.csv,428,3,0.5,0.554167
pdb6y4w_A_original_CA_coordinates.csv,341,3,0.5,278.684
pdb4ega_A_original_CA_coordinates.csv,522,3,0.5,2.77715
pdb3ndo_A_original_CA_coordinates.csv,225,3,0.5,0.589651
pdb1x7x_A_original_CA_coordinates.csv,370,3,0.5,3.40184
pdb6zzj_A_original_CA_coordinates.csv,240,3,0.5,58.1499
pdb2vfo_A_original_CA_coordinates.csv,555,3,0.5,443.287
pdb5q3r_A_original_CA_coordinates.csv,341,3,0.5,197.773
pdb7lmf_A_original_CA_coordinates.csv,305,3,0.5,75.927
pdb7vj6_A_original_CA_coordinates.csv,453,3,0.5,14.9115
pdb6n0q_A_original_CA_coordinates.csv,257,3,0.5,5.39453
pdb5moc_A_original_CA_coordinates.csv,227,3,0.5,19.8203
pdb3ugq_A_original_CA_coordinates.csv,426,3,0.5,2.4233
pdb2kct_A_original_CA_coordinates.csv,88,3,0.5,1.7387
pdb7trl_A_original_CA_coordinates.csv,90,3,0.5,20.5691
pdb1ak7_A_original_CA_coordinates.csv,174,3,0.5,0.753239
pdb1j7q_A_original_CA_coordinates.csv,86,3,0.5,0.406274
pdb2c0c_A_original_CA_coordinates.csv,353,3,0.5,1.46286
pdb5yrd_A_original_CA_coordinates.csv,241,3,0.5,8.8662
pdb3ch2_X_original_CA_coordinates.csv,256,3,0.5,1.00222
pdb6aw6_A_original_CA_coordinates.csv,216,3,0.5,41.727
pdb3vcz_A_original_CA_coordinates.csv,127,3,0.5,10.4578
pdb3x2k_A_original_CA_coordinates.csv,180,3,0.5,3.4831
pdb4qcd_A_original_CA_coordinates.csv,242,3,0.5,7.76263
pdb1z8m_A_original_CA_coordinates.csv,88,3,0.5,17.4291
pdb5r86_A_original_CA_coordinates.csv,149,3,0.5,6.40733
pdb4yvy_A_original_CA_coordinates.csv,256,3,0.5,10.211
pdb5hf1_A_original_CA_coordinates.csv,117,3,0.5,28.818
pdb7qwj_A_original_CA_coordinates.csv,298,3,0.5,2.45196
pdb7l3i_A_original_CA_coordinates.csv,162,3,0.5,0.120529
pdb5sua_A_original_CA_coordinates.csv,237,3,0.5,4.02985
pdb7p1q_A_original_CA_coordinates.csv,383,3,0.5,1.30175
pdb2lll_A_original_CA_coordinates.csv,121,3,0.5,5.10188
pdb4lil_A_original_CA_coordinates.csv,370,3,0.5,27.2209
pdb5c0u_A_original_CA_coordinates.csv,208,3,0.5,3.28597
pdb4w7k_A_original_CA_coordinates.csv,446,3,0.5,127.728
pdb1koi_A_original_CA_coordinates.csv,184,3,0.5,32.1979
pdb2c4e_A_original_CA_coordinates.csv,299,3,0.5,511.521
pdb5jcz_A_original_CA_coordinates.csv,172,3,0.5,4.98617
pdb7t5r_A_original_CA_coordinates.csv,257,3,0.5,0.165343
pdb4ptm_A_original_CA_coordinates.csv,397,3,0.5,59.5713
pdb6y80_A_original_CA_coordinates.csv,347,3,0.5,0.196465
pdb4dqj_A_original_CA_coordinates.csv,137,3,0.5,13.6756
pdb6tpc_A_original_CA_coordinates.csv,305,3,0.5,98.7644
pdb8d9c_A_original_CA_coordinates.csv,354,3,0.5,15.0184
pdb7mk3_A_original_CA_coordinates.csv,361,3,0.5,52.4589
pdb6pna_A_original_CA_coordinates.csv,415,3,0.5,26.4919
pdb3zpm_A_original_CA_coordinates.csv,211,3,0.5,42.5071
pdb3vg1_A_original_CA_coordinates.csv,376,3,0.5,34.2108
pdb6tbe_A_original_CA_coordinates.csv,116,3,0.5,8.76985
pdb5qrh_A_original_CA_coordinates.csv,171,3,0.5,25.7088
pdb3gt4_A_original_CA_coordinates.csv,279,3,0.5,2.43659
pdb4zcg_A_original_CA_coordinates.csv,342,3,0.5,24.8538
pdb5vcy_A_original_CA_coordinates.csv,296,3,0.5,2.07218
pdb5ymx_A_original_CA_coordinates.csv,202,3,0.5,4.66332
pdb7pj8_A_original_CA_coordinates.csv,161,3,0.5,37.3787
pdb1evq_A_original_CA_coordinates.csv,304,3,0.5,1.48531
pdb5gr2_A_original_CA_coordinates.csv,755,3,0.5,0.924678
pdb5nu9_A_original_CA_coordinates.csv,174,3,0.5,1.77503
pdb5ggi_A_original_CA_coordinates.csv,394,3,0.5,48.8666
pdb6l72_A_original_CA_coordinates.csv,294,3,0.5,167.533
pdb6ood_A_original_CA_coordinates.csv,155,3,0.5,2.66441
pdb5psl_A_original_CA_coordinates.csv,121,3,0.5,0.154449
pdb5kn9_A_original_CA_coordinates.csv,222,3,0.5,0.294898
pdb8pku_A_original_CA_coordinates.csv,290,3,0.5,6.70852
pdb3f1p_A_original_CA_coordinates.csv,114,3,0.5,0.590147
pdb5d7d_A_original_CA_coordinates.csv,193,3,0.5,3.03126
pdb6fmw_A_original_CA_coordinates.csv,270,3,0.5,3.17026
pdb6cf8_A_original_CA_coordinates.csv,510,3,0.5,4.48056
pdb7eyk_A_original_CA_coordinates.csv,92,3,0.5,15.5957
pdb4hh5_A_original_CA_coordinates.csv,163,3,0.5,0.720806
pdb5qzz_A_original_CA_coordinates.csv,237,3,0.5,62.4003
pdb1k0x_A_original_CA_coordinates.csv,108,3,0.5,5.97812
pdb2mxx_A_original_CA_coordinates.csv,179,3,0.5,17.751
pdb3ld3_A_original_CA_coordinates.csv,171,3,0.5,65.5582
pdb6np1_A_original_CA_coordinates.csv,268,3,0.5,637.767
pdb5reu_A_original_CA_coordinates.csv,304,3,0.5,4.36613
pdb2oym_A_original_CA_coordinates.csv,434,3,0.5,14.1899
pdb4pkr_A_original_CA_coordinates.csv,495,3,0.5,29.7628
pdb6ct3_A_original_CA_coordinates.csv,249,3,0.5,175.684
pdb2mg5_A_original_CA_coordinates.csv,148,3,0.5,0.194316
pdb8h5p_A_original_CA_coordinates.csv,306,3,0.5,11.8655
pdb7gd1_A_original_CA_coordinates.csv,304,3,0.5,8.44144
pdb4i8i_A_original_CA_coordinates.csv,250,3,0.5,59.0266
pdb7fo7_A_original_CA_coordinates.csv,237,3,0.5,5.16662
pdb5tcw_A_original_CA_coordinates.csv,298,3,0.5,91.3986
pdb2osr_A_original_CA_coordinates.csv,87,3,0.5,2.21953
pdb5s2a_A_original_CA_coordinates.csv,165,3,0.5,10.6173
pdb4qqs_A_original_CA_coordinates.csv,312,3,0.5,8.60731
pdb3pa4_A_original_CA_coordinates.csv,257,3,0.5,52.2189
pdb7zww_A_original_CA_coordinates.csv,131,3,0.5,3.66541
pdb4irl_A_original_CA_coordinates.csv,462,3,0.5,43.8715
pdb2zby_A_original_CA_coordinates.csv,400,3,0.5,70.8944
pdb2rei_A_original_CA_coordinates.csv,277,3,0.5,19.8405
pdb1yux_A_original_CA_coordinates.csv,200,3,0.5,13.7859
pdb4qu0_A_original_CA_coordinates.csv,240,3,0.5,47.614
pdb8fqq_A_original_CA_coordinates.csv,355,3,0.5,46.0334
pdb7bpl_A_original_CA_coordinates.csv,110,3,0.5,7.19833
pdb5ujp_A_original_CA_coordinates.csv,112,3,0.5,5.2107
pdb3c72_A_original_CA_coordinates.csv,306,3,0.5,1.43836
pdb6ojx_A_original_CA_coordinates.csv,353,3,0.5,13.058
pdb5cno_A_original_CA_coordinates.csv,300,3,0.5,22.92
pdb5pfi_A_original_CA_coordinates.csv,115,3,0.5,100.424
pdb6gmi_A_original_CA_coordinates.csv,120,3,0.5,15.9994
pdb4baj_A_original_CA_coordinates.csv,366,3,0.5,335.495
pdb5iqs_A_original_CA_coordinates.csv,280,3,0.5,2.55469
pdb2y3h_A_original_CA_coordinates.csv,110,3,0.5,0.068584
pdb5hyq_A_original_CA_coordinates.csv,213,3,0.5,34.2168
pdb2hpg_A_original_CA_coordinates.csv,308,3,0.5,5.80784
pdb3f9t_A_original_CA_coordinates.csv,385,3,0.5,5.3183
pdb2dlx_A_original_CA_coordinates.csv,153,3,0.5,102.743
pdb1ug2_A_original_CA_coordinates.csv,95,3,0.5,0.652341
pdb4cyq_A_original_CA_coordinates.csv,411,3,0.5,4.70454
pdb5weq_A_original_CA_coordinates.csv,211,3,0.5,1.32112
pdb4udt_A_original_CA_coordinates.csv,202,3,0.5,0.250995
pdb6imu_A_original_CA_coordinates.csv,494,3,0.5,18.3839
pdb6xr7_A_original_CA_coordinates.csv,287,3,0.5,8.98253
pdb6dg1_A_original_CA_coordinates.csv,105,3,0.5,1.7594
pdb3q5o_A_original_CA_coordinates.csv,100,3,0.5,10.9116
pdb6xu3_A_original_CA_coordinates.csv,320,3,0.5,0.999927
pdb7epj_A_original_CA_coordinates.csv,101,3,0.5,15.0814
pdb3ihg_A_original_CA_coordinates.csv,535,3,0.5,12.2333
pdb3t7f_A_original_CA_coordinates.csv,288,3,0.5,30.0892
pdb2ppe_A_original_CA_coordinates.csv,336,3,0.5,5.64119
pdb5z9k_A_original_CA_coordinates.csv,123,3,0.5,37.0614
pdb4axb_A_original_CA_coordinates.csv,526,3,0.5,11.2158
pdb2m8t_A_original_CA_coordinates.csv,112,3,0.5,4.81531
pdb5c0f_A_original_CA_coordinates.csv,277,3,0.5,61.8349
pdb4azd_A_original_CA_coordinates.csv,122,3,0.5,0.809199
pdb7puf_A_original_CA_coordinates.csv,295,3,0.5,4.89695
pdb5cgk_A_original_CA_coordinates.csv,129,3,0.5,0.712407
pdb5fmd_A_original_CA_coordinates.csv,624,3,0.5,3.51958
pdb6tol_A_original_CA_coordinates.csv,130,3,0.5,0.282606
pdb8k9y_A_original_CA_coordinates.csv,322,3,0.5,0.104568
pdb7b8b_A_original_CA_coordinates.csv,369,3,0.5,81.056
pdb6zy1_A_original_CA_coordinates.csv,700,3,0.5,1.62025
pdb5kph_A_original_CA_coordinates.csv,85,3,0.5,0.209666
pdb7lv1_C_original_CA_coordinates.csv,106,3,0.5,7.81019
pdb5qet_A_original_CA_coordinates.csv,282,3,0.5,8.75234
pdb2cp3_A_original_CA_coordinates.csv,84,3,0.5,1.92264
pdb5vgl_A_original_CA_coordinates.csv,154,3,0.5,12.2743
pdb6qsp_A_original_CA_coordinates.csv,399,3,0.5,1.65781
pdb3cxg_A_original_CA_coordinates.csv,122,3,0.5,3.99191
pdb8ghy_A_original_CA_coordinates.csv,362,3,0.5,66.1673
pdb6v6o_D_original_CA_coordinates.csv,314,3,0.5,12.2402
pdb6thj_A_original_CA_coordinates.csv,139,3,0.5,2.33227
pdb4r8s_A_original_CA_coordinates.csv,256,3,0.5,1.50742
pdb7sjb_A_original_CA_coordinates.csv,137,3,0.5,4.79187
pdb6djg_A_original_CA_coordinates.csv,438,3,0.5,1.18643
pdb6x1r_A_original_CA_coordinates.csv,94,3,0.5,2.80327
pdb4iv0_A_original_CA_coordinates.csv,263,3,0.5,4.4819
pdb2agt_A_original_CA_coordinates.csv,316,3,0.5,23.3287
pdb3s2v_A_original_CA_coordinates.csv,254,3,0.5,59.3264
pdb3gqs_A_original_CA_coordinates.csv,100,3,0.5,3.98606
pdb7u9f_A_original_CA_coordinates.csv,454,3,0.5,18.3843
pdb2hqn_A_original_CA_coordinates.csv,109,3,0.5,0.339244
pdb4c9n_A_original_CA_coordinates.csv,408,3,0.5,33.096
pdb5vyo_A_original_CA_coordinates.csv,189,3,0.5,12.4338
pdb5pd2_A_original_CA_coordinates.csv,115,3,0.5,0.157146
pdb2gvi_A_original_CA_coordinates.csv,195,3,0.5,2.08543
pdb2z59_A_original_CA_coordinates.csv,109,3,0.5,75.7477
pdb4key_A_original_CA_coordinates.csv,450,3,0.5,62.7678
pdb6pfs_A_original_CA_coordinates.csv,228,3,0.5,75.2664
pdb4ebj_A_original_CA_coordinates.csv,254,3,0.5,6.91164
pdb7s8z_A_original_CA_coordinates.csv,209,3,0.5,4.54891
pdb5tg4_A_original_CA_coordinates.csv,242,3,0.5,81.4584
pdb3lho_A_original_CA_coordinates.csv,250,3,0.5,1.2567
pdb5rfa_A_original_CA_coordinates.csv,301,3,0.5,85.0298
pdb4ttp_A_original_CA_coordinates.csv,201,3,0.5,2.15099
pdb5hqj_A_original_CA_coordinates.csv,280,3,0.5,15.0212
pdb8duy_A_original_CA_coordinates.csv,390,3,0.5,8.79086
pdb5qpt_A_original_CA_coordinates.csv,360,3,0.5,3.7064
pdb7ajw_A_original_CA_coordinates.csv,329,3,0.5,12.041
pdb5uih_A_original_CA_coordinates.csv,159,3,0.5,27.3985
pdb6zsk_A_original_CA_coordinates.csv,136,3,0.5,137.411
pdb6gpw_A_original_CA_coordinates.csv,209,3,0.5,4.89157
pdb4gt6_A_original_CA_coordinates.csv,374,3,0.5,0.0324504
pdb6xuj_A_original_CA_coordinates.csv,224,3,0.5,34.8771
pdb6vdl_A_original_CA_coordinates.csv,200,3,0.5,5.07832
pdb3fhf_A_original_CA_coordinates.csv,212,3,0.5,63.6974
pdb3mmf_A_original_CA_coordinates.csv,257,3,0.5,1.04554
pdb3vb4_A_original_CA_coordinates.csv,301,3,0.5,0.316735
pdb7vhe_A_original_CA_coordinates.csv,283,3,0.5,22.4584
pdb2eqy_A_original_CA_coordinates.csv,122,3,0.5,0.608675
pdb3v2o_A_original_CA_coordinates.csv,158,3,0.5,14.7503
pdb1pl8_A_original_CA_coordinates.csv,356,3,0.5,178.009
pdb6nkb_A_original_CA_coordinates.csv,227,3,0.5,72.6015
pdb5b78_A_original_CA_coordinates.csv,119,3,0.5,0.382584
pdb6etp_A_original_CA_coordinates.csv,124,3,0.5,0.267185
pdb4xv6_A_original_CA_coordinates.csv,289,3,0.5,1.20058
pdb7f51_A_original_CA_coordinates.csv,287,3,0.5,8.45067
pdb3ha8_A_original_CA_coordinates.csv,342,3,0.5,9.38813
pdb6lje_A_original_CA_coordinates.csv,101,3,0.5,12.6564
pdb8cj5_A_original_CA_coordinates.csv,908,3,0.5,0.0311701
pdb5elv_A_original_CA_coordinates.csv,263,3,0.5,49.9601
pdb3d53_A_original_CA_coordinates.csv,170,3,0.5,1.79378
pdb8em5_A_original_CA_coordinates.csv,92,3,0.5,50.393
pdb4f10_A_original_CA_coordinates.csv,353,3,0.5,3.05639
pdb3lat_A_original_CA_coordinates.csv,207,3,0.5,0.291047
pdb4e3m_A_original_CA_coordinates.csv,358,3,0.5,47.1166
pdb5wa9_A_original_CA_coordinates.csv,115,3,0.5,0.898784
pdb4uuo_A_original_CA_coordinates.csv,328,3,0.5,23.3886
pdb4prn_A_original_CA_coordinates.csv,276,3,0.5,45.3664
pdb7bnh_A_original_CA_coordinates.csv,96,3,0.5,1.1009
pdb5oss_A_original_CA_coordinates.csv,443,3,0.5,12.6101
pdb5zha_A_original_CA_coordinates.csv,263,3,0.5,1.81921
pdb5g1x_A_original_CA_coordinates.csv,262,3,0.5,0.574237
pdb7aq3_A_original_CA_coordinates.csv,568,3,0.5,282.922
pdb5yum_A_original_CA_coordinates.csv,91,3,0.5,7.32517
pdb7s0n_A_original_CA_coordinates.csv,122,3,0.5,2.14151
pdb4c73_A_original_CA_coordinates.csv,414,3,0.5,61.149
pdb3fgy_A_original_CA_coordinates.csv,132,3,0.5,8.83187
pdb2bbh_A_original_CA_coordinates.csv,220,3,0.5,0.193557
pdb7p27_A_original_CA_coordinates.csv,160,3,0.5,0.289477
pdb4ysa_A_original_CA_coordinates.csv,294,3,0.5,135.892
pdb8fdl_A_original_CA_coordinates.csv,141,3,0.5,15.1724
pdb3ifo_H_original_CA_coordinates.csv,216,3,0.5,59.4252
pdb5qdn_A_original_CA_coordinates.csv,282,3,0.5,2.71884
pdb5nci_A_original_CA_coordinates.csv,262,3,0.5,2.43282
pdb6smw_A_original_CA_coordinates.csv,475,3,0.5,56.5211
pdb3on7_A_original_CA_coordinates.csv,263,3,0.5,31.3586
pdb3gpu_A_original_CA_coordinates.csv,251,3,0.5,0.100622
pdb6jym_A_original_CA_coordinates.csv,704,3,0.5,0.410441
pdb4d3a_A_original_CA_coordinates.csv,404,3,0.5,3.91091
pdb7vzq_A_original_CA_coordinates.csv,674,3,0.5,0.020178
pdb3u0x_A_original_CA_coordinates.csv,290,3,0.5,0.727103
pdb4y3d_A_original_CA_coordinates.csv,330,3,0.5,33.6683
pdb3nok_A_original_CA_coordinates.csv,234,3,0.5,12.9125
pdb8bbu_A_original_CA_coordinates.csv,121,3,0.5,5.17409
pdb6yea_A_original_CA_coordinates.csv,170,3,0.5,49.7786
pdb4hno_A_original_CA_coordinates.csv,285,3,0.5,2.35428
pdb5ub4_A_original_CA_coordinates.csv,278,3,0.5,1.53394
pdb4fb1_A_original_CA_coordinates.csv,354,3,0.5,7.74945
pdb2vw5_A_original_CA_coordinates.csv,214,3,0.5,193.151
pdb4xvt_G_original_CA_coordinates.csv,341,3,0.5,6.4019
pdb1snr_A_original_CA_coordinates.csv,336,3,0.5,9.16119
pdb5aoh_A_original_CA_coordinates.csv,265,3,0.5,52.43
pdb5wk0_A_original_CA_coordinates.csv,156,3,0.5,4.25104
pdb4gk1_A_original_CA_coordinates.csv,134,3,0.5,36.3321
pdb2mm3_A_original_CA_coordinates.csv,127,3,0.5,0.767542
pdb4ied_A_original_CA_coordinates.csv,241,3,0.5,5.36617
pdb7o82_A_original_CA_coordinates.csv,437,3,0.5,1134.21
pdb3bgv_A_original_CA_coordinates.csv,269,3,0.5,246.772
pdb3m2i_A_original_CA_coordinates.csv,291,3,0.5,0.666736
pdb6zu3_A_original_CA_coordinates.csv,230,3,0.5,25.5799
pdb3o6h_A_original_CA_coordinates.csv,261,3,0.5,44.8361
pdb5ugf_A_original_CA_coordinates.csv,286,3,0.5,0.986377
pdb5wof_A_original_CA_coordinates.csv,84,3,0.5,0.140238
pdb3dhj_A_original_CA_coordinates.csv,100,3,0.5,2.77997
pdb4z6b_A_original_CA_coordinates.csv,282,3,0.5,46.5069
pdb5sha_A_original_CA_coordinates.csv,313,3,0.5,59.7343
pdb4l7e_A_original_CA_coordinates.csv,180,3,0.5,24.5043
pdb3n7c_A_original_CA_coordinates.csv,107,3,0.5,0.823347
pdb3vo0_A_original_CA_coordinates.csv,466,3,0.5,240.4
pdb7gbt_A_original_CA_coordinates.csv,304,3,0.5,2.34064
pdb3c6x_A_original_CA_coordinates.csv,256,3,0.5,1.48127
pdb4wnk_A_original_CA_coordinates.csv,499,3,0.5,13.2795
pdb6eu6_A_original_CA_coordinates.csv,405,3,0.5,12.4351
pdb3fse_A_original_CA_coordinates.csv,328,3,0.5,3.41433
pdb6l4n_A_original_CA_coordinates.csv,90,3,0.5,161.528
pdb1j8b_A_original_CA_coordinates.csv,85,3,0.5,0.0776815
pdb2d9f_A_original_CA_coordinates.csv,135,3,0.5,2.00049
pdb2vxv_H_original_CA_coordinates.csv,214,3,0.5,92.2704
pdb6qqi_A_original_CA_coordinates.csv,116,3,0.5,3.50248
pdb8oiv_A_original_CA_coordinates.csv,293,3,0.5,30.0723
pdb2x9f_A_original_CA_coordinates.csv,265,3,0.5,12.5606
pdb6pob_A_original_CA_coordinates.csv,416,3,0.5,48.2858
pdb7zp0_A_original_CA_coordinates.csv,217,3,0.5,1.88678
pdb4hez_A_original_CA_coordinates.csv,257,3,0.5,86.0225
pdb8clh_A_original_CA_coordinates.csv,439,3,0.5,0.839335
pdb4nyw_A_original_CA_coordinates.csv,116,3,0.5,0.191801
pdb6qi1_A_original_CA_coordinates.csv,297,3,0.5,2.98007
pdb6h7f_A_original_CA_coordinates.csv,671,3,0.5,212.898
pdb6i0b_A_original_CA_coordinates.csv,526,3,0.5,0.566336
pdb2m1u_A_original_CA_coordinates.csv,93,3,0.5,11.6156
pdb6s8v_A_original_CA_coordinates.csv,172,3,0.5,1.01671
pdb4nqg_A_original_CA_coordinates.csv,197,3,0.5,5.75044
pdb8j5a_A_original_CA_coordinates.csv,172,3,0.5,17.2148
pdb5rkv_A_original_CA_coordinates.csv,119,3,0.5,6.87029
pdb5a30_A_original_CA_coordinates.csv,463,3,0.5,21.8185
pdb4rq4_A_original_CA_coordinates.csv,326,3,0.5,88.6056
pdb7kid_A_original_CA_coordinates.csv,625,3,0.5,1.76918
pdb2jqj_A_original_CA_coordinates.csv,141,3,0.5,13.163
pdb5o72_A_original_CA_coordinates.csv,255,3,0.5,71.3714
pdb8hq4_A_original_CA_coordinates.csv,209,3,0.5,30.9848
pdb5sfc_A_original_CA_coordinates.csv,312,3,0.5,0.157805
pdb4kcr_A_original_CA_coordinates.csv,404,3,0.5,113.007
pdb2ya8_A_original_CA_coordinates.csv,470,3,0.5,177.095
pdb6n0u_A_original_CA_coordinates.csv,295,3,0.5,10.8534
pdb4kv7_A_original_CA_coordinates.csv,360,3,0.5,2.44003
pdb5nid_A_original_CA_coordinates.csv,609,3,0.5,0.860121
pdb2xd5_A_original_CA_coordinates.csv,469,3,0.5,5.66044
pdb2cks_A_original_CA_coordinates.csv,305,3,0.5,37.4147
pdb4xmx_A_original_CA_coordinates.csv,866,3,0.5,80.7302
pdb3n7t_A_original_CA_coordinates.csv,241,3,0.5,5.57751
pdb3rd5_A_original_CA_coordinates.csv,268,3,0.5,12.7835
pdb3hp8_A_original_CA_coordinates.csv,107,3,0.5,1.77234
pdb5pvr_A_original_CA_coordinates.csv,121,3,0.5,6.07027
pdb6rml_B_original_CA_coordinates.csv,278,3,0.5,25.9514
pdb5udy_A_original_CA_coordinates.csv,388,3,0.5,2.41907
pdb3rhr_A_original_CA_coordinates.csv,498,3,0.5,17.102
pdb3ap9_A_original_CA_coordinates.csv,151,3,0.5,6.43485
pdb5pu7_A_original_CA_coordinates.csv,121,3,0.5,3.01524
pdb5fac_A_original_CA_coordinates.csv,383,3,0.5,54.2535
pdb2ptx_A_original_CA_coordinates.csv,431,3,0.5,22.8366
pdb8gbz_H_original_CA_coordinates.csv,208,3,0.5,4.75929
pdb7fx9_A_original_CA_coordinates.csv,133,3,0.5,3.39902
pdb8qm1_A_original_CA_coordinates.csv,412,3,0.5,13.1889
pdb6kwu_O_original_CA_coordinates.csv,245,3,0.5,7.97771
pdb2oyz_A_original_CA_coordinates.csv,92,3,0.5,87.7919
pdb4x09_A_original_CA_coordinates.csv,128,3,0.5,3.3171
pdb5fhw_A_original_CA_coordinates.csv,129,3,0.5,4.88029
pdb4rv5_A_original_CA_coordinates.csv,363,3,0.5,0.232091
pdb2vot_A_original_CA_coordinates.csv,837,3,0.5,0.932825
pdb5s7f_A_original_CA_coordinates.csv,283,3,0.5,6.20466
pdb7a0l_A_original_CA_coordinates.csv,295,3,0.5,349.383
pdb4dp2_X_original_CA_coordinates.csv,99,3,0.5,0.115887
pdb4qtc_A_original_CA_coordinates.csv,330,3,0.5,77.5071
pdb4xal_A_original_CA_coordinates.csv,90,3,0.5,7.28252
pdb4v3m_A_original_CA_coordinates.csv,135,3,0.5,4.18314
pdb3rqj_A_original_CA_coordinates.csv,407,3,0.5,16.2958
pdb5bjv_A_original_CA_coordinates.csv,339,3,0.5,8.95951
pdb5ps7_A_original_CA_coordinates.csv,121,3,0.5,0.267529
pdb8azy_A_original_CA_coordinates.csv,170,3,0.5,46.4188
pdb4xhs_A_original_CA_coordinates.csv,452,3,0.5,45.1596
pdb2xms_A_original_CA_coordinates.csv,281,3,0.5,32.7403
pdb5pul_A_original_CA_coordinates.csv,121,3,0.5,0.413606
pdb6qhs_A_original_CA_coordinates.csv,297,3,0.5,18.7898
pdb5h3m_A_original_CA_coordinates.csv,133,3,0.5,1.24179
pdb4nug_L_original_CA_coordinates.csv,213,3,0.5,1.09464
pdb4g31_A_original_CA_coordinates.csv,248,3,0.5,11.7219
pdb2n9i_A_original_CA_coordinates.csv,104,3,0.5,3.98252
pdb5exp_A_original_CA_coordinates.csv,250,3,0.5,36.0579
pdb3juh_A_original_CA_coordinates.csv,334,3,0.5,549.888
pdb6g7n_A_original_CA_coordinates.csv,318,3,0.5,32.865
pdb6i6v_A_original_CA_coordinates.csv,266,3,0.5,45.9264
pdb2ozj_A_original_CA_coordinates.csv,106,3,0.5,1.02284
pdb6o7m_A_original_CA_coordinates.csv,477,3,0.5,0.45898
pdb5h2p_A_original_CA_coordinates.csv,231,3,0.5,4.8894
pdb5fsu_A_original_CA_coordinates.csv,235,3,0.5,1.79263
pdb3cou_A_original_CA_coordinates.csv,180,3,0.5,109.299
pdb6hai_A_original_CA_coordinates.csv,212,3,0.5,24.2073
pdb8gck_B_original_CA_coordinates.csv,128,3,0.5,1.69478
pdb2kjl_A_original_CA_coordinates.csv,107,3,0.5,2.00097
pdb5ram_A_original_CA_coordinates.csv,340,3,0.5,170.913
pdb4n94_A_original_CA_coordinates.csv,360,3,0.5,73.7564
pdb6bq7_A_original_CA_coordinates.csv,292,3,0.5,0.855494
pdb6elv_A_original_CA_coordinates.csv,134,3,0.5,2.14008
pdb4h09_A_original_CA_coordinates.csv,368,3,0.5,156.532
pdb7q9o_A_original_CA_coordinates.csv,113,3,0.5,31.5999
pdb6c1b_A_original_CA_coordinates.csv,265,3,0.5,3.23629
pdb6jtd_A_original_CA_coordinates.csv,477,3,0.5,138.949
pdb3czt_X_original_CA_coordinates.csv,91,3,0.5,0.0491039
pdb5i5p_A_original_CA_coordinates.csv,306,3,0.5,2.35697
pdb5aul_A_original_CA_coordinates.csv,108,3,0.5,0.0222382
pdb5a14_A_original_CA_coordinates.csv,284,3,0.5,0.0917748
pdb6uhl_A_original_CA_coordinates.csv,224,3,0.5,192.162
pdb5p93_A_original_CA_coordinates.csv,213,3,0.5,0.0751531
pdb5hi7_A_original_CA_coordinates.csv,426,3,0.5,26.0193
pdb3pby_A_original_CA_coordinates.csv,219,3,0.5,5.86483
pdb6qa6_A_original_CA_coordinates.csv,810,3,0.5,0.0253908
pdb5ilv_A_original_CA_coordinates.csv,92,3,0.5,35.7595
pdb3nle_A_original_CA_coordinates.csv,404,3,0.5,8.98033
pdb5pcu_A_original_CA_coordinates.csv,115,3,0.5,45.1632
pdb5w4g_B_original_CA_coordinates.csv,425,3,0.5,0.0378432
pdb3zm0_A_original_CA_coordinates.csv,261,3,0.5,183.934
pdb5h8z_A_original_CA_coordinates.csv,358,3,0.5,0.152171
pdb7e0e_A_original_CA_coordinates.csv,149,3,0.5,6.26746
pdb5g3o_A_original_CA_coordinates.csv,276,3,0.5,84.1506
pdb4cxo_A_original_CA_coordinates.csv,255,3,0.5,1.82454
pdb6rj4_B_original_CA_coordinates.csv,269,3,0.5,0.266743
pdb7agz_A_original_CA_coordinates.csv,386,3,0.5,1.88138
pdb5tbs_A_original_CA_coordinates.csv,284,3,0.5,80.7798
pdb4gyy_A_original_CA_coordinates.csv,693,3,0.5,1.93908
pdb8uzn_A_original_CA_coordinates.csv,488,3,0.5,92.2883
pdb6pxn_A_original_CA_coordinates.csv,290,3,0.5,459.732
pdb5ld0_A_original_CA_coordinates.csv,206,3,0.5,20.2372
pdb2k9z_A_original_CA_coordinates.csv,89,3,0.5,1.49219
pdb3hyz_A_original_CA_coordinates.csv,204,3,0.5,7.95021
pdb5pic_A_original_CA_coordinates.csv,331,3,0.5,46.5271
pdb3umh_A_original_CA_coordinates.csv,180,3,0.5,93.4068
pdb6hzz_A_original_CA_coordinates.csv,511,3,0.5,418.228
pdb4brs_A_original_CA_coordinates.csv,342,3,0.5,0.642068
pdb6vo5_A_original_CA_coordinates.csv,319,3,0.5,54.6848
pdb6nsf_A_original_CA_coordinates.csv,317,3,0.5,0.386888
pdb6fk3_A_original_CA_coordinates.csv,530,3,0.5,31.6415
pdb2yne_A_original_CA_coordinates.csv,384,3,0.5,347.167
pdb4hze_A_original_CA_coordinates.csv,306,3,0.5,4.60216
pdb7myp_A_original_CA_coordinates.csv,99,3,0.5,3.43726
pdb3dxl_A_original_CA_coordinates.csv,299,3,0.5,68.0199
pdb5aou_A_original_CA_coordinates.csv,240,3,0.5,0.912901
pdb8f4k_A_original_CA_coordinates.csv,334,3,0.5,1.23754
pdb8dl4_A_original_CA_coordinates.csv,525,3,0.5,421.93
pdb2uyu_A_original_CA_coordinates.csv,274,3,0.5,42.1557
pdb6jcl_A_original_CA_coordinates.csv,218,3,0.5,35.8903
pdb6qhx_A_original_CA_coordinates.csv,296,3,0.5,10.0901
pdb5fxs_A_original_CA_coordinates.csv,308,3,0.5,22.5112
pdb4jk7_A_original_CA_coordinates.csv,221,3,0.5,0.263644
pdb4qa3_A_original_CA_coordinates.csv,365,3,0.5,19.0477
pdb4rha_A_original_CA_coordinates.csv,130,3,0.5,39.6542
pdb7xlz_A_original_CA_coordinates.csv,241,3,0.5,1.19504
pdb2xgw_A_original_CA_coordinates.csv,166,3,0.5,0.0988519
pdb7lpv_A_original_CA_coordinates.csv,279,3,0.5,4.52154
pdb4bo7_A_original_CA_coordinates.csv,238,3,0.5,5.01822
pdb8ov4_A_original_CA_coordinates.csv,301,3,0.5,93.0092
pdb2osw_A_original_CA_coordinates.csv,433,3,0.5,0.604841
pdb7abs_A_original_CA_coordinates.csv,359,3,0.5,90.0402
pdb6uz6_A_original_CA_coordinates.csv,285,3,0.5,6.87613
pdb5q3l_A_original_CA_coordinates.csv,341,3,0.5,2.54667
pdb8te1_A_original_CA_coordinates.csv,273,3,0.5,14.2528
pdb5vej_A_original_CA_coordinates.csv,327,3,0.5,17.6384
pdb1vl1_A_original_CA_coordinates.csv,218,3,0.5,0.230098
pdb8cdq_A_original_CA_coordinates.csv,813,3,0.5,0.542916
pdb6mi5_X_original_CA_coordinates.csv,117,3,0.5,0.247523
pdb7jy0_A_original_CA_coordinates.csv,141,3,0.5,5.93368
pdb4fuf_A_original_CA_coordinates.csv,246,3,0.5,249.557
pdb4e5a_X_original_CA_coordinates.csv,332,3,0.5,106.746
pdb2rrf_A_original_CA_coordinates.csv,141,3,0.5,3.18299
pdb3c8l_A_original_CA_coordinates.csv,115,3,0.5,14.154
pdb5j5z_A_original_CA_coordinates.csv,477,3,0.5,47.506
pdb7ppg_A_original_CA_coordinates.csv,467,3,0.5,0.524257
pdb8ppd_A_original_CA_coordinates.csv,270,3,0.5,2.94067
pdb4jbv_A_original_CA_coordinates.csv,458,3,0.5,10.6292
pdb7c6h_A_original_CA_coordinates.csv,420,3,0.5,31.0629
pdb5h7k_A_original_CA_coordinates.csv,367,3,0.5,402.989
pdb6sfj_A_original_CA_coordinates.csv,341,3,0.5,12.7965
pdb8u98_A_original_CA_coordinates.csv,391,3,0.5,0.379982
pdb7prq_A_original_CA_coordinates.csv,304,3,0.5,16.6472
pdb6emq_A_original_CA_coordinates.csv,165,3,0.5,0.132398
pdb3omu_A_original_CA_coordinates.csv,208,3,0.5,6.56496
pdb5q5m_A_original_CA_coordinates.csv,341,3,0.5,7.43893
pdb7jif_A_original_CA_coordinates.csv,166,3,0.5,1.19877
pdb6bs0_A_original_CA_coordinates.csv,272,3,0.5,10.6933
pdb7vkm_A_original_CA_coordinates.csv,300,3,0.5,64.8451
pdb6ly4_A_original_CA_coordinates.csv,450,3,0.5,21.1089
pdb6fcb_A_original_CA_coordinates.csv,380,3,0.5,12.3403
pdb6anx_A_original_CA_coordinates.csv,125,3,0.5,3.19871
pdb1w5m_A_original_CA_coordinates.csv,329,3,0.5,3.44144
pdb4mg3_A_original_CA_coordinates.csv,142,3,0.5,11.4524
pdb5vrv_A_original_CA_coordinates.csv,307,3,0.5,101.886
pdb7b2w_A_original_CA_coordinates.csv,531,3,0.5,101.23
pdb4hb4_A_original_CA_coordinates.csv,209,3,0.5,8.45102
pdb3efb_A_original_CA_coordinates.csv,239,3,0.5,3.74537
pdb7ppn_A_original_CA_coordinates.csv,279,3,0.5,44.626
pdb6pn4_A_original_CA_coordinates.csv,411,3,0.5,10.448
pdb3dlx_A_original_CA_coordinates.csv,470,3,0.5,0.101383
pdb4l2h_A_original_CA_coordinates.csv,436,3,0.5,2.15593
pdb5c7y_A_original_CA_coordinates.csv,266,3,0.5,0.150111
pdb2m1w_A_original_CA_coordinates.csv,166,3,0.5,10.5257
pdb4lh1_A_original_CA_coordinates.csv,534,3,0.5,245.783
pdb5l18_A_original_CA_coordinates.csv,388,3,0.5,21.947
pdb3n4y_A_original_CA_coordinates.csv,97,3,0.5,1.6271
pdb1usn_A_original_CA_coordinates.csv,165,3,0.5,0.698764
pdb5q14_A_original_CA_coordinates.csv,230,3,0.5,60.2578
pdb2duh_A_original_CA_coordinates.csv,225,3,0.5,0.772913
pdb5kcc_A_original_CA_coordinates.csv,237,3,0.5,71.0517
pdb3tbb_A_original_CA_coordinates.csv,279,3,0.5,90.0955
pdb1bn6_A_original_CA_coordinates.csv,291,3,0.5,1.88708
pdb5zn2_A_original_CA_coordinates.csv,324,3,0.5,5.99738
pdb8d6l_A_original_CA_coordinates.csv,133,3,0.5,1.34897
pdb6d2y_A_original_CA_coordinates.csv,416,3,0.5,35.9329
pdb4u6q_A_original_CA_coordinates.csv,328,3,0.5,7.42621
pdb2hm8_A_original_CA_coordinates.csv,136,3,0.5,10.3031
pdb5hwm_A_original_CA_coordinates.csv,304,3,0.5,1.63205
pdb4y31_A_original_CA_coordinates.csv,150,3,0.5,1.79934
pdb3nvs_A_original_CA_coordinates.csv,426,3,0.5,2.51742
pdb4qgp_A_original_CA_coordinates.csv,106,3,0.5,17.3515
pdb5f6b_A_original_CA_coordinates.csv,133,3,0.5,21.2627
pdb7vmw_A_original_CA_coordinates.csv,296,3,0.5,10.4133
pdb7xbs_A_original_CA_coordinates.csv,484,3,0.5,4.67983
pdb6bt9_A_original_CA_coordinates.csv,625,3,0.5,0.719012
pdb2kkl_A_original_CA_coordinates.csv,140,3,0.5,3.75104
pdb3irv_A_original_CA_coordinates.csv,213,3,0.5,4.45656
pdb7qr6_A_original_CA_coordinates.csv,471,3,0.5,6.16704
pdb5quq_A_original_CA_coordinates.csv,218,3,0.5,0.683572
pdb2glz_A_original_CA_coordinates.csv,147,3,0.5,5.99788
pdb5e7b_A_original_CA_coordinates.csv,126,3,0.5,0.371644
pdb7tn4_A_original_CA_coordinates.csv,134,3,0.5,10.24
pdb2r2d_A_original_CA_coordinates.csv,276,3,0.5,8.54842
pdb6x4i_A_original_CA_coordinates.csv,348,3,0.5,0.759718
pdb3dog_A_original_CA_coordinates.csv,297,3,0.5,0.518538
pdb5rv6_A_original_CA_coordinates.csv,167,3,0.5,65.8782
pdb7nuk_A_original_CA_coordinates.csv,305,3,0.5,0.289977
pdb7jr2_A_original_CA_coordinates.csv,220,3,0.5,0.781798
pdb2yb7_A_original_CA_coordinates.csv,140,3,0.5,1.38973
pdb8bow_A_original_CA_coordinates.csv,692,3,0.5,3.3831
pdb1o3i_A_original_CA_coordinates.csv,219,3,0.5,0.0365716
pdb8gdh_A_original_CA_coordinates.csv,114,3,0.5,6.01476
pdb7en0_A_original_CA_coordinates.csv,313,3,0.5,52.5711
pdb7am8_A_original_CA_coordinates.csv,267,3,0.5,0.312835
pdb4dxf_A_original_CA_coordinates.csv,194,3,0.5,0.461343
pdb2wbx_A_original_CA_coordinates.csv,102,3,0.5,7.56094
pdb2c71_A_original_CA_coordinates.csv,205,3,0.5,32.367
pdb1h9j_A_original_CA_coordinates.csv,145,3,0.5,21.511
pdb1r4y_A_original_CA_coordinates.csv,136,3,0.5,4.79743
pdb3wd0_A_original_CA_coordinates.csv,498,3,0.5,43.2769
pdb6omy_A_original_CA_coordinates.csv,297,3,0.5,5.35748
pdb5vq0_A_original_CA_coordinates.csv,160,3,0.5,4.42596
pdb7mfk_A_original_CA_coordinates.csv,885,3,0.5,2.23285
pdb4gm4_A_original_CA_coordinates.csv,525,3,0.5,43.6998
pdb2dj0_A_original_CA_coordinates.csv,137,3,0.5,3.61264
pdb6rte_A_original_CA_coordinates.csv,464,3,0.5,7.14394
pdb8yjj_A_original_CA_coordinates.csv,183,3,0.5,18.6042
pdb4u9k_A_original_CA_coordinates.csv,187,3,0.5,0.897845
pdb5yql_A_original_CA_coordinates.csv,296,3,0.5,13.7527
pdb3w7v_A_original_CA_coordinates.csv,219,3,0.5,0.747105
pdb5kl2_A_original_CA_coordinates.csv,88,3,0.5,2.34504
pdb1qlk_A_original_CA_coordinates.csv,92,3,0.5,0.256761
pdb4d6q_A_original_CA_coordinates.csv,330,3,0.5,1.81817
pdb3fgv_A_original_CA_coordinates.csv,91,3,0.5,11.4118
pdb5q4w_A_original_CA_coordinates.csv,341,3,0.5,0.219623
pdb3r90_A_original_CA_coordinates.csv,185,3,0.5,0.164492
pdb3lmt_A_original_CA_coordinates.csv,162,3,0.5,118.691
pdb7k0h_A_original_CA_coordinates.csv,298,3,0.5,4.4238
pdb4rsc_A_original_CA_coordinates.csv,504,3,0.5,0.135636
pdb4zvm_A_original_CA_coordinates.csv,230,3,0.5,48.6312
pdb1wx6_A_original_CA_coordinates.csv,91,3,0.5,15.7082
pdb2xl8_A_original_CA_coordinates.csv,125,3,0.5,17.252
pdb3ju5_A_original_CA_coordinates.csv,350,3,0.5,3.40937
pdb4rz4_A_original_CA_coordinates.csv,220,3,0.5,62.2576
pdb8pbp_A_original_CA_coordinates.csv,361,3,0.5,5.49322
pdb4gx8_A_original_CA_coordinates.csv,306,3,0.5,108.245
pdb7ghh_A_original_CA_coordinates.csv,304,3,0.5,36.4219
pdb5ige_A_original_CA_coordinates.csv,129,3,0.5,2.97281
pdb8bsv_A_original_CA_coordinates.csv,328,3,0.5,1.30907
pdb4zoc_A_original_CA_coordinates.csv,724,3,0.5,144.805
pdb6pof_A_original_CA_coordinates.csv,1021,3,0.5,0.124622
pdb2hkv_A_original_CA_coordinates.csv,145,3,0.5,97.6014
pdb5sng_A_original_CA_coordinates.csv,412,3,0.5,2.66319
pdb6txv_A_original_CA_coordinates.csv,116,3,0.5,14.2328
pdb2qno_A_original_CA_coordinates.csv,629,3,0.5,74.6937
pdb5cb7_A_original_CA_coordinates.csv,160,3,0.5,7.46031
pdb4dyn_A_original_CA_coordinates.csv,437,3,0.5,2.73034
pdb5y4f_A_original_CA_coordinates.csv,415,3,0.5,1.3051
pdb3oj1_A_original_CA_coordinates.csv,137,3,0.5,36.586
pdb5slk_D_original_CA_coordinates.csv,459,3,0.5,1.98869
pdb2vi3_A_original_CA_coordinates.csv,206,3,0.5,16.5109
pdb1w4w_A_original_CA_coordinates.csv,306,3,0.5,12.753
pdb8e9c_A_original_CA_coordinates.csv,378,3,0.5,5.11031
pdb6y1p_A_original_CA_coordinates.csv,316,3,0.5,282.865
pdb4kvq_A_original_CA_coordinates.csv,223,3,0.5,4.36341
pdb4x2i_A_original_CA_coordinates.csv,126,3,0.5,21.2679
pdb4mkv_A_original_CA_coordinates.csv,458,3,0.5,6.49745
pdb5ocw_A_original_CA_coordinates.csv,257,3,0.5,4.18555
pdb7uv5_A_original_CA_coordinates.csv,312,3,0.5,18.5043
pdb5c10_A_original_CA_coordinates.csv,230,3,0.5,0.418837
pdb7n53_A_original_CA_coordinates.csv,183,3,0.5,3.5202
pdb2azc_A_original_CA_coordinates.csv,99,3,0.5,6.14136
pdb6cvs_A_original_CA_coordinates.csv,180,3,0.5,0.8888
pdb6g7r_S_original_CA_coordinates.csv,263,3,0.5,28.1083
pdb7ymk_A_original_CA_coordinates.csv,237,3,0.5,1.02698
pdb7yqg_A_original_CA_coordinates.csv,299,3,0.5,0.588744
pdb1ncu_A_original_CA_coordinates.csv,98,3,0.5,1.49369
pdb4ryy_A_original_CA_coordinates.csv,510,3,0.5,1.58479
pdb6yzz_A_original_CA_coordinates.csv,151,3,0.5,172.27
pdb3m12_A_original_CA_coordinates.csv,381,3,0.5,879.982
pdb2h0h_A_original_CA_coordinates.csv,229,3,0.5,0.25056
pdb4b7f_A_original_CA_coordinates.csv,515,3,0.5,110.819
pdb5y5l_A_original_CA_coordinates.csv,399,3,0.5,56.9716
pdb5a4w_A_original_CA_coordinates.csv,211,3,0.5,2.41301
pdb6fac_A_original_CA_coordinates.csv,653,3,0.5,57.6254
pdb2do8_A_original_CA_coordinates.csv,188,3,0.5,0.307915
pdb4yfp_A_original_CA_coordinates.csv,137,3,0.5,2.10126
pdb3pf9_A_original_CA_coordinates.csv,251,3,0.5,0.25798
pdb2n53_A_original_CA_coordinates.csv,143,3,0.5,134.655
pdb5i7n_A_original_CA_coordinates.csv,325,3,0.5,0.494017
pdb1ueq_A_original_CA_coordinates.csv,123,3,0.5,1.44487
pdb4tmz_B_original_CA_coordinates.csv,332,3,0.5,3.57919
pdb7fsa_A_original_CA_coordinates.csv,422,3,0.5,1.64344
pdb7p45_A_original_CA_coordinates.csv,659,3,0.5,1.07707
pdb3uj9_A_original_CA_coordinates.csv,258,3,0.5,0.425315
pdb4r9b_A_original_CA_coordinates.csv,138,3,0.5,35.6181
pdb3pxp_A_original_CA_coordinates.csv,281,3,0.5,0.385022
pdb4lg6_A_original_CA_coordinates.csv,163,3,0.5,9.59007
pdb3jvg_A_original_CA_coordinates.csv,264,3,0.5,0.600549
pdb5dfi_A_original_CA_coordinates.csv,276,3,0.5,12.6941
pdb8soq_A_original_CA_coordinates.csv,203,3,0.5,65.96
pdb4o9k_A_original_CA_coordinates.csv,124,3,0.5,89.3548
pdb6qau_A_original_CA_coordinates.csv,276,3,0.5,59.5727
pdb5qyy_A_original_CA_coordinates.csv,237,3,0.5,9.93192
pdb6lzo_A_original_CA_coordinates.csv,316,3,0.5,15.3019
pdb3aup_A_original_CA_coordinates.csv,377,3,0.5,7.61375
pdb2lgv_A_original_CA_coordinates.csv,100,3,0.5,109.093
pdb3al7_A_original_CA_coordinates.csv,207,3,0.5,16.4817
pdb4gq3_A_original_CA_coordinates.csv,466,3,0.5,12.1291
pdb4cqh_A_original_CA_coordinates.csv,306,3,0.5,0.344455
pdb1kul_A_original_CA_coordinates.csv,108,3,0.5,19.6462
pdb4a8u_A_original_CA_coordinates.csv,159,3,0.5,21.3895
pdb3cfc_H_original_CA_coordinates.csv,210,3,0.5,1.1011
pdb5tsq_A_original_CA_coordinates.csv,312,3,0.5,9.24353
pdb4ket_A_original_CA_coordinates.csv,313,3,0.5,10.9988
pdb2q1z_A_original_CA_coordinates.csv,176,3,0.5,15.7181
pdb4u3z_B_original_CA_coordinates.csv,294,3,0.5,0.17879
pdb3p1s_A_original_CA_coordinates.csv,236,3,0.5,7.10642
pdb8b1p_A_original_CA_coordinates.csv,235,3,0.5,23.2998
pdb3klb_A_original_CA_coordinates.csv,160,3,0.5,1.88805
pdb2ezl_A_original_CA_coordinates.csv,99,3,0.5,19.3157
pdb3quk_A_original_CA_coordinates.csv,262,3,0.5,115.08
pdb4hlj_A_original_CA_coordinates.csv,223,3,0.5,13.9914
pdb5w8q_A_original_CA_coordinates.csv,379,3,0.5,24.5817
pdb2dic_A_original_CA_coordinates.csv,105,3,0.5,0.247715
pdb5mdl_L_original_CA_coordinates.csv,600,3,0.5,19.1857
pdb5ii6_A_original_CA_coordinates.csv,100,3,0.5,36.834
pdb4c5w_A_original_CA_coordinates.csv,384,3,0.5,1.26347
pdb6u8l_A_original_CA_coordinates.csv,304,3,0.5,40.8727
pdb6z8o_A_original_CA_coordinates.csv,277,3,0.5,1.90118
pdb2zg9_X_original_CA_coordinates.csv,173,3,0.5,6.99132
pdb3t64_A_original_CA_coordinates.csv,153,3,0.5,5.2985
pdb5oow_A_original_CA_coordinates.csv,182,3,0.5,46.9058
pdb7oi2_A_original_CA_coordinates.csv,307,3,0.5,0.781509
pdb8xx9_A_original_CA_coordinates.csv,620,3,0.5,0.547497
pdb3qwl_A_original_CA_coordinates.csv,272,3,0.5,32.8852
pdb5ahz_A_original_CA_coordinates.csv,243,3,0.5,1.42328
pdb6q2e_A_original_CA_coordinates.csv,330,3,0.5,3.74127
pdb8ewz_A_original_CA_coordinates.csv,889,3,0.5,0.0816661
pdb2eeh_A_original_CA_coordinates.csv,100,3,0.5,59.2321
pdb4jkc_A_original_CA_coordinates.csv,220,3,0.5,6.69849
pdb4nus_A_original_CA_coordinates.csv,301,3,0.5,1.62169
pdb6rs7_A_original_CA_coordinates.csv,220,3,0.5,0.718909
pdb4g0x_A_original_CA_coordinates.csv,142,3,0.5,0.690126
pdb7c35_A_original_CA_coordinates.csv,306,3,0.5,41.219
pdb7aki_A_original_CA_coordinates.csv,113,3,0.5,7.61571
pdb7wjb_A_original_CA_coordinates.csv,729,3,0.5,1.48142
pdb7ngk_A_original_CA_coordinates.csv,193,3,0.5,68.056
pdb3rhl_A_original_CA_coordinates.csv,498,3,0.5,9.30285
pdb5etm_A_original_CA_coordinates.csv,159,3,0.5,0.379708
pdb2wfy_A_original_CA_coordinates.csv,295,3,0.5,59.6487
pdb5s79_A_original_CA_coordinates.csv,284,3,0.5,0.568039
pdb4bky_A_original_CA_coordinates.csv,311,3,0.5,19.4125
pdb5uaw_A_original_CA_coordinates.csv,263,3,0.5,16.7338
pdb6wih_A_original_CA_coordinates.csv,401,3,0.5,42.0832
pdb5btd_A_original_CA_coordinates.csv,486,3,0.5,21.1222
pdb7kr0_A_original_CA_coordinates.csv,169,3,0.5,0.171921
pdb3pfr_A_original_CA_coordinates.csv,412,3,0.5,18.5055
pdb3b8b_A_original_CA_coordinates.csv,263,3,0.5,0.351315
pdb7uju_A_original_CA_coordinates.csv,189,3,0.5,18.0452
pdb4o45_A_original_CA_coordinates.csv,305,3,0.5,1.35659
pdb3ugr_A_original_CA_coordinates.csv,308,3,0.5,0.308949
pdb7bmb_A_original_CA_coordinates.csv,343,3,0.5,4.52774
pdb4l4u_A_original_CA_coordinates.csv,388,3,0.5,6.7366
pdb6dqh_A_original_CA_coordinates.csv,250,3,0.5,30.3025
pdb4q5q_A_original_CA_coordinates.csv,218,3,0.5,13.7271
pdb3q7x_A_original_CA_coordinates.csv,123,3,0.5,4.27607
pdb3qsj_A_original_CA_coordinates.csv,216,3,0.5,3.7597
pdb5ap6_A_original_CA_coordinates.csv,262,3,0.5,22.4269
pdb2go9_A_original_CA_coordinates.csv,161,3,0.5,50.1232
pdb4r9n_A_original_CA_coordinates.csv,241,3,0.5,25.3141
pdb5ok4_A_original_CA_coordinates.csv,344,3,0.5,17.1978
pdb5ppz_A_original_CA_coordinates.csv,121,3,0.5,28.166
pdb6mv9_A_original_CA_coordinates.csv,674,3,0.5,8.86689
pdb2akl_A_original_CA_coordinates.csv,116,3,0.5,8.45987
pdb4yt8_A_original_CA_coordinates.csv,334,3,0.5,5.86172
pdb6ecw_A_original_CA_coordinates.csv,281,3,0.5,5.03755
pdb7au9_A_original_CA_coordinates.csv,489,3,0.5,210.844
pdb2cuf_A_original_CA_coordinates.csv,95,3,0.5,1.51984
pdb6pk1_A_original_CA_coordinates.csv,399,3,0.5,30.8751
pdb3q9v_A_original_CA_coordinates.csv,98,3,0.5,1.22827
pdb5ps5_A_original_CA_coordinates.csv,121,3,0.5,70.804
pdb5jth_A_original_CA_coordinates.csv,147,3,0.5,75.713
pdb6u4u_A_original_CA_coordinates.csv,148,3,0.5,33.5343
pdb4b85_A_original_CA_coordinates.csv,536,3,0.5,44.1108
pdb3r8h_A_original_CA_coordinates.csv,303,3,0.5,37.5597
pdb4upg_A_original_CA_coordinates.csv,169,3,0.5,1.24523
pdb7fle_A_original_CA_coordinates.csv,237,3,0.5,4.44444
pdb5le5_A_original_CA_coordinates.csv,230,3,0.5,0.621004
pdb5up7_A_original_CA_coordinates.csv,172,3,0.5,8.2249
pdb7ehp_A_original_CA_coordinates.csv,397,3,0.5,1.02414
pdb3mwd_A_original_CA_coordinates.csv,419,3,0.5,0.763534
pdb2eje_A_original_CA_coordinates.csv,114,3,0.5,0.0932927
pdb3beu_A_original_CA_coordinates.csv,215,3,0.5,12.693
pdb7p6a_A_original_CA_coordinates.csv,108,3,0.5,23.0514
pdb6fum_A_original_CA_coordinates.csv,202,3,0.5,10.8114
pdb5dgb_A_original_CA_coordinates.csv,430,3,0.5,4.36603
pdb2ar6_A_original_CA_coordinates.csv,240,3,0.5,8.99011
pdb7kxn_A_original_CA_coordinates.csv,266,3,0.5,12.6518
pdb4ceb_A_original_CA_coordinates.csv,149,3,0.5,1.69672
pdb3kx1_A_original_CA_coordinates.csv,213,3,0.5,0.327429
pdb4ghr_A_original_CA_coordinates.csv,354,3,0.5,0.74318
pdb4gxo_A_original_CA_coordinates.csv,139,3,0.5,0.233712
pdb6p06_A_original_CA_coordinates.csv,253,3,0.5,17.1771
pdb6xo3_A_original_CA_coordinates.csv,296,3,0.5,32.7958
pdb7rgv_A_original_CA_coordinates.csv,222,3,0.5,87.09
pdb5r87_A_original_CA_coordinates.csv,152,3,0.5,3.29412
pdb6zc4_A_original_CA_coordinates.csv,88,3,0.5,3.40265
pdb5vas_A_original_CA_coordinates.csv,129,3,0.5,3.19401
pdb6l7d_A_original_CA_coordinates.csv,423,3,0.5,211.998
pdb3bsy_A_original_CA_coordinates.csv,193,3,0.5,1.81211
pdb4xum_A_original_CA_coordinates.csv,260,3,0.5,7.23694
pdb3r8g_A_original_CA_coordinates.csv,303,3,0.5,39.3175
pdb6lv6_A_original_CA_coordinates.csv,257,3,0.5,95.1733
pdb7kjf_A_original_CA_coordinates.csv,340,3,0.5,16.8572
pdb4hdo_A_original_CA_coordinates.csv,310,3,0.5,6.54322
pdb3r7f_A_original_CA_coordinates.csv,291,3,0.5,2.2723
pdb6hmh_A_original_CA_coordinates.csv,341,3,0.5,155.516
pdb5sfp_A_original_CA_coordinates.csv,312,3,0.5,109.279
pdb7rh0_A_original_CA_coordinates.csv,138,3,0.5,188.607
pdb3ldv_A_original_CA_coordinates.csv,231,3,0.5,8.5269
pdb7mws_A_original_CA_coordinates.csv,96,3,0.5,15.6819
pdb4r1j_A_original_CA_coordinates.csv,174,3,0.5,2.73118
pdb5sru_A_original_CA_coordinates.csv,167,3,0.5,5.34255
pdb2csg_A_original_CA_coordinates.csv,417,3,0.5,3.17675
pdb5pgh_A_original_CA_coordinates.csv,115,3,0.5,16.0497
pdb6ght_A_original_CA_coordinates.csv,261,3,0.5,1.30133
pdb3lhg_A_original_CA_coordinates.csv,369,3,0.5,36.0474
pdb7oub_B_original_CA_coordinates.csv,173,3,0.5,7.35138
pdb5tf3_A_original_CA_coordinates.csv,128,3,0.5,0.569315
pdb6hyn_A_original_CA_coordinates.csv,132,3,0.5,13.2767
pdb7q90_A_original_CA_coordinates.csv,294,3,0.5,0.307481
pdb5e83_A_original_CA_coordinates.csv,141,3,0.5,35.9063
pdb6gxs_A_original_CA_coordinates.csv,362,3,0.5,3.17733
pdb3ump_A_original_CA_coordinates.csv,309,3,0.5,0.670694
pdb5ou8_A_original_CA_coordinates.csv,174,3,0.5,9.59288
pdb6a2w_A_original_CA_coordinates.csv,166,3,0.5,0.126807
pdb4u9g_A_original_CA_coordinates.csv,187,3,0.5,76.0089
pdb3s7s_A_original_CA_coordinates.csv,452,3,0.5,1.22036
pdb4lh6_A_original_CA_coordinates.csv,322,3,0.5,0.103492
pdb6w3d_A_original_CA_coordinates.csv,115,3,0.5,1.84235
pdb7qr2_A_original_CA_coordinates.csv,365,3,0.5,2.7191
pdb7nzx_A_original_CA_coordinates.csv,258,3,0.5,14.0745
pdb3g7r_A_original_CA_coordinates.csv,187,3,0.5,10.924
pdb5orz_A_original_CA_coordinates.csv,264,3,0.5,25.8985
pdb5upd_A_original_CA_coordinates.csv,214,3,0.5,1.97515
pdb5q58_A_original_CA_coordinates.csv,341,3,0.5,2.04956
pdb4ibv_A_original_CA_coordinates.csv,197,3,0.5,7.89595
pdb6qe9_A_original_CA_coordinates.csv,124,3,0.5,5.89182
pdb7ga7_A_original_CA_coordinates.csv,435,3,0.5,61.0265
pdb2aik_X_original_CA_coordinates.csv,274,3,0.5,0.33738
pdb3iwt_A_original_CA_coordinates.csv,166,3,0.5,68.101
pdb4fhg_A_original_CA_coordinates.csv,340,3,0.5,20.2376
pdb6gjp_A_original_CA_coordinates.csv,165,3,0.5,0.176486
pdb6z8t_A_original_CA_coordinates.csv,650,3,0.5,243.794
pdb5j9v_A_original_CA_coordinates.csv,171,3,0.5,0.131005
pdb5wud_A_original_CA_coordinates.csv,196,3,0.5,8.472
pdb5kup_A_original_CA_coordinates.csv,265,3,0.5,3.88545
pdb5ps6_A_original_CA_coordinates.csv,121,3,0.5,0.0480772
pdb7mxg_A_original_CA_coordinates.csv,625,3,0.5,54.6696
pdb4xa8_A_original_CA_coordinates.csv,301,3,0.5,3.01508
pdb5n30_A_original_CA_coordinates.csv,229,3,0.5,36.4191
pdb5jve_A_original_CA_coordinates.csv,124,3,0.5,14.1421
pdb4ohh_A_original_CA_coordinates.csv,494,3,0.5,0.812323
pdb1lw9_A_original_CA_coordinates.csv,164,3,0.5,8.28784
pdb1ayf_A_original_CA_coordinates.csv,103,3,0.5,67.7685
pdb5foy_A_original_CA_coordinates.csv,367,3,0.5,101.973
pdb6teo_A_original_CA_coordinates.csv,863,3,0.5,6.29188
pdb4n9a_A_original_CA_coordinates.csv,356,3,0.5,2.02026
pdb6uae_A_original_CA_coordinates.csv,124,3,0.5,13.612
pdb3bq3_A_original_CA_coordinates.csv,246,3,0.5,11.1129
pdb8g50_A_original_CA_coordinates.csv,158,3,0.5,15.1576
pdb8tt1_A_original_CA_coordinates.csv,227,3,0.5,1.27601
pdb2k4n_A_original_CA_coordinates.csv,111,3,0.5,45.3684
pdb4hxc_A_original_CA_coordinates.csv,252,3,0.5,81.2451
pdb4rd0_A_original_CA_coordinates.csv,414,3,0.5,26.5966
pdb4pvh_A_original_CA_coordinates.csv,490,3,0.5,136.368
pdb4zx6_A_original_CA_coordinates.csv,888,3,0.5,0.0626838
pdb5uwh_A_original_CA_coordinates.csv,203,3,0.5,12.3362
pdb4eul_A_original_CA_coordinates.csv,226,3,0.5,136.381
pdb1nmv_A_original_CA_coordinates.csv,163,3,0.5,1.90962
pdb6p44_A_original_CA_coordinates.csv,115,3,0.5,7.68831
pdb4f5q_A_original_CA_coordinates.csv,320,3,0.5,3.55699
pdb5kmw_A_original_CA_coordinates.csv,256,3,0.5,34.4908
pdb8em0_A_original_CA_coordinates.csv,166,3,0.5,33.9414
pdb3rq7_A_original_CA_coordinates.csv,212,3,0.5,3.74901
pdb4uqo_A_original_CA_coordinates.csv,222,3,0.5,2.47647
pdb3gq5_A_original_CA_coordinates.csv,252,3,0.5,64.053
pdb6hmn_A_original_CA_coordinates.csv,505,3,0.5,4.12334
pdb3zqs_A_original_CA_coordinates.csv,186,3,0.5,5.47165
pdb3zs7_A_original_CA_coordinates.csv,277,3,0.5,101.69
pdb7f9p_A_original_CA_coordinates.csv,483,3,0.5,16.4541
pdb8wiu_A_original_CA_coordinates.csv,123,3,0.5,1.78972
pdb2hst_A_original_CA_coordinates.csv,136,3,0.5,46.5342
pdb4uhd_A_original_CA_coordinates.csv,274,3,0.5,68.0502
pdb2rkv_A_original_CA_coordinates.csv,443,3,0.5,146.764
pdb3kbg_A_original_CA_coordinates.csv,186,3,0.5,13.8646
pdb4r9h_A_original_CA_coordinates.csv,100,3,0.5,3.74501
pdb4abl_A_original_CA_coordinates.csv,181,3,0.5,1.11261
pdb4dln_A_original_CA_coordinates.csv,297,3,0.5,5.33694
pdb4cho_A_original_CA_coordinates.csv,149,3,0.5,35.4936
pdb6r6k_A_original_CA_coordinates.csv,275,3,0.5,15.4624
pdb6vlf_A_original_CA_coordinates.csv,447,3,0.5,9.06397
pdb4qzt_A_original_CA_coordinates.csv,133,3,0.5,0.0686371
pdb7c7m_A_original_CA_coordinates.csv,248,3,0.5,10.5898
pdb6orr_A_original_CA_coordinates.csv,271,3,0.5,2.234
pdb7frz_A_original_CA_coordinates.csv,422,3,0.5,0.642841
pdb6t0q_A_original_CA_coordinates.csv,340,3,0.5,0.585417
pdb6gqe_A_original_CA_coordinates.csv,162,3,0.5,8.02495
pdb5po8_A_original_CA_coordinates.csv,123,3,0.5,0.0861431
pdb4nbq_A_original_CA_coordinates.csv,643,3,0.5,0.228133
pdb4unv_A_original_CA_coordinates.csv,108,3,0.5,44.349
pdb6o0j_A_original_CA_coordinates.csv,527,3,0.5,174.579
pdb5qxv_A_original_CA_coordinates.csv,130,3,0.5,0.0447869
pdb6n6n_A_original_CA_coordinates.csv,301,3,0.5,15.1958
pdb5qiy_A_original_CA_coordinates.csv,225,3,0.5,0.707917
pdb3epw_A_original_CA_coordinates.csv,326,3,0.5,23.7735
pdb5nn5_A_original_CA_coordinates.csv,845,3,0.5,0.00583535
pdb3obi_A_original_CA_coordinates.csv,278,3,0.5,145.309
pdb6i8n_A_original_CA_coordinates.csv,106,3,0.5,9.78592
pdb4fc9_B_original_CA_coordinates.csv,171,3,0.5,0.352336
pdb4lxz_A_original_CA_coordinates.csv,368,3,0.5,0.0541128
pdb6bei_A_original_CA_coordinates.csv,541,3,0.5,26.3071
pdb6x3o_A_original_CA_coordinates.csv,265,3,0.5,62.2646
pdb5l8s_A_original_CA_coordinates.csv,604,3,0.5,0.759968
pdb2c3v_A_original_CA_coordinates.csv,92,3,0.5,0.200453
pdb7lru_B_original_CA_coordinates.csv,255,3,0.5,8.55456
pdb4m5m_A_original_CA_coordinates.csv,159,3,0.5,20.152
pdb2xfg_A_original_CA_coordinates.csv,446,3,0.5,78.4338
pdb3lzt_A_original_CA_coordinates.csv,129,3,0.5,2.21353
pdb6x5l_A_original_CA_coordinates.csv,233,3,0.5,27.439
pdb4lvl_A_original_CA_coordinates.csv,196,3,0.5,6.8032
pdb4md0_A_original_CA_coordinates.csv,179,3,0.5,0.214053
pdb5t48_A_original_CA_coordinates.csv,181,3,0.5,12.8616
pdb7lrk_A_original_CA_coordinates.csv,119,3,0.5,0.254609
pdb3ijr_A_original_CA_coordinates.csv,277,3,0.5,1.52726
pdb3m0o_A_original_CA_coordinates.csv,385,3,0.5,4.40303
pdb2ymq_A_original_CA_coordinates.csv,224,3,0.5,0.191652
pdb5uws_A_original_CA_coordinates.csv,206,3,0.5,43.0154
pdb4n2p_A_original_CA_coordinates.csv,139,3,0.5,75.3682
pdb5syj_A_original_CA_coordinates.csv,713,3,0.5,28.0558
pdb5a89_A_original_CA_coordinates.csv,151,3,0.5,43.6014
pdb7yd2_A_original_CA_coordinates.csv,349,3,0.5,10.7632
pdb2vmz_A_original_CA_coordinates.csv,405,3,0.5,17.4998
pdb4d50_A_original_CA_coordinates.csv,290,3,0.5,0.456762
pdb4ku2_A_original_CA_coordinates.csv,340,3,0.5,53.0397
pdb4wg1_A_original_CA_coordinates.csv,129,3,0.5,21.8657
pdb3hak_A_original_CA_coordinates.csv,103,3,0.5,12.1362
pdb1wef_A_original_CA_coordinates.csv,225,3,0.5,18.9521
pdb4aj3_A_original_CA_coordinates.csv,416,3,0.5,32.7516
pdb5iag_A_original_CA_coordinates.csv,239,3,0.5,8.93562
pdb2pgn_A_original_CA_coordinates.csv,587,3,0.5,75.1339
pdb8ik8_A_original_CA_coordinates.csv,158,3,0.5,27.9317
pdb2x0y_A_original_CA_coordinates.csv,584,3,0.5,0.00841934
pdb6qrx_A_original_CA_coordinates.csv,387,3,0.5,2.50652
pdb3o57_A_original_CA_coordinates.csv,336,3,0.5,0.105228
pdb8as6_A_original_CA_coordinates.csv,1566,3,0.5,0.0176984
pdb7nl2_A_original_CA_coordinates.csv,335,3,0.5,239.303
pdb3uqb_A_original_CA_coordinates.csv,191,3,0.5,5.60284
pdb8baw_A_original_CA_coordinates.csv,277,3,0.5,27.8711
pdb1psb_A_original_CA_coordinates.csv,91,3,0.5,0.128668
pdb6z5y_A_original_CA_coordinates.csv,177,3,0.5,0.847626
pdb1mdz_A_original_CA_coordinates.csv,364,3,0.5,1.26091
pdb5rug_A_original_CA_coordinates.csv,167,3,0.5,11.4694
pdb3q2v_A_original_CA_coordinates.csv,532,3,0.5,0.671709
pdb3p3l_A_original_CA_coordinates.csv,403,3,0.5,2.66212
pdb4cf8_A_original_CA_coordinates.csv,149,3,0.5,0.578186
pdb5pxf_A_original_CA_coordinates.csv,178,3,0.5,7.27855
pdb6skh_A_original_CA_coordinates.csv,696,3,0.5,0.285741
pdb2n9d_A_original_CA_coordinates.csv,95,3,0.5,1.575
pdb6axk_A_original_CA_coordinates.csv,214,3,0.5,1.07428
pdb8aw0_A_original_CA_coordinates.csv,320,3,0.5,3.57623
pdb4k41_A_original_CA_coordinates.csv,363,3,0.5,1.03213
pdb4d77_A_original_CA_coordinates.csv,245,3,0.5,5.75035
pdb5upv_A_original_CA_coordinates.csv,352,3,0.5,1.78631
pdb4qy7_A_original_CA_coordinates.csv,91,3,0.5,0.356529
pdb3f75_A_original_CA_coordinates.csv,223,3,0.5,16.3433
pdb6z19_B_original_CA_coordinates.csv,328,3,0.5,0.241603
pdb5ue2_A_original_CA_coordinates.csv,247,3,0.5,0.304641
pdb3zgp_A_original_CA_coordinates.csv,129,3,0.5,2.50622
pdb5phh_A_original_CA_coordinates.csv,330,3,0.5,19.2287
pdb6jvw_A_original_CA_coordinates.csv,260,3,0.5,56.1296
pdb3zdg_A_original_CA_coordinates.csv,200,3,0.5,19.8463
pdb6dx8_A_original_CA_coordinates.csv,378,3,0.5,0.983741
pdb8slb_A_original_CA_coordinates.csv,248,3,0.5,95.5663
pdb3dc9_A_original_CA_coordinates.csv,257,3,0.5,23.8459
pdb6hby_A_original_CA_coordinates.csv,178,3,0.5,3.41656
pdb2lvv_A_original_CA_coordinates.csv,220,3,0.5,58.3842
pdb5nd7_C_original_CA_coordinates.csv,300,3,0.5,20.6906
pdb7ocm_A_original_CA_coordinates.csv,174,3,0.5,5.69309
pdb7o8c_A_original_CA_coordinates.csv,582,3,0.5,1.96142
pdb7r0q_A_original_CA_coordinates.csv,168,3,0.5,0.343047
pdb7ebt_A_original_CA_coordinates.csv,219,3,0.5,1.02989
pdb5ltd_A_original_CA_coordinates.csv,315,3,0.5,17.1966
pdb2kwc_A_original_CA_coordinates.csv,116,3,0.5,1.23441
pdb1xfn_A_original_CA_coordinates.csv,100,3,0.5,4.40582
pdb1z9b_A_original_CA_coordinates.csv,135,3,0.5,11.6434
pdb6gj5_A_original_CA_coordinates.csv,163,3,0.5,0.790336
pdb2ztv_A_original_CA_coordinates.csv,260,3,0.5,41.675
pdb6tt2_A_original_CA_coordinates.csv,164,3,0.5,2.83237
pdb3of2_A_original_CA_coordinates.csv,267,3,0.5,9.48742
pdb4c2w_A_original_CA_coordinates.csv,268,3,0.5,30.4684
pdb4glj_A_original_CA_coordinates.csv,287,3,0.5,1.55293
pdb5skg_A_original_CA_coordinates.csv,312,3,0.5,102.146
pdb4z3b_A_original_CA_coordinates.csv,174,3,0.5,11.2866
pdb5hax_A_original_CA_coordinates.csv,698,3,0.5,5.07054
pdb2o9b_A_original_CA_coordinates.csv,315,3,0.5,8.54634
pdb4xyg_A_original_CA_coordinates.csv,376,3,0.5,41.5945
pdb4xoe_A_original_CA_coordinates.csv,279,3,0.5,84.1748
pdb6vuo_A_original_CA_coordinates.csv,230,3,0.5,29.6071
pdb1q4w_A_original_CA_coordinates.csv,364,3,0.5,7.4872
pdb3n9h_A_original_CA_coordinates.csv,654,3,0.5,1.86059
pdb6t4j_A_original_CA_coordinates.csv,241,3,0.5,0.17066
pdb5b7f_A_original_CA_coordinates.csv,463,3,0.5,4.23341
pdb3kor_A_original_CA_coordinates.csv,96,3,0.5,7.50736
pdb5sys_A_original_CA_coordinates.csv,258,3,0.5,17.2219
pdb6asn_A_original_CA_coordinates.csv,527,3,0.5,0.295561
pdb6fek_A_original_CA_coordinates.csv,294,3,0.5,66.5893
pdb1h13_A_original_CA_coordinates.csv,404,3,0.5,44.2473
pdb3h02_A_original_CA_coordinates.csv,255,3,0.5,0.895875
pdb5kur_A_original_CA_coordinates.csv,164,3,0.5,3.28911
pdb1whb_A_original_CA_coordinates.csv,157,3,0.5,1.92738
pdb6bow_A_original_CA_coordinates.csv,266,3,0.5,264.093
pdb6rr9_A_original_CA_coordinates.csv,311,3,0.5,24.9344
pdb5u5s_A_original_CA_coordinates.csv,112,3,0.5,5.31416
pdb8bz6_A_original_CA_coordinates.csv,606,3,0.5,0.819613
pdb4j0l_A_original_CA_coordinates.csv,243,3,0.5,39.5439
pdb5zye_A_original_CA_coordinates.csv,384,3,0.5,13.8564
pdb5tlz_A_original_CA_coordinates.csv,346,3,0.5,1.04326
pdb4nrv_A_original_CA_coordinates.csv,283,3,0.5,26.1541
pdb4clh_A_original_CA_coordinates.csv,252,3,0.5,28.5613
pdb6pnl_A_original_CA_coordinates.csv,334,3,0.5,152.16
pdb2w5a_A_original_CA_coordinates.csv,267,3,0.5,7.92179
pdb8v4a_A_original_CA_coordinates.csv,466,3,0.5,7.2519
pdb7tzd_A_original_CA_coordinates.csv,101,3,0.5,2.39094
pdb7uy0_A_original_CA_coordinates.csv,447,3,0.5,2.36894
pdb7n9l_A_original_CA_coordinates.csv,282,3,0.5,4.46169
pdb3p69_A_original_CA_coordinates.csv,124,3,0.5,100.913
pdb3ml2_A_original_CA_coordinates.csv,257,3,0.5,7.17485
pdb4yxu_A_original_CA_coordinates.csv,258,3,0.5,323.73
pdb6bea_A_original_CA_coordinates.csv,433,3,0.5,1.69565
pdb3lws_A_original_CA_coordinates.csv,346,3,0.5,0.558725
pdb3sug_A_original_CA_coordinates.csv,201,3,0.5,111.361
pdb3jz9_A_original_CA_coordinates.csv,189,3,0.5,2.21452
pdb7u4z_A_original_CA_coordinates.csv,153,3,0.5,0.277479
pdb6nyr_A_original_CA_coordinates.csv,681,3,0.5,0.0947627
pdb3n4j_A_original_CA_coordinates.csv,161,3,0.5,6.07947
pdb5cj6_A_original_CA_coordinates.csv,244,3,0.5,1.24924
pdb5hia_A_original_CA_coordinates.csv,202,3,0.5,2.37509
pdb6vw9_A_original_CA_coordinates.csv,231,3,0.5,0.504332
pdb3sxu_A_original_CA_coordinates.csv,146,3,0.5,2.8172
pdb5qxz_A_original_CA_coordinates.csv,130,3,0.5,64.3186
pdb6oin_A_original_CA_coordinates.csv,271,3,0.5,3.0042
pdb2v9o_A_original_CA_coordinates.csv,274,3,0.5,71.1593
pdb1plc_A_original_CA_coordinates.csv,99,3,0.5,0.532662
pdb2zl7_A_original_CA_coordinates.csv,285,3,0.5,3.19156
pdb4e2z_A_original_CA_coordinates.csv,405,3,0.5,19.6922
pdb4zcs_A_original_CA_coordinates.csv,141,3,0.5,0.884344
pdb2gme_A_original_CA_coordinates.csv,225,3,0.5,16.3656
pdb4d5b_A_original_CA_coordinates.csv,312,3,0.5,65.2624
pdb5x7h_A_original_CA_coordinates.csv,700,3,0.5,2.24701
pdb4ftt_A_original_CA_coordinates.csv,266,3,0.5,0.39099
pdb5t7k_A_original_CA_coordinates.csv,232,3,0.5,8.7727
pdb6qhm_A_original_CA_coordinates.csv,235,3,0.5,5.16133
pdb3tx4_A_original_CA_coordinates.csv,267,3,0.5,114.115
pdb4bfd_A_original_CA_coordinates.csv,372,3,0.5,23.6406
pdb4gib_A_original_CA_coordinates.csv,225,3,0.5,0.898926
pdb5pew_A_original_CA_coordinates.csv,115,3,0.5,58.17
pdb8sdf_Z_original_CA_coordinates.csv,195,3,0.5,26.7087
pdb8d60_A_original_CA_coordinates.csv,129,3,0.5,0.534637
pdb4gkt_A_original_CA_coordinates.csv,354,3,0.5,1.25373
pdb8g64_A_original_CA_coordinates.csv,169,3,0.5,2.48175
pdb7gnw_A_original_CA_coordinates.csv,182,3,0.5,9.40699
pdb7frj_A_original_CA_coordinates.csv,281,3,0.5,0.054023
pdb7gbd_A_original_CA_coordinates.csv,304,3,0.5,12.4003
pdb2k07_A_original_CA_coordinates.csv,175,3,0.5,21.8081
pdb8hz6_A_original_CA_coordinates.csv,377,3,0.5,17.8921
pdb5lgh_H_original_CA_coordinates.csv,200,3,0.5,13.1535
pdb5jjh_A_original_CA_coordinates.csv,704,3,0.5,0.439297
pdb2x7s_A_original_CA_coordinates.csv,256,3,0.5,16.0095
pdb5qyn_A_original_CA_coordinates.csv,237,3,0.5,31.3057
pdb6cjs_A_original_CA_coordinates.csv,218,3,0.5,1.81227
pdb4y3h_A_original_CA_coordinates.csv,330,3,0.5,0.353217
pdb8asn_A_original_CA_coordinates.csv,426,3,0.5,3.13239
pdb7me9_A_original_CA_coordinates.csv,249,3,0.5,11.6324
pdb5trw_A_original_CA_coordinates.csv,278,3,0.5,298.574
pdb4xob_A_original_CA_coordinates.csv,279,3,0.5,2.77738
pdb5t38_A_original_CA_coordinates.csv,238,3,0.5,1.2836
pdb6wci_A_original_CA_coordinates.csv,400,3,0.5,1.12043
pdb4wct_A_original_CA_coordinates.csv,441,3,0.5,32.5448
pdb6ss3_A_original_CA_coordinates.csv,305,3,0.5,1.12019
pdb6hsa_A_original_CA_coordinates.csv,145,3,0.5,0.128477
pdb1xu0_A_original_CA_coordinates.csv,102,3,0.5,5.03039
pdb8q00_A_original_CA_coordinates.csv,295,3,0.5,2.57545
pdb5hzq_A_original_CA_coordinates.csv,139,3,0.5,52.329
pdb5szw_A_original_CA_coordinates.csv,101,3,0.5,196.192
pdb5tny_A_original_CA_coordinates.csv,283,3,0.5,60.3057
pdb6ude_A_original_CA_coordinates.csv,493,3,0.5,383.619
pdb5a6x_A_original_CA_coordinates.csv,114,3,0.5,15.1104
pdb1b4m_A_original_CA_coordinates.csv,134,3,0.5,1.42775
pdb4kev_A_original_CA_coordinates.csv,313,3,0.5,64.1292
pdb2h4l_X_original_CA_coordinates.csv,454,3,0.5,5.68305
pdb2jj7_A_original_CA_coordinates.csv,177,3,0.5,6.57891
pdb6y0d_A_original_CA_coordinates.csv,214,3,0.5,8.54778
pdb7tbh_A_original_CA_coordinates.csv,243,3,0.5,4.92204
pdb6fff_A_original_CA_coordinates.csv,113,3,0.5,0.988208
pdb5sts_A_original_CA_coordinates.csv,237,3,0.5,44.4623
pdb2z9u_A_original_CA_coordinates.csv,392,3,0.5,4.05903
pdb4cv7_A_original_CA_coordinates.csv,111,3,0.5,1.09091
pdb1rch_A_original_CA_coordinates.csv,155,3,0.5,2.35238
pdb6thv_A_original_CA_coordinates.csv,354,3,0.5,14.0367
pdb4jzz_A_original_CA_coordinates.csv,336,3,0.5,11.1705
pdb2rtg_B_original_CA_coordinates.csv,123,3,0.5,21.2724
pdb7xl0_A_original_CA_coordinates.csv,121,3,0.5,15.2269
pdb4k9o_A_original_CA_coordinates.csv,525,3,0.5,6.10053
pdb5sae_A_original_CA_coordinates.csv,348,3,0.5,22.3232
pdb7qbt_A_original_CA_coordinates.csv,411,3,0.5,97.1648
pdb6s93_A_original_CA_coordinates.csv,102,3,0.5,1.51761
pdb3kzz_A_original_CA_coordinates.csv,158,3,0.5,9.31234
pdb8j16_X_original_CA_coordinates.csv,173,3,0.5,101.75
pdb5v37_A_original_CA_coordinates.csv,424,3,0.5,420.962
pdb5s3i_A_original_CA_coordinates.csv,164,3,0.5,8.49974
pdb8crd_A_original_CA_coordinates.csv,500,3,0.5,91.5313
pdb7qcm_A_original_CA_coordinates.csv,314,3,0.5,3.18064
pdb5f60_A_original_CA_coordinates.csv,127,3,0.5,65.69
pdb3pji_A_original_CA_coordinates.csv,119,3,0.5,1.8519
pdb2rsf_A_original_CA_coordinates.csv,110,3,0.5,0.202334
pdb4qgf_A_original_CA_coordinates.csv,196,3,0.5,0.578695
pdb6an3_A_original_CA_coordinates.csv,305,3,0.5,4.96852
pdb2avm_A_original_CA_coordinates.csv,99,3,0.5,4.95782
pdb7tse_A_original_CA_coordinates.csv,411,3,0.5,163.363
pdb2npt_A_original_CA_coordinates.csv,102,3,0.5,1.48578
pdb2ux6_A_original_CA_coordinates.csv,122,3,0.5,5.71585
pdb6e51_A_original_CA_coordinates.csv,133,3,0.5,36.8421
pdb2n1w_A_original_CA_coordinates.csv,93,3,0.5,37.2045
pdb5vim_A_original_CA_coordinates.csv,261,3,0.5,87.5624
pdb7ncy_A_original_CA_coordinates.csv,126,3,0.5,14.7215
pdb1gwh_A_original_CA_coordinates.csv,498,3,0.5,8.5792
pdb5t4j_B_original_CA_coordinates.csv,360,3,0.5,6.38064
pdb6pp4_A_original_CA_coordinates.csv,404,3,0.5,1.93741
pdb7zx2_A_original_CA_coordinates.csv,434,3,0.5,5.71137
pdb5mlj_A_original_CA_coordinates.csv,109,3,0.5,3.50193
pdb2k5q_A_original_CA_coordinates.csv,105,3,0.5,43.094
pdb2p7s_A_original_CA_coordinates.csv,110,3,0.5,0.277512
pdb4xnu_A_original_CA_coordinates.csv,532,3,0.5,11.6429
pdb4wh9_A_original_CA_coordinates.csv,177,3,0.5,68.7329
pdb7uqm_A_original_CA_coordinates.csv,142,3,0.5,3.20488
pdb4g7t_A_original_CA_coordinates.csv,212,3,0.5,0.575619
pdb8fgz_A_original_CA_coordinates.csv,243,3,0.5,8.90679
pdb4wej_A_original_CA_coordinates.csv,500,3,0.5,17.6763
pdb7ji2_A_original_CA_coordinates.csv,278,3,0.5,0.535238
pdb2ka9_A_original_CA_coordinates.csv,189,3,0.5,5.60825
pdb2y7l_A_original_CA_coordinates.csv,312,3,0.5,67.2141
pdb4yt9_A_original_CA_coordinates.csv,418,3,0.5,1.493
pdb4hxa_L_original_CA_coordinates.csv,213,3,0.5,92.9224
pdb4uin_H_original_CA_coordinates.csv,221,3,0.5,28.5779
pdb7vxr_A_original_CA_coordinates.csv,101,3,0.5,0.482717
pdb3baa_A_original_CA_coordinates.csv,312,3,0.5,0.498998
pdb7wg3_A_original_CA_coordinates.csv,213,3,0.5,58.3726
pdb7vjx_A_original_CA_coordinates.csv,300,3,0.5,48.4366
pdb5qz8_A_original_CA_coordinates.csv,237,3,0.5,3.25794
pdb5i9u_A_original_CA_coordinates.csv,281,3,0.5,2.28421
pdb2zse_A_original_CA_coordinates.csv,307,3,0.5,14.3295
pdb2x38_A_original_CA_coordinates.csv,822,3,0.5,0.186078
pdb5ti0_A_original_CA_coordinates.csv,257,3,0.5,0.261452
pdb4q0w_A_original_CA_coordinates.csv,316,3,0.5,21.6761
pdb3ood_A_original_CA_coordinates.csv,328,3,0.5,40.8398
pdb6kgu_A_original_CA_coordinates.csv,448,3,0.5,22.3802
pdb5fnh_A_original_CA_coordinates.csv,257,3,0.5,11.6781
pdb3imf_A_original_CA_coordinates.csv,238,3,0.5,6.15807
pdb6tl3_A_original_CA_coordinates.csv,227,3,0.5,18.9779
pdb6cbr_A_original_CA_coordinates.csv,144,3,0.5,1.8534
pdb8gsj_A_original_CA_coordinates.csv,336,3,0.5,107.065
pdb7zjp_A_original_CA_coordinates.csv,215,3,0.5,22.8383
pdb5hwq_A_original_CA_coordinates.csv,417,3,0.5,0.214211
pdb4mho_A_original_CA_coordinates.csv,806,3,0.5,0.0513176
pdb4qa5_A_original_CA_coordinates.csv,364,3,0.5,18.1127
pdb7jz5_A_original_CA_coordinates.csv,134,3,0.5,0.277608
pdb3e29_A_original_CA_coordinates.csv,128,3,0.5,0.560193
pdb5q2p_A_original_CA_coordinates.csv,341,3,0.5,44.0888
pdb4o8q_A_original_CA_coordinates.csv,242,3,0.5,1.3078
pdb6ep7_A_original_CA_coordinates.csv,210,3,0.5,0.120647
pdb2gq2_A_original_CA_coordinates.csv,238,3,0.5,1.01583
pdb5cp1_A_original_CA_coordinates.csv,245,3,0.5,13.8579
pdb7suw_A_original_CA_coordinates.csv,257,3,0.5,0.673074
pdb3cav_A_original_CA_coordinates.csv,325,3,0.5,101.934
pdb4jea_A_original_CA_coordinates.csv,106,3,0.5,1.88065
pdb1vl4_A_original_CA_coordinates.csv,428,3,0.5,37.3802
pdb7qxl_A_original_CA_coordinates.csv,105,3,0.5,2.89247
pdb3rwl_A_original_CA_coordinates.csv,404,3,0.5,96.9885
pdb8avn_A_original_CA_coordinates.csv,202,3,0.5,1.38392
pdb5r17_A_original_CA_coordinates.csv,237,3,0.5,12.1309
pdb8dxh_A_original_CA_coordinates.csv,556,3,0.5,142.538
pdb5a0y_A_original_CA_coordinates.csv,542,3,0.5,247.114
pdb1g03_A_original_CA_coordinates.csv,134,3,0.5,3.85913
pdb2rq4_A_original_CA_coordinates.csv,115,3,0.5,59.5155
pdb8e7q_A_original_CA_coordinates.csv,138,3,0.5,15.8757
pdb5v8s_A_original_CA_coordinates.csv,399,3,0.5,9.90446
pdb4de2_A_original_CA_coordinates.csv,260,3,0.5,17.1684
pdb5v2w_A_original_CA_coordinates.csv,166,3,0.5,14.8929
pdb4nqx_A_original_CA_coordinates.csv,274,3,0.5,6.13263
pdb1p4w_A_original_CA_coordinates.csv,87,3,0.5,0.984891
pdb5pq6_A_original_CA_coordinates.csv,121,3,0.5,0.537148
pdb5pfy_A_original_CA_coordinates.csv,115,3,0.5,28.3101
pdb4ehc_A_original_CA_coordinates.csv,275,3,0.5,46.6432
pdb6loy_A_original_CA_coordinates.csv,246,3,0.5,0.147754
pdb7pa4_A_original_CA_coordinates.csv,524,3,0.5,0.566087
pdb5sig_A_original_CA_coordinates.csv,312,3,0.5,759.469
pdb6jyv_A_original_CA_coordinates.csv,329,3,0.5,2.32695
pdb3rlh_A_original_CA_coordinates.csv,277,3,0.5,0.915422
pdb3ca3_A_original_CA_coordinates.csv,257,3,0.5,1.07278
pdb5j7p_A_original_CA_coordinates.csv,114,3,0.5,29.8207
pdb6jbe_A_original_CA_coordinates.csv,404,3,0.5,1.21301
pdb6l4p_A_original_CA_coordinates.csv,195,3,0.5,0.100111
pdb1spy_A_original_CA_coordinates.csv,89,3,0.5,1.77773
pdb3w7l_A_original_CA_coordinates.csv,313,3,0.5,5.07136
pdb6zm2_A_original_CA_coordinates.csv,626,3,0.5,68.7075
pdb7vzp_A_original_CA_coordinates.csv,565,3,0.5,264.089
pdb3itp_A_original_CA_coordinates.csv,129,3,0.5,1.26301
pdb8cou_A_original_CA_coordinates.csv,413,3,0.5,5.28299
pdb4d3j_A_original_CA_coordinates.csv,362,3,0.5,5.87221
pdb6vmx_A_original_CA_coordinates.csv,276,3,0.5,5.34919
pdb2m5y_A_original_CA_coordinates.csv,122,3,0.5,2.63041
pdb6pnd_A_original_CA_coordinates.csv,414,3,0.5,1.004
pdb7sg5_H_original_CA_coordinates.csv,213,3,0.5,27.6309
pdb5hph_A_original_CA_coordinates.csv,482,3,0.5,0.835191
pdb4izo_A_original_CA_coordinates.csv,376,3,0.5,6.22134
pdb6uqz_A_original_CA_coordinates.csv,287,3,0.5,6.60639
pdb5clh_A_original_CA_coordinates.csv,159,3,0.5,4.12965
pdb5d0g_A_original_CA_coordinates.csv,162,3,0.5,9.44277
pdb2pnw_A_original_CA_coordinates.csv,354,3,0.5,5.77481
pdb3rja_A_original_CA_coordinates.csv,473,3,0.5,3.79892
pdb8bxh_A_original_CA_coordinates.csv,298,3,0.5,4.10754
pdb5qr3_B_original_CA_coordinates.csv,428,3,0.5,0.218876
pdb8f5n_A_original_CA_coordinates.csv,282,3,0.5,1.51276
pdb2qoc_A_original_CA_coordinates.csv,283,3,0.5,2.73295
pdb3e8s_A_original_CA_coordinates.csv,216,3,0.5,122.033
pdb2zl5_A_original_CA_coordinates.csv,289,3,0.5,3.85996
pdb6p6z_A_original_CA_coordinates.csv,158,3,0.5,6.78588
pdb5nxi_A_original_CA_coordinates.csv,259,3,0.5,7.30314
pdb4ru1_A_original_CA_coordinates.csv,288,3,0.5,1.90855
pdb3ecp_A_original_CA_coordinates.csv,458,3,0.5,27.5506
pdb6mt6_A_original_CA_coordinates.csv,276,3,0.5,11.2655
pdb3el5_A_original_CA_coordinates.csv,99,3,0.5,31.1079
pdb8dsd_A_original_CA_coordinates.csv,467,3,0.5,4.68336
pdb5ucs_A_original_CA_coordinates.csv,290,3,0.5,8.27417
pdb6zwk_A_original_CA_coordinates.csv,115,3,0.5,2.47205
pdb8swr_A_original_CA_coordinates.csv,295,3,0.5,98.8993
pdb9av7_A_original_CA_coordinates.csv,304,3,0.5,74.2904
pdb2ypo_A_original_CA_coordinates.csv,458,3,0.5,0.255732
pdb7bv3_A_original_CA_coordinates.csv,457,3,0.5,298.707
pdb3mhu_A_original_CA_coordinates.csv,307,3,0.5,9.36051
pdb6dp1_A_original_CA_coordinates.csv,135,3,0.5,2.71997
pdb4jft_A_original_CA_coordinates.csv,438,3,0.5,2.95802
pdb7die_A_original_CA_coordinates.csv,164,3,0.5,17.2428
pdb1m2a_A_original_CA_coordinates.csv,103,3,0.5,1.14797
pdb8szs_A_original_CA_coordinates.csv,856,3,0.5,0.208352
pdb5uzp_A_original_CA_coordinates.csv,436,3,0.5,2.67857
pdb3ks6_A_original_CA_coordinates.csv,241,3,0.5,23.3623
pdb5pik_A_original_CA_coordinates.csv,331,3,0.5,92.1749
pdb5j2j_A_original_CA_coordinates.csv,326,3,0.5,46.1689
pdb6nnc_A_original_CA_coordinates.csv,159,3,0.5,6.12463
pdb2e3l_A_original_CA_coordinates.csv,99,3,0.5,0.312644
pdb5g39_A_original_CA_coordinates.csv,172,3,0.5,25.091
pdb5rdl_A_original_CA_coordinates.csv,330,3,0.5,232.659
pdb5lgx_A_original_CA_coordinates.csv,363,3,0.5,5.49587
pdb5lbk_A_original_CA_coordinates.csv,119,3,0.5,0.0541524
pdb2x7c_A_original_CA_coordinates.csv,332,3,0.5,48.258
pdb3uhb_A_original_CA_coordinates.csv,145,3,0.5,84.4516
pdb4h4j_A_original_CA_coordinates.csv,229,3,0.5,43.3325
pdb4a9j_A_original_CA_coordinates.csv,112,3,0.5,1.95225
pdb6rez_A_original_CA_coordinates.csv,273,3,0.5,81.7149
pdb7dqt_A_original_CA_coordinates.csv,154,3,0.5,8.58442
pdb4jr2_A_original_CA_coordinates.csv,224,3,0.5,3.11908
pdb5cty_A_original_CA_coordinates.csv,192,3,0.5,30.6221
pdb4liz_A_original_CA_coordinates.csv,137,3,0.5,35.7261
pdb2l9n_A_original_CA_coordinates.csv,250,3,0.5,10.7174
pdb8coz_A_original_CA_coordinates.csv,335,3,0.5,26.6847
pdb3h22_A_original_CA_coordinates.csv,261,3,0.5,116.729
pdb5bxy_A_original_CA_coordinates.csv,152,3,0.5,6.16246
pdb4ohw_A_original_CA_coordinates.csv,399,3,0.5,4.96186
pdb6h6i_A_original_CA_coordinates.csv,144,3,0.5,21.7864
pdb8r95_A_original_CA_coordinates.csv,152,3,0.5,1.36431
pdb2i5z_O_original_CA_coordinates.csv,246,3,0.5,8.40894
pdb3d78_A_original_CA_coordinates.csv,119,3,0.5,1.73355
pdb3uqp_A_original_CA_coordinates.csv,370,3,0.5,16.1446
pdb6lko_A_original_CA_coordinates.csv,408,3,0.5,24.6309
pdb5l7m_A_original_CA_coordinates.csv,88,3,0.5,0.126003
pdb2pev_A_original_CA_coordinates.csv,316,3,0.5,44.6866
pdb7jvu_A_original_CA_coordinates.csv,365,3,0.5,63.9673
pdb5o1h_A_original_CA_coordinates.csv,196,3,0.5,63.6347
pdb3u41_A_original_CA_coordinates.csv,204,3,0.5,10.5131
pdb7yxe_A_original_CA_coordinates.csv,148,3,0.5,93.4751
pdb5pws_A_original_CA_coordinates.csv,178,3,0.5,24.0956
pdb3prp_A_original_CA_coordinates.csv,161,3,0.5,0.0601225
pdb4df1_A_original_CA_coordinates.csv,199,3,0.5,0.725213
pdb4f0l_A_original_CA_coordinates.csv,448,3,0.5,0.505132
pdb2rke_A_original_CA_coordinates.csv,612,3,0.5,1.30499
pdb4lc4_A_original_CA_coordinates.csv,320,3,0.5,17.9878
pdb6ydx_A_original_CA_coordinates.csv,856,3,0.5,0.0658083
pdb2osm_A_original_CA_coordinates.csv,258,3,0.5,4.57648
pdb7zp7_A_original_CA_coordinates.csv,305,3,0.5,3.06891
pdb7kvo_A_original_CA_coordinates.csv,457,3,0.5,6.8351
pdb3bq9_A_original_CA_coordinates.csv,446,3,0.5,8.19894
pdb6cia_A_original_CA_coordinates.csv,284,3,0.5,6.64339
pdb3pp4_H_original_CA_coordinates.csv,220,3,0.5,22.0118
pdb3zl4_H_original_CA_coordinates.csv,231,3,0.5,6.77093
pdb4j5u_A_original_CA_coordinates.csv,419,3,0.5,50.5993
pdb5pi5_A_original_CA_coordinates.csv,331,3,0.5,23.0758
pdb7x2m_E_original_CA_coordinates.csv,196,3,0.5,268.82
pdb4uzq_A_original_CA_coordinates.csv,355,3,0.5,41.6807
pdb3v0j_A_original_CA_coordinates.csv,319,3,0.5,2.38132
pdb4n0h_A_original_CA_coordinates.csv,446,3,0.5,488.528
pdb1xdx_A_original_CA_coordinates.csv,114,3,0.5,0.100382
pdb8oge_A_original_CA_coordinates.csv,257,3,0.5,4.56229
pdb7z8n_A_original_CA_coordinates.csv,286,3,0.5,88.6981
pdb6iyy_A_original_CA_coordinates.csv,312,3,0.5,0.31076
pdb2qei_A_original_CA_coordinates.csv,511,3,0.5,231.279
pdb6blf_A_original_CA_coordinates.csv,348,3,0.5,290.332
pdb5hvn_A_original_CA_coordinates.csv,354,3,0.5,0.402137
pdb3q67_A_original_CA_coordinates.csv,316,3,0.5,3.75706
pdb5s88_A_original_CA_coordinates.csv,283,3,0.5,0.164333
pdb2lpc_A_original_CA_coordinates.csv,185,3,0.5,4.45206
pdb8dxg_A_original_CA_coordinates.csv,556,3,0.5,2013.36
pdb5mnp_A_original_CA_coordinates.csv,220,3,0.5,3.98747
pdb6d7y_A_original_CA_coordinates.csv,89,3,0.5,9.85226
pdb3fa2_A_original_CA_coordinates.csv,203,3,0.5,27.8162
pdb1eye_A_original_CA_coordinates.csv,256,3,0.5,31.7864
pdb4nif_A_original_CA_coordinates.csv,313,3,0.5,78.9059
pdb6tcu_A_original_CA_coordinates.csv,349,3,0.5,32.3133
pdb6d1j_A_original_CA_coordinates.csv,229,3,0.5,19.7643
pdb4dzu_A_original_CA_coordinates.csv,188,3,0.5,1.38645
pdb8as7_A_original_CA_coordinates.csv,1575,3,0.5,0.0209762
pdb5jep_B_original_CA_coordinates.csv,258,3,0.5,128.282
pdb3oc8_A_original_CA_coordinates.csv,134,3,0.5,0.449266
pdb5th2_A_original_CA_coordinates.csv,213,3,0.5,9.74684
pdb5tfb_A_original_CA_coordinates.csv,215,3,0.5,8.44398
pdb5mbc_A_original_CA_coordinates.csv,342,3,0.5,1.98858
pdb2k20_A_original_CA_coordinates.csv,104,3,0.5,8.12792
pdb4rw4_A_original_CA_coordinates.csv,538,3,0.5,14.2466
pdb3hn5_A_original_CA_coordinates.csv,199,3,0.5,99.1674
pdb5lwx_A_original_CA_coordinates.csv,554,3,0.5,21.6056
pdb5fmr_A_original_CA_coordinates.csv,242,3,0.5,0.834019
pdb6w39_A_original_CA_coordinates.csv,374,3,0.5,4.17305
pdb2y6r_A_original_CA_coordinates.csv,366,3,0.5,0.537071
pdb5r19_A_original_CA_coordinates.csv,237,3,0.5,34.9818
pdb8fgs_A_original_CA_coordinates.csv,401,3,0.5,34.654
pdb5dr1_A_original_CA_coordinates.csv,330,3,0.5,2.16781
pdb5d2r_A_original_CA_coordinates.csv,420,3,0.5,16.7359
pdb2vqp_A_original_CA_coordinates.csv,254,3,0.5,4.96041
pdb5lqd_A_original_CA_coordinates.csv,446,3,0.5,16.7344
pdb6svu_A_original_CA_coordinates.csv,220,3,0.5,14.5281
pdb7m1z_A_original_CA_coordinates.csv,358,3,0.5,5.97083
pdb4j5q_A_original_CA_coordinates.csv,146,3,0.5,17.0588
pdb7l1z_A_original_CA_coordinates.csv,221,3,0.5,0.220424
pdb2gzo_A_original_CA_coordinates.csv,187,3,0.5,11.5779
pdb6frr_A_original_CA_coordinates.csv,92,3,0.5,10.3056
pdb5qow_A_original_CA_coordinates.csv,149,3,0.5,9.15301
pdb7zy9_A_original_CA_coordinates.csv,303,3,0.5,3.27758
pdb3pzb_A_original_CA_coordinates.csv,357,3,0.5,67.7834
pdb7sv4_A_original_CA_coordinates.csv,170,3,0.5,0.680709
pdb8fll_A_original_CA_coordinates.csv,264,3,0.5,1.11631
pdb2kko_A_original_CA_coordinates.csv,108,3,0.5,0.0720542
pdb6tyk_A_original_CA_coordinates.csv,185,3,0.5,47.4606
pdb6toy_A_original_CA_coordinates.csv,481,3,0.5,1.57394
pdb4d8b_A_original_CA_coordinates.csv,254,3,0.5,7.0746
pdb5o2n_A_original_CA_coordinates.csv,564,3,0.5,8.89175
pdb7qcb_A_original_CA_coordinates.csv,240,3,0.5,11.5859
pdb6lj6_A_original_CA_coordinates.csv,229,3,0.5,48.9548
pdb3p5g_A_original_CA_coordinates.csv,128,3,0.5,5.60607
pdb2a40_A_original_CA_coordinates.csv,361,3,0.5,0.141522
pdb4y6g_A_original_CA_coordinates.csv,257,3,0.5,13.9665
pdb6sf8_A_original_CA_coordinates.csv,361,3,0.5,82.8027
pdb3uwd_A_original_CA_coordinates.csv,380,3,0.5,16.0302
pdb4jld_A_original_CA_coordinates.csv,203,3,0.5,3.09389
pdb5pck_A_original_CA_coordinates.csv,115,3,0.5,133.113
pdb5k45_A_original_CA_coordinates.csv,328,3,0.5,1.58866
pdb8r8i_A_original_CA_coordinates.csv,152,3,0.5,9.83672
pdb3tu3_A_original_CA_coordinates.csv,119,3,0.5,2.95389
pdb4brq_A_original_CA_coordinates.csv,359,3,0.5,1.70227
pdb5fsn_A_original_CA_coordinates.csv,154,3,0.5,4.75911
pdb5ufg_A_original_CA_coordinates.csv,464,3,0.5,0.586941
pdb5e5h_A_original_CA_coordinates.csv,510,3,0.5,2.19232
pdb8rnv_A_original_CA_coordinates.csv,129,3,0.5,0.148545
pdb6uwq_A_original_CA_coordinates.csv,163,3,0.5,4.09346
pdb5pdk_A_original_CA_coordinates.csv,115,3,0.5,0.167741
pdb5eh8_A_original_CA_coordinates.csv,258,3,0.5,2.2977
pdb8f9s_H_original_CA_coordinates.csv,216,3,0.5,42.007
pdb2r48_A_original_CA_coordinates.csv,104,3,0.5,8.62882
pdb2vfe_A_original_CA_coordinates.csv,247,3,0.5,120.452
pdb3bcb_A_original_CA_coordinates.csv,444,3,0.5,6.8626
pdb6igy_A_original_CA_coordinates.csv,391,3,0.5,33.0282
pdb3oo5_A_original_CA_coordinates.csv,140,3,0.5,1.02585
pdb7tqe_A_original_CA_coordinates.csv,273,3,0.5,27.4931
pdb2rpq_A_original_CA_coordinates.csv,93,3,0.5,7.53161
pdb4cbx_A_original_CA_coordinates.csv,358,3,0.5,0.324034
pdb6g6p_A_original_CA_coordinates.csv,318,3,0.5,0.0411663
pdb4e5w_A_original_CA_coordinates.csv,292,3,0.5,76.0971
pdb7fiv_A_original_CA_coordinates.csv,408,3,0.5,1.55174
pdb3dn2_A_original_CA_coordinates.csv,164,3,0.5,0.470246
pdb5hq8_A_original_CA_coordinates.csv,426,3,0.5,0.989987
pdb2oh5_A_original_CA_coordinates.csv,247,3,0.5,0.174596
pdb1yb7_A_original_CA_coordinates.csv,256,3,0.5,391.028
pdb6b1m_B_original_CA_coordinates.csv,378,3,0.5,6.18784
pdb6ri6_A_original_CA_coordinates.csv,497,3,0.5,3.17057
pdb4j89_A_original_CA_coordinates.csv,228,3,0.5,3.00557
pdb4cp8_A_original_CA_coordinates.csv,448,3,0.5,93.5512
pdb2w4j_A_original_CA_coordinates.csv,276,3,0.5,15.1985
pdb4eiu_A_original_CA_coordinates.csv,238,3,0.5,56.8717
pdb3ek3_A_original_CA_coordinates.csv,184,3,0.5,2.36943
pdb3fdr_A_original_CA_coordinates.csv,89,3,0.5,0.314952
pdb3kkn_A_original_CA_coordinates.csv,166,3,0.5,4.9022
pdb4mzk_A_original_CA_coordinates.csv,142,3,0.5,0.12815
pdb1o1w_A_original_CA_coordinates.csv,138,3,0.5,46.013
pdb7cml_A_original_CA_coordinates.csv,334,3,0.5,18.6797
pdb5vwl_A_original_CA_coordinates.csv,105,3,0.5,0.701557
pdb6xrv_A_original_CA_coordinates.csv,269,3,0.5,0.104323
pdb3sbq_A_original_CA_coordinates.csv,581,3,0.5,0.0478534
pdb5zp1_A_original_CA_coordinates.csv,619,3,0.5,20.857
pdb1i1w_A_original_CA_coordinates.csv,302,3,0.5,21.2219
pdb2pcf_A_original_CA_coordinates.csv,99,3,0.5,13.3381
pdb6nec_A_original_CA_coordinates.csv,287,3,0.5,0.864088
pdb5obi_A_original_CA_coordinates.csv,445,3,0.5,0.672391
pdb4mst_A_original_CA_coordinates.csv,241,3,0.5,43.4351
pdb7kxl_A_original_CA_coordinates.csv,267,3,0.5,4.57794
pdb3lhn_A_original_CA_coordinates.csv,106,3,0.5,5.45195
pdb5q5d_A_original_CA_coordinates.csv,341,3,0.5,0.498285
pdb1xee_A_original_CA_coordinates.csv,91,3,0.5,1.27945
pdb7kz6_A_original_CA_coordinates.csv,438,3,0.5,330.251
pdb3hn4_A_original_CA_coordinates.csv,256,3,0.5,2.62865
pdb6b9h_A_original_CA_coordinates.csv,151,3,0.5,10.6244
pdb6wtp_A_original_CA_coordinates.csv,274,3,0.5,5.48337
pdb7g03_A_original_CA_coordinates.csv,133,3,0.5,46.534
pdb5nqf_A_original_CA_coordinates.csv,298,3,0.5,7.90852
pdb6gqu_A_original_CA_coordinates.csv,232,3,0.5,0.499731
pdb2l0i_A_original_CA_coordinates.csv,136,3,0.5,0.142204
pdb5sh7_A_original_CA_coordinates.csv,312,3,0.5,33.519
pdb2y2v_A_original_CA_coordinates.csv,530,3,0.5,9.19652
pdb1v06_A_original_CA_coordinates.csv,138,3,0.5,27.3503
pdb4idi_A_original_CA_coordinates.csv,117,3,0.5,5.71984
pdb3tid_A_original_CA_coordinates.csv,277,3,0.5,35.8367
pdb2m2a_A_original_CA_coordinates.csv,148,3,0.5,0.992625
pdb7g91_A_original_CA_coordinates.csv,178,3,0.5,10.2917
pdb6s0u_A_original_CA_coordinates.csv,276,3,0.5,19.3846
pdb5vl0_A_original_CA_coordinates.csv,374,3,0.5,159.043
pdb7rzk_A_original_CA_coordinates.csv,208,3,0.5,12.3675
pdb7g9j_A_original_CA_coordinates.csv,178,3,0.5,23.092
pdb5uwo_A_original_CA_coordinates.csv,205,3,0.5,25.3195
pdb4mp3_A_original_CA_coordinates.csv,321,3,0.5,39.043
pdb3bhg_A_original_CA_coordinates.csv,437,3,0.5,129.42
pdb4u0j_A_original_CA_coordinates.csv,268,3,0.5,10.8101
pdb4fj7_A_original_CA_coordinates.csv,901,3,0.5,0.85975
pdb6q50_A_original_CA_coordinates.csv,318,3,0.5,20.4118
pdb5szt_A_original_CA_coordinates.csv,540,3,0.5,9.90107
pdb4lmw_A_original_CA_coordinates.csv,250,3,0.5,1.09595
pdb8a1b_A_original_CA_coordinates.csv,295,3,0.5,0.283875
pdb7g96_A_original_CA_coordinates.csv,178,3,0.5,43.2338
pdb3n61_A_original_CA_coordinates.csv,407,3,0.5,2.40398
pdb6en5_A_original_CA_coordinates.csv,605,3,0.5,6.79193
pdb5sdb_A_original_CA_coordinates.csv,186,3,0.5,27.7227
pdb7oul_A_original_CA_coordinates.csv,1032,3,0.5,0.757895
pdb3ct5_A_original_CA_coordinates.csv,159,3,0.5,1.05518
pdb5am2_A_original_CA_coordinates.csv,537,3,0.5,7.94721
pdb3b4w_A_original_CA_coordinates.csv,483,3,0.5,13.6677
pdb5s3f_A_original_CA_coordinates.csv,165,3,0.5,0.424078
pdb5pca_A_original_CA_coordinates.csv,115,3,0.5,0.0319369
pdb4ix6_A_original_CA_coordinates.csv,346,3,0.5,13.0982
pdb1irp_A_original_CA_coordinates.csv,153,3,0.5,113.906
pdb4yjt_A_original_CA_coordinates.csv,268,3,0.5,175.745
pdb4f64_A_original_CA_coordinates.csv,278,3,0.5,193.196
pdb7lub_A_original_CA_coordinates.csv,460,3,0.5,2.28547
pdb1x53_A_original_CA_coordinates.csv,145,3,0.5,0.449886
pdb5w80_A_original_CA_coordinates.csv,453,3,0.5,30.2611
pdb6jiz_A_original_CA_coordinates.csv,293,3,0.5,2.9859
pdb5fvp_A_original_CA_coordinates.csv,407,3,0.5,7.59664
pdb5r1t_A_original_CA_coordinates.csv,330,3,0.5,1.58506
pdb5owa_A_original_CA_coordinates.csv,110,3,0.5,1.4034
pdb4x12_A_original_CA_coordinates.csv,257,3,0.5,15.4677
pdb5n9x_A_original_CA_coordinates.csv,489,3,0.5,28.9655
pdb7l2f_A_original_CA_coordinates.csv,1088,3,0.5,3.9237
pdb7q6n_A_original_CA_coordinates.csv,197,3,0.5,19.4402
pdb5nin_B_original_CA_coordinates.csv,141,3,0.5,2.68331
pdb2wfz_A_original_CA_coordinates.csv,532,3,0.5,14.7732
pdb5mgi_A_original_CA_coordinates.csv,264,3,0.5,3.22149
pdb5emk_A_original_CA_coordinates.csv,625,3,0.5,0.409654
pdb5k0p_A_original_CA_coordinates.csv,103,3,0.5,0.687692
pdb5k1l_A_original_CA_coordinates.csv,137,3,0.5,16.3708
pdb4g89_A_original_CA_coordinates.csv,233,3,0.5,8.64836
pdb4uac_A_original_CA_coordinates.csv,383,3,0.5,334.72
pdb6sap_A_original_CA_coordinates.csv,119,3,0.5,0.714344
pdb4l3n_A_original_CA_coordinates.csv,209,3,0.5,31.9587
pdb7cjv_A_original_CA_coordinates.csv,110,3,0.5,48.3148
pdb7z57_A_original_CA_coordinates.csv,581,3,0.5,41.9398
pdb3atb_A_original_CA_coordinates.csv,196,3,0.5,26.0096
pdb1rky_A_original_CA_coordinates.csv,734,3,0.5,18.3669
pdb4r8x_A_original_CA_coordinates.csv,315,3,0.5,88.0158
pdb3zo3_A_original_CA_coordinates.csv,337,3,0.5,0.118852
pdb7skw_A_original_CA_coordinates.csv,129,3,0.5,0.0737078
pdb7nnx_A_original_CA_coordinates.csv,240,3,0.5,94.5831
pdb1e4d_A_original_CA_coordinates.csv,242,3,0.5,2.41075
pdb3o1t_A_original_CA_coordinates.csv,202,3,0.5,285.695
pdb1rkt_A_original_CA_coordinates.csv,201,3,0.5,9.84082
pdb5eif_A_original_CA_coordinates.csv,256,3,0.5,8.2687
pdb4g0i_A_original_CA_coordinates.csv,327,3,0.5,6.00175
pdb2h8m_A_original_CA_coordinates.csv,215,3,0.5,32.0725
pdb6n6l_A_original_CA_coordinates.csv,348,3,0.5,6.3409
pdb8one_A_original_CA_coordinates.csv,696,3,0.5,1.73263
pdb5rh0_A_original_CA_coordinates.csv,304,3,0.5,0.507119
pdb4y4x_A_original_CA_coordinates.csv,330,3,0.5,7.12714
pdb5cf1_A_original_CA_coordinates.csv,139,3,0.5,12.137
pdb2kxv_A_original_CA_coordinates.csv,174,3,0.5,0.244459
pdb2yv9_A_original_CA_coordinates.csv,285,3,0.5,142.254
pdb7ak3_A_original_CA_coordinates.csv,337,3,0.5,19.4421
pdb5njq_A_original_CA_coordinates.csv,129,3,0.5,1.17568
pdb2hib_X_original_CA_coordinates.csv,274,3,0.5,0.0675799
pdb7c0o_A_original_CA_coordinates.csv,397,3,0.5,2.83905
pdb2rvh_A_original_CA_coordinates.csv,108,3,0.5,17.5299
pdb4xo8_A_original_CA_coordinates.csv,158,3,0.5,10.6953
pdb4kxq_A_original_CA_coordinates.csv,279,3,0.5,32.0213
pdb3bfm_A_original_CA_coordinates.csv,225,3,0.5,3.03808
pdb7f6f_A_original_CA_coordinates.csv,337,3,0.5,1.46588
pdb5nr8_A_original_CA_coordinates.csv,377,3,0.5,2.83488
pdb5m60_A_original_CA_coordinates.csv,754,3,0.5,0.169009
pdb4be5_A_original_CA_coordinates.csv,224,3,0.5,131.1
pdb4m1j_C_original_CA_coordinates.csv,548,3,0.5,4.56769
pdb6xuq_A_original_CA_coordinates.csv,514,3,0.5,17.6163
pdb5ot5_A_original_CA_coordinates.csv,326,3,0.5,6.99769
pdb8dpq_A_original_CA_coordinates.csv,262,3,0.5,478.487
pdb2mbc_A_original_CA_coordinates.csv,162,3,0.5,1.88615
pdb8adc_B_original_CA_coordinates.csv,201,3,0.5,32.1034
pdb3kv6_A_original_CA_coordinates.csv,447,3,0.5,40.4995
pdb3g3k_A_original_CA_coordinates.csv,254,3,0.5,443.215
pdb8pd6_A_original_CA_coordinates.csv,181,3,0.5,0.642902
pdb4rjx_A_original_CA_coordinates.csv,425,3,0.5,3.91646
pdb5nrm_A_original_CA_coordinates.csv,141,3,0.5,15.4044
pdb2d9j_A_original_CA_coordinates.csv,139,3,0.5,12.6657
pdb6rg7_A_original_CA_coordinates.csv,257,3,0.5,25.6104
pdb3it2_A_original_CA_coordinates.csv,329,3,0.5,15.1702
pdb5rk4_A_original_CA_coordinates.csv,119,3,0.5,11.6171
pdb6s3c_A_original_CA_coordinates.csv,229,3,0.5,12.5846
pdb5mzr_A_original_CA_coordinates.csv,311,3,0.5,69.1044
pdb3cp5_A_original_CA_coordinates.csv,116,3,0.5,12.5056
pdb6fqz_A_original_CA_coordinates.csv,468,3,0.5,80.5666
pdb3o5c_A_original_CA_coordinates.csv,308,3,0.5,4.82537
pdb2fr2_A_original_CA_coordinates.csv,161,3,0.5,1.84366
pdb5y53_A_original_CA_coordinates.csv,132,3,0.5,2.6924
pdb8gfn_A_original_CA_coordinates.csv,301,3,0.5,21.3245
pdb5pio_A_original_CA_coordinates.csv,331,3,0.5,0.329121
pdb5old_A_original_CA_coordinates.csv,124,3,0.5,0.68815
pdb6t6y_A_original_CA_coordinates.csv,253,3,0.5,4.84265
pdb4xbk_A_original_CA_coordinates.csv,217,3,0.5,6.54676
pdb6jmp_A_original_CA_coordinates.csv,469,3,0.5,37.9461
pdb7ker_A_original_CA_coordinates.csv,250,3,0.5,8.22976
pdb6ji3_A_original_CA_coordinates.csv,124,3,0.5,47.5022
pdb3k5j_A_original_CA_coordinates.csv,178,3,0.5,0.103405
pdb7tl3_A_original_CA_coordinates.csv,184,3,0.5,0.050181
pdb2kfl_A_original_CA_coordinates.csv,112,3,0.5,13.1016
pdb3pxw_A_original_CA_coordinates.csv,354,3,0.5,26.8924
pdb4nc5_A_original_CA_coordinates.csv,354,3,0.5,0.676713
pdb5n02_A_original_CA_coordinates.csv,262,3,0.5,5.65281
pdb6hrg_A_original_CA_coordinates.csv,233,3,0.5,63.5925
pdb5el2_A_original_CA_coordinates.csv,125,3,0.5,6.66288
pdb7dvk_A_original_CA_coordinates.csv,163,3,0.5,19.6781
pdb1p97_A_original_CA_coordinates.csv,114,3,0.5,0.266036
pdb2hrm_A_original_CA_coordinates.csv,137,3,0.5,1.40774
pdb4jla_A_original_CA_coordinates.csv,203,3,0.5,1.84205
pdb3a96_A_original_CA_coordinates.csv,129,3,0.5,2.15702
pdb6fae_A_original_CA_coordinates.csv,335,3,0.5,34.3477
pdb7mzr_A_original_CA_coordinates.csv,192,3,0.5,241.758
pdb3l0g_A_original_CA_coordinates.csv,272,3,0.5,4.00865
pdb5pkt_A_original_CA_coordinates.csv,331,3,0.5,1.03074
pdb3uny_A_original_CA_coordinates.csv,391,3,0.5,54.6605
pdb4zx0_A_original_CA_coordinates.csv,257,3,0.5,2.28167
pdb5ska_A_original_CA_coordinates.csv,312,3,0.5,19.6096
pdb4uvn_A_original_CA_coordinates.csv,209,3,0.5,2.77047
pdb7s0l_A_original_CA_coordinates.csv,304,3,0.5,13.8578
pdb2w3w_A_original_CA_coordinates.csv,164,3,0.5,0.191335
pdb4exl_A_original_CA_coordinates.csv,261,3,0.5,54.9717
pdb5zma_B_original_CA_coordinates.csv,253,3,0.5,2.69427
pdb4gtr_A_original_CA_coordinates.csv,315,3,0.5,70.4691
pdb5sgv_A_original_CA_coordinates.csv,311,3,0.5,42.4571
pdb5c4z_A_original_CA_coordinates.csv,129,3,0.5,47.4496
pdb6n97_A_original_CA_coordinates.csv,260,3,0.5,1.46921
pdb5hgn_A_original_CA_coordinates.csv,205,3,0.5,1.5451
pdb8bj1_A_original_CA_coordinates.csv,358,3,0.5,7.63015
pdb3kvm_A_original_CA_coordinates.csv,366,3,0.5,3.34443
pdb5e2c_A_original_CA_coordinates.csv,129,3,0.5,2.25632
pdb2x63_A_original_CA_coordinates.csv,258,3,0.5,22.1951
pdb2pke_A_original_CA_coordinates.csv,228,3,0.5,0.807014
pdb8d3v_A_original_CA_coordinates.csv,960,3,0.5,0.0675197
pdb3ozf_A_original_CA_coordinates.csv,233,3,0.5,10.5558
pdb7t5e_A_original_CA_coordinates.csv,223,3,0.5,0.511791
pdb7z1y_A_original_CA_coordinates.csv,195,3,0.5,27.7563
pdb7avt_A_original_CA_coordinates.csv,466,3,0.5,139.499
pdb4att_A_original_CA_coordinates.csv,158,3,0.5,4.47018
pdb4x9s_A_original_CA_coordinates.csv,241,3,0.5,12.3634
pdb4e17_A_original_CA_coordinates.csv,246,3,0.5,19.2882
pdb2q7i_A_original_CA_coordinates.csv,241,3,0.5,15.3874
pdb4ejm_A_original_CA_coordinates.csv,339,3,0.5,1.14422
pdb1tf9_A_original_CA_coordinates.csv,275,3,0.5,76.6444
pdb3olp_A_original_CA_coordinates.csv,543,3,0.5,26.955
pdb6mss_A_original_CA_coordinates.csv,181,3,0.5,8.13911
pdb5ucr_A_original_CA_coordinates.csv,271,3,0.5,87.1056
pdb7axx_A_original_CA_coordinates.csv,309,3,0.5,1.19542
pdb5k4j_A_original_CA_coordinates.csv,282,3,0.5,0.874731
pdb6x5h_A_original_CA_coordinates.csv,467,3,0.5,14.9544
pdb6cbn_A_original_CA_coordinates.csv,409,3,0.5,0.621326
pdb3it5_A_original_CA_coordinates.csv,182,3,0.5,64.936
pdb6kqf_A_original_CA_coordinates.csv,231,3,0.5,92.4462
pdb6o3k_L_original_CA_coordinates.csv,213,3,0.5,222.881
pdb4alg_A_original_CA_coordinates.csv,118,3,0.5,0.76312
pdb2hej_A_original_CA_coordinates.csv,318,3,0.5,3.66543
pdb4g7p_A_original_CA_coordinates.csv,213,3,0.5,25.7493
pdb4jjj_A_original_CA_coordinates.csv,636,3,0.5,36.3932
pdb3r17_B_original_CA_coordinates.csv,257,3,0.5,462.99
pdb2g7j_A_original_CA_coordinates.csv,112,3,0.5,3.17905
pdb5i6o_A_original_CA_coordinates.csv,332,3,0.5,306.593
pdb8gv3_A_original_CA_coordinates.csv,373,3,0.5,10.2128
pdb4uav_A_original_CA_coordinates.csv,246,3,0.5,9.68154
pdb7p4l_A_original_CA_coordinates.csv,477,3,0.5,36.9726
pdb4fp3_A_original_CA_coordinates.csv,658,3,0.5,14.4941
pdb3sr3_A_original_CA_coordinates.csv,333,3,0.5,1.59131
pdb6yw4_A_original_CA_coordinates.csv,210,3,0.5,19.0102
pdb3tar_A_original_CA_coordinates.csv,580,3,0.5,1.87215
pdb7rib_A_original_CA_coordinates.csv,121,3,0.5,11.4913
pdb6ia1_A_original_CA_coordinates.csv,295,3,0.5,2.73232
pdb6s67_A_original_CA_coordinates.csv,223,3,0.5,90.0827
pdb2bw9_M_original_CA_coordinates.csv,153,3,0.5,11.2363
pdb4ru2_A_original_CA_coordinates.csv,111,3,0.5,1.02
pdb2knr_A_original_CA_coordinates.csv,118,3,0.5,0.563304
pdb3dx3_A_original_CA_coordinates.csv,1015,3,0.5,0.755831
pdb7n3v_A_original_CA_coordinates.csv,266,3,0.5,4.84865
pdb5eqc_A_original_CA_coordinates.csv,426,3,0.5,11.0415
pdb8g9d_A_original_CA_coordinates.csv,135,3,0.5,18.4199
pdb5s8d_A_original_CA_coordinates.csv,119,3,0.5,0.0420509
pdb1rst_B_original_CA_coordinates.csv,123,3,0.5,0.490121
pdb6thm_A_original_CA_coordinates.csv,364,3,0.5,12.733
pdb5tgd_A_original_CA_coordinates.csv,249,3,0.5,42.8894
pdb2el8_A_original_CA_coordinates.csv,118,3,0.5,34.1136
pdb2k3q_A_original_CA_coordinates.csv,118,3,0.5,16.9207
pdb2y5z_A_original_CA_coordinates.csv,393,3,0.5,0.779857
pdb4ee6_A_original_CA_coordinates.csv,280,3,0.5,12.2654
pdb6cam_A_original_CA_coordinates.csv,351,3,0.5,2.57363
pdb3frs_A_original_CA_coordinates.csv,175,3,0.5,1.83679
pdb7l99_A_original_CA_coordinates.csv,113,3,0.5,0.0247001
pdb6wcp_A_original_CA_coordinates.csv,440,3,0.5,74.9395
pdb5myd_A_original_CA_coordinates.csv,160,3,0.5,8.12373
pdb5swa_A_original_CA_coordinates.csv,448,3,0.5,73.7006
pdb3u79_A_original_CA_coordinates.csv,111,3,0.5,39.4054
pdb4gfq_A_original_CA_coordinates.csv,186,3,0.5,64.6133
pdb7fn3_A_original_CA_coordinates.csv,237,3,0.5,40.9408
pdb1w5n_A_original_CA_coordinates.csv,322,3,0.5,28.8883
pdb7b4d_A_original_CA_coordinates.csv,197,3,0.5,12.4533
pdb3gs9_A_original_CA_coordinates.csv,300,3,0.5,114.91
pdb6lx8_A_original_CA_coordinates.csv,264,3,0.5,62.929
pdb5dem_A_original_CA_coordinates.csv,257,3,0.5,0.0916086
pdb6q7r_A_original_CA_coordinates.csv,228,3,0.5,4.2993
pdb6nvf_A_original_CA_coordinates.csv,227,3,0.5,0.245458
pdb4g7a_A_original_CA_coordinates.csv,224,3,0.5,20.9748
pdb7owm_A_original_CA_coordinates.csv,392,3,0.5,0.325199
pdb5fr0_A_original_CA_coordinates.csv,576,3,0.5,1.85641
pdb4crp_A_original_CA_coordinates.csv,107,3,0.5,0.997766
pdb5scp_A_original_CA_coordinates.csv,168,3,0.5,0.930451
pdb7tpv_A_original_CA_coordinates.csv,277,3,0.5,103.592
pdb4wqj_A_original_CA_coordinates.csv,367,3,0.5,4.16922
pdb6igh_A_original_CA_coordinates.csv,168,3,0.5,8.42448
pdb5q5s_A_original_CA_coordinates.csv,341,3,0.5,7.75573
pdb7lwg_A_original_CA_coordinates.csv,122,3,0.5,39.6236
pdb3ngi_A_original_CA_coordinates.csv,903,3,0.5,1.2479
pdb3nqo_A_original_CA_coordinates.csv,176,3,0.5,5.64618
pdb5ne5_A_original_CA_coordinates.csv,432,3,0.5,8.17448
pdb2m49_A_original_CA_coordinates.csv,126,3,0.5,3.62661
pdb7nzu_A_original_CA_coordinates.csv,257,3,0.5,89.5461
pdb3o9c_A_original_CA_coordinates.csv,99,3,0.5,4.11507
pdb3py8_A_original_CA_coordinates.csv,539,3,0.5,0.912877
pdb4p0d_A_original_CA_coordinates.csv,471,3,0.5,133.673
pdb8q9y_A_original_CA_coordinates.csv,471,3,0.5,69.2937
pdb6atj_A_original_CA_coordinates.csv,306,3,0.5,43.4044
pdb3vg2_A_original_CA_coordinates.csv,129,3,0.5,1.56412
pdb2omj_A_original_CA_coordinates.csv,89,3,0.5,2.31468
pdb2p10_A_original_CA_coordinates.csv,258,3,0.5,22.4726
pdb4gue_A_original_CA_coordinates.csv,286,3,0.5,7.96017
pdb6z35_A_original_CA_coordinates.csv,109,3,0.5,0.0664269
pdb5vmx_A_original_CA_coordinates.csv,122,3,0.5,7.63027
pdb2m8w_A_original_CA_coordinates.csv,91,3,0.5,0.700445
pdb7o6o_A_original_CA_coordinates.csv,227,3,0.5,10.7007
pdb4qgv_B_original_CA_coordinates.csv,137,3,0.5,24.2751
pdb4jll_A_original_CA_coordinates.csv,161,3,0.5,115.725
pdb7gdl_A_original_CA_coordinates.csv,304,3,0.5,6.30678
pdb7zqr_A_original_CA_coordinates.csv,411,3,0.5,6.55765
pdb7d3i_A_original_CA_coordinates.csv,305,3,0.5,29.2153
pdb7rjk_A_original_CA_coordinates.csv,121,3,0.5,15.8393
pdb4chm_A_original_CA_coordinates.csv,125,3,0.5,4.85047
pdb2k5w_A_original_CA_coordinates.csv,111,3,0.5,98.4688
pdb5btw_A_original_CA_coordinates.csv,132,3,0.5,0.354493
pdb2mc8_A_original_CA_coordinates.csv,114,3,0.5,5.92104
pdb3gzi_A_original_CA_coordinates.csv,196,3,0.5,1.41887
pdb3as0_A_original_CA_coordinates.csv,570,3,0.5,0.0785739
pdb8bwu_A_original_CA_coordinates.csv,261,3,0.5,93.6564
pdb5olr_A_original_CA_coordinates.csv,425,3,0.5,73.6018
pdb6f75_A_original_CA_coordinates.csv,323,3,0.5,97.025
pdb2kt7_A_original_CA_coordinates.csv,102,3,0.5,2.63945
pdb3fn6_A_original_CA_coordinates.csv,174,3,0.5,23.4632
pdb7qyo_A_original_CA_coordinates.csv,106,3,0.5,4.60511
pdb2xwh_A_original_CA_coordinates.csv,561,3,0.5,230.004
pdb1wfm_A_original_CA_coordinates.csv,138,3,0.5,143.569
pdb7oli_A_original_CA_coordinates.csv,242,3,0.5,0.229152
pdb1pu3_A_original_CA_coordinates.csv,105,3,0.5,8.72626
pdb5pun_A_original_CA_coordinates.csv,121,3,0.5,0.152469
pdb4dx2_A_original_CA_coordinates.csv,247,3,0.5,0.0560755
pdb2vpn_A_original_CA_coordinates.csv,306,3,0.5,4.05109
pdb3meh_A_original_CA_coordinates.csv,129,3,0.5,70.3559
pdb6r52_A_original_CA_coordinates.csv,194,3,0.5,2.03182
pdb7lwf_A_original_CA_coordinates.csv,122,3,0.5,11.0972
pdb6ez1_A_original_CA_coordinates.csv,110,3,0.5,0.140009
pdb5sd5_A_original_CA_coordinates.csv,166,3,0.5,30.0978
pdb3afn_B_original_CA_coordinates.csv,257,3,0.5,44.1319
pdb3nbr_A_original_CA_coordinates.csv,124,3,0.5,1.23876
pdb2j9m_A_original_CA_coordinates.csv,275,3,0.5,28.0802
pdb6h5u_A_original_CA_coordinates.csv,90,3,0.5,19.9451
pdb3wu5_A_original_CA_coordinates.csv,182,3,0.5,30.6259
pdb8dxt_L_original_CA_coordinates.csv,211,3,0.5,0.474476
pdb5qh8_A_original_CA_coordinates.csv,184,3,0.5,0.0893181
pdb5b2w_A_original_CA_coordinates.csv,452,3,0.5,45.655
pdb7ggm_A_original_CA_coordinates.csv,304,3,0.5,4.43704
pdb2nmx_A_original_CA_coordinates.csv,258,3,0.5,16.7873
pdb5ep7_A_original_CA_coordinates.csv,119,3,0.5,18.8599
pdb6nkg_A_original_CA_coordinates.csv,236,3,0.5,0.945877
pdb6rbs_A_original_CA_coordinates.csv,261,3,0.5,1.90073
pdb6g0n_A_original_CA_coordinates.csv,392,3,0.5,1.82077
pdb1uep_A_original_CA_coordinates.csv,103,3,0.5,1.30759
pdb3ipb_A_original_CA_coordinates.csv,115,3,0.5,4.96185
pdb3d0k_A_original_CA_coordinates.csv,283,3,0.5,1.77076
pdb4eo3_A_original_CA_coordinates.csv,321,3,0.5,48.8172
pdb5mnx_A_original_CA_coordinates.csv,220,3,0.5,78.2614
pdb4elz_A_original_CA_coordinates.csv,143,3,0.5,1.41549
pdb5cdv_A_original_CA_coordinates.csv,349,3,0.5,1.12074
pdb4js0_A_original_CA_coordinates.csv,178,3,0.5,0.0604006
pdb3v12_A_original_CA_coordinates.csv,220,3,0.5,730.994
pdb5uyj_A_original_CA_coordinates.csv,281,3,0.5,410.393
pdb4hhr_A_original_CA_coordinates.csv,640,3,0.5,102.777
pdb2b6c_A_original_CA_coordinates.csv,209,3,0.5,26.9097
pdb7c84_A_original_CA_coordinates.csv,189,3,0.5,52.7905
pdb5z0x_A_original_CA_coordinates.csv,124,3,0.5,11.7732
pdb5kts_A_original_CA_coordinates.csv,303,3,0.5,7.7071
pdb5kzl_A_original_CA_coordinates.csv,205,3,0.5,59.5692
pdb4h9a_A_original_CA_coordinates.csv,129,3,0.5,7.87675
pdb6m8v_A_original_CA_coordinates.csv,183,3,0.5,12.8154
pdb6a19_A_original_CA_coordinates.csv,334,3,0.5,4.85677
pdb2yjr_A_original_CA_coordinates.csv,278,3,0.5,114.38
pdb3rbb_A_original_CA_coordinates.csv,137,3,0.5,10.852
pdb6so2_A_original_CA_coordinates.csv,345,3,0.5,29.2312
pdb5zcj_A_original_CA_coordinates.csv,199,3,0.5,181.305
pdb7gru_A_original_CA_coordinates.csv,301,3,0.5,0.940212
pdb7nyq_A_original_CA_coordinates.csv,273,3,0.5,18.4849
pdb5pgj_A_original_CA_coordinates.csv,115,3,0.5,1.44036
pdb4r6y_A_original_CA_coordinates.csv,317,3,0.5,88.2527
pdb1w31_A_original_CA_coordinates.csv,340,3,0.5,63.9526
pdb8onc_A_original_CA_coordinates.csv,145,3,0.5,127.107
pdb3loc_A_original_CA_coordinates.csv,197,3,0.5,1.04273
pdb7nml_A_original_CA_coordinates.csv,130,3,0.5,0.214014
pdb3mho_A_original_CA_coordinates.csv,256,3,0.5,0.339815
pdb2lkt_A_original_CA_coordinates.csv,125,3,0.5,14.708
pdb8pp4_A_original_CA_coordinates.csv,172,3,0.5,6.15822
pdb5tgw_A_original_CA_coordinates.csv,109,3,0.5,0.0496748
pdb2y1e_A_original_CA_coordinates.csv,372,3,0.5,0.660136
pdb7m0d_A_original_CA_coordinates.csv,339,3,0.5,57.3362
pdb4d7g_A_original_CA_coordinates.csv,218,3,0.5,4.77485
pdb6yir_A_original_CA_coordinates.csv,366,3,0.5,183.404
pdb3rag_A_original_CA_coordinates.csv,223,3,0.5,27.5784
pdb4a9n_A_original_CA_coordinates.csv,112,3,0.5,82.8168
pdb5jiz_A_original_CA_coordinates.csv,151,3,0.5,2.73701
pdb4ycy_A_original_CA_coordinates.csv,323,3,0.5,80.4778
pdb6jhj_A_original_CA_coordinates.csv,231,3,0.5,11.7612
pdb6nih_A_original_CA_coordinates.csv,519,3,0.5,1.03006
pdb2qpv_A_original_CA_coordinates.csv,128,3,0.5,4.42726
pdb6l4w_A_original_CA_coordinates.csv,408,3,0.5,8.54536
pdb4ku0_A_original_CA_coordinates.csv,92,3,0.5,4.10984
pdb4hz2_A_original_CA_coordinates.csv,205,3,0.5,15.6339
pdb2rli_A_original_CA_coordinates.csv,170,3,0.5,5.85195
pdb8wjy_A_original_CA_coordinates.csv,291,3,0.5,14.5672
pdb8c2z_A_original_CA_coordinates.csv,333,3,0.5,0.164358
pdb6z0z_A_original_CA_coordinates.csv,180,3,0.5,2.54004
pdb8su4_A_original_CA_coordinates.csv,340,3,0.5,12.155
pdb6f9v_A_original_CA_coordinates.csv,605,3,0.5,10.5321
pdb5pph_A_original_CA_coordinates.csv,121,3,0.5,1.1758
pdb6xrc_A_original_CA_coordinates.csv,595,3,0.5,2.56052
pdb2m8x_A_original_CA_coordinates.csv,108,3,0.5,113.89
pdb8ra6_A_original_CA_coordinates.csv,152,3,0.5,1.95963
pdb5iby_A_original_CA_coordinates.csv,321,3,0.5,11.5113
pdb5qi7_A_original_CA_coordinates.csv,182,3,0.5,90.9952
pdb7zb1_A_original_CA_coordinates.csv,719,3,0.5,18.9694
pdb7rac_A_original_CA_coordinates.csv,299,3,0.5,107.417
pdb3iqz_A_original_CA_coordinates.csv,282,3,0.5,0.451242
pdb3nc7_A_original_CA_coordinates.csv,379,3,0.5,6.49932
pdb5mq1_A_original_CA_coordinates.csv,108,3,0.5,0.455002
pdb7cen_A_original_CA_coordinates.csv,153,3,0.5,27.3013
pdb5mdj_L_original_CA_coordinates.csv,598,3,0.5,100.263
pdb6z0v_A_original_CA_coordinates.csv,452,3,0.5,13.1793
pdb7kkz_L_original_CA_coordinates.csv,214,3,0.5,0.660477
pdb5nly_A_original_CA_coordinates.csv,349,3,0.5,1.16237
pdb3sg1_A_original_CA_coordinates.csv,419,3,0.5,4.75611
pdb6o55_A_original_CA_coordinates.csv,161,3,0.5,123.908
pdb1zq5_A_original_CA_coordinates.csv,314,3,0.5,1.80469
pdb8vsy_A_original_CA_coordinates.csv,318,3,0.5,0.400023
pdb7yz0_A_original_CA_coordinates.csv,437,3,0.5,2.61018
pdb7frm_A_original_CA_coordinates.csv,281,3,0.5,2.56267
pdb3bxe_A_original_CA_coordinates.csv,248,3,0.5,0.382592
pdb5g36_A_original_CA_coordinates.csv,242,3,0.5,45.7269
pdb3gby_A_original_CA_coordinates.csv,126,3,0.5,1.80385
pdb4xjl_A_original_CA_coordinates.csv,429,3,0.5,213.15
pdb4y5e_A_original_CA_coordinates.csv,330,3,0.5,15.186
pdb7zu3_A_original_CA_coordinates.csv,123,3,0.5,58.9743
pdb4tvv_A_original_CA_coordinates.csv,285,3,0.5,3.25068
pdb4odn_A_original_CA_coordinates.csv,150,3,0.5,8.43944
pdb6zqh_A_original_CA_coordinates.csv,1005,3,0.5,0.00116693
pdb2pd1_A_original_CA_coordinates.csv,101,3,0.5,13.5851
pdb6nx8_A_original_CA_coordinates.csv,313,3,0.5,6.28851
pdb7gs6_A_original_CA_coordinates.csv,301,3,0.5,33.6635
pdb3qee_A_original_CA_coordinates.csv,298,3,0.5,131.736
pdb4fti_A_original_CA_coordinates.csv,270,3,0.5,65.3177
pdb4g0w_A_original_CA_coordinates.csv,664,3,0.5,146.78
pdb6g8b_A_original_CA_coordinates.csv,868,3,0.5,47.0036
pdb6zyc_A_original_CA_coordinates.csv,148,3,0.5,10.4616
pdb7snk_A_original_CA_coordinates.csv,564,3,0.5,6.35049
pdb8fgj_A_original_CA_coordinates.csv,409,3,0.5,7.7319
pdb7kqm_A_original_CA_coordinates.csv,596,3,0.5,18.2968
pdb4o71_A_original_CA_coordinates.csv,127,3,0.5,1.43917
pdb4l1t_A_original_CA_coordinates.csv,116,3,0.5,11.3358
pdb4e0p_A_original_CA_coordinates.csv,317,3,0.5,119.105
pdb6ts5_A_original_CA_coordinates.csv,218,3,0.5,24.6327
pdb3fvk_A_original_CA_coordinates.csv,256,3,0.5,14.4056
pdb3sw6_A_original_CA_coordinates.csv,214,3,0.5,1.19207
pdb6c0d_A_original_CA_coordinates.csv,404,3,0.5,9.28223
pdb3s30_A_original_CA_coordinates.csv,250,3,0.5,2.20638
pdb3r8e_A_original_CA_coordinates.csv,290,3,0.5,2.48935
pdb7th7_A_original_CA_coordinates.csv,163,3,0.5,12.7542
pdb7zxc_X_original_CA_coordinates.csv,635,3,0.5,9.61612
pdb7wci_A_original_CA_coordinates.csv,133,3,0.5,4.25994
pdb4nno_A_original_CA_coordinates.csv,278,3,0.5,33.3749
pdb2qkf_A_original_CA_coordinates.csv,251,3,0.5,30.5993
pdb4rxt_A_original_CA_coordinates.csv,295,3,0.5,6.29492
pdb3fjn_A_original_CA_coordinates.csv,315,3,0.5,5.40024
pdb4mp4_A_original_CA_coordinates.csv,198,3,0.5,54.5749
pdb8d69_A_original_CA_coordinates.csv,129,3,0.5,0.486802
pdb5ufw_A_original_CA_coordinates.csv,237,3,0.5,10.8987
pdb5mng_A_original_CA_coordinates.csv,220,3,0.5,10.2112
pdb5c1m_A_original_CA_coordinates.csv,295,3,0.5,2.01393
pdb3r6g_A_original_CA_coordinates.csv,157,3,0.5,1.99444
pdb5det_A_original_CA_coordinates.csv,91,3,0.5,2.98468
pdb5zs6_A_original_CA_coordinates.csv,112,3,0.5,0.510213
pdb2yhc_A_original_CA_coordinates.csv,209,3,0.5,3.25057
pdb8gpd_A_original_CA_coordinates.csv,240,3,0.5,2.01936
pdb4r6w_A_original_CA_coordinates.csv,258,3,0.5,54.9797
pdb3x1m_A_original_CA_coordinates.csv,158,3,0.5,0.428418
pdb5rv9_A_original_CA_coordinates.csv,167,3,0.5,5.95934
pdb5vk7_A_original_CA_coordinates.csv,413,3,0.5,13.3456
pdb4obj_A_original_CA_coordinates.csv,99,3,0.5,84.5379
pdb3g25_A_original_CA_coordinates.csv,488,3,0.5,3.89929
pdb1m5b_A_original_CA_coordinates.csv,258,3,0.5,7.4704
pdb6bxp_A_original_CA_coordinates.csv,275,3,0.5,84.0268
pdb2n5d_A_original_CA_coordinates.csv,84,3,0.5,7.68379
pdb5poa_A_original_CA_coordinates.csv,123,3,0.5,0.311744
pdb7uu7_A_original_CA_coordinates.csv,298,3,0.5,15.6487
pdb2bys_A_original_CA_coordinates.csv,205,3,0.5,26.3217
pdb5zfl_A_original_CA_coordinates.csv,260,3,0.5,37.3121
pdb2w61_A_original_CA_coordinates.csv,470,3,0.5,0.227584
pdb4m5g_A_original_CA_coordinates.csv,159,3,0.5,5.79591
pdb6qvs_A_original_CA_coordinates.csv,269,3,0.5,14.6363
pdb5v7d_A_original_CA_coordinates.csv,161,3,0.5,0.794738
pdb4lpq_A_original_CA_coordinates.csv,198,3,0.5,0.751105
pdb2hq9_A_original_CA_coordinates.csv,132,3,0.5,23.505
pdb5ulj_A_original_CA_coordinates.csv,381,3,0.5,39.8164
pdb8b92_A_original_CA_coordinates.csv,253,3,0.5,7.22503
pdb6nt1_A_original_CA_coordinates.csv,682,3,0.5,0.00665936
pdb4ezt_A_original_CA_coordinates.csv,217,3,0.5,80.367
pdb3az6_A_original_CA_coordinates.csv,129,3,0.5,0.683737
pdb4p5a_A_original_CA_coordinates.csv,226,3,0.5,8.93775
pdb7lvj_A_original_CA_coordinates.csv,185,3,0.5,0.974079
pdb5r1h_A_original_CA_coordinates.csv,237,3,0.5,8.17068
pdb5fzb_A_original_CA_coordinates.csv,454,3,0.5,33.5014
pdb5s9v_A_original_CA_coordinates.csv,486,3,0.5,74.5022
pdb3pfv_A_original_CA_coordinates.csv,302,3,0.5,0.794923
pdb4o5l_L_original_CA_coordinates.csv,210,3,0.5,5.28694
pdb1z7a_A_original_CA_coordinates.csv,290,3,0.5,0.63224
pdb3m1l_A_original_CA_coordinates.csv,364,3,0.5,1.25464
pdb6otv_A_original_CA_coordinates.csv,350,3,0.5,12.0014
pdb6exd_A_original_CA_coordinates.csv,203,3,0.5,5.20188
pdb4otl_A_original_CA_coordinates.csv,409,3,0.5,22.5923
pdb5c5m_A_original_CA_coordinates.csv,129,3,0.5,2.00286
pdb7yxy_A_original_CA_coordinates.csv,1739,3,0.5,0.337768
pdb6pyb_A_original_CA_coordinates.csv,172,3,0.5,20.532
pdb4pdd_A_original_CA_coordinates.csv,302,3,0.5,9.15083
pdb2q5p_A_original_CA_coordinates.csv,256,3,0.5,8.45573
pdb4lc5_A_original_CA_coordinates.csv,189,3,0.5,0.66607
pdb1tey_A_original_CA_coordinates.csv,156,3,0.5,21.8303
pdb7w6f_A_original_CA_coordinates.csv,104,3,0.5,4.42194
pdb3fjl_A_original_CA_coordinates.csv,361,3,0.5,0.0253152
pdb4g0u_A_original_CA_coordinates.csv,655,3,0.5,13.1577
pdb3qlq_A_original_CA_coordinates.csv,236,3,0.5,9.23508
pdb2abd_A_original_CA_coordinates.csv,86,3,0.5,0.0245303
pdb7r68_A_original_CA_coordinates.csv,95,3,0.5,50.8875
pdb5err_A_original_CA_coordinates.csv,414,3,0.5,2.72935
pdb4usk_A_original_CA_coordinates.csv,345,3,0.5,1.62431
pdb5iay_A_original_CA_coordinates.csv,152,3,0.5,9.67436
pdb3zl1_A_original_CA_coordinates.csv,158,3,0.5,4.00366
pdb2v6o_A_original_CA_coordinates.csv,586,3,0.5,1.72838
pdb5k4x_A_original_CA_coordinates.csv,330,3,0.5,11.7816
pdb5grs_A_original_CA_coordinates.csv,375,3,0.5,39.3055
pdb6qfo_A_original_CA_coordinates.csv,1348,3,0.5,4.44121
pdb6lfj_A_original_CA_coordinates.csv,133,3,0.5,52.2792
pdb1tqw_A_original_CA_coordinates.csv,1014,3,0.5,0.000116656
pdb6myn_A_original_CA_coordinates.csv,322,3,0.5,1.9527
pdb8axy_A_original_CA_coordinates.csv,296,3,0.5,0.038256
pdb2j97_A_original_CA_coordinates.csv,98,3,0.5,229.328
pdb2mdr_A_original_CA_coordinates.csv,94,3,0.5,0.0555316
pdb6q4z_A_original_CA_coordinates.csv,310,3,0.5,31.9474
pdb2i9w_A_original_CA_coordinates.csv,173,3,0.5,11.2889
pdb5f1k_A_original_CA_coordinates.csv,244,3,0.5,30.1671
pdb6d30_A_original_CA_coordinates.csv,188,3,0.5,10.4002
pdb6nsn_A_original_CA_coordinates.csv,194,3,0.5,12.1948
pdb6xh2_A_original_CA_coordinates.csv,93,3,0.5,2.96104
pdb6vfz_A_original_CA_coordinates.csv,416,3,0.5,11.0418
pdb2vtw_A_original_CA_coordinates.csv,205,3,0.5,11.7453
pdb1aac_A_original_CA_coordinates.csv,105,3,0.5,3.26682
pdb4tqf_A_original_CA_coordinates.csv,258,3,0.5,89.7056
pdb3i0p_A_original_CA_coordinates.csv,361,3,0.5,190.194
pdb2rqq_A_original_CA_coordinates.csv,113,3,0.5,6.09381
pdb6wqp_A_original_CA_coordinates.csv,347,3,0.5,37.7005
pdb7mu7_A_original_CA_coordinates.csv,263,3,0.5,6.05678
pdb5egv_A_original_CA_coordinates.csv,229,3,0.5,0.947073
pdb7qcx_A_original_CA_coordinates.csv,96,3,0.5,1.85022
pdb2oy3_A_original_CA_coordinates.csv,98,3,0.5,10.7113
pdb6qqw_A_original_CA_coordinates.csv,212,3,0.5,35.7383
pdb5pe3_A_original_CA_coordinates.csv,115,3,0.5,3.57362
pdb8szo_A_original_CA_coordinates.csv,233,3,0.5,2.53345
pdb2mf7_A_original_CA_coordinates.csv,127,3,0.5,10.345
pdb3juc_A_original_CA_coordinates.csv,149,3,0.5,34.9186
pdb4unu_A_original_CA_coordinates.csv,109,3,0.5,29.7004
pdb1o2z_A_original_CA_coordinates.csv,219,3,0.5,0.289232
pdb5dyg_A_original_CA_coordinates.csv,446,3,0.5,746.673
pdb1o1h_A_original_CA_coordinates.csv,386,3,0.5,5.01005
pdb5oqe_A_original_CA_coordinates.csv,216,3,0.5,0.292019
pdb6mx0_A_original_CA_coordinates.csv,169,3,0.5,255.394
pdb6w88_A_original_CA_coordinates.csv,276,3,0.5,0.43987
pdb6bg5_A_original_CA_coordinates.csv,366,3,0.5,33.2893
pdb6hw2_A_original_CA_coordinates.csv,127,3,0.5,90.1233
pdb7ahs_A_original_CA_coordinates.csv,271,3,0.5,21.1777
pdb7pqt_A_original_CA_coordinates.csv,318,3,0.5,12.7963
pdb7bze_A_original_CA_coordinates.csv,108,3,0.5,0.529809
pdb3on6_A_original_CA_coordinates.csv,428,3,0.5,29.8713
pdb3d33_A_original_CA_coordinates.csv,92,3,0.5,7.46608
pdb5ma2_A_original_CA_coordinates.csv,445,3,0.5,31.1749
pdb2kbw_A_original_CA_coordinates.csv,160,3,0.5,0.015535
pdb5t4l_A_original_CA_coordinates.csv,396,3,0.5,16.5678
pdb5w2q_A_original_CA_coordinates.csv,414,3,0.5,142.997
pdb7bhl_A_original_CA_coordinates.csv,129,3,0.5,0.448902
pdb7wn9_A_original_CA_coordinates.csv,339,3,0.5,2.54808
pdb6z1y_A_original_CA_coordinates.csv,244,3,0.5,0.291937
pdb7k33_A_original_CA_coordinates.csv,395,3,0.5,26.4815
pdb8ad3_A_original_CA_coordinates.csv,277,3,0.5,8.09451
pdb2xb4_A_original_CA_coordinates.csv,223,3,0.5,437.262
pdb4bcn_A_original_CA_coordinates.csv,296,3,0.5,12.5328
pdb7zej_A_original_CA_coordinates.csv,341,3,0.5,28.5323
pdb6krg_A_original_CA_coordinates.csv,218,3,0.5,9.85688
pdb4s35_A_original_CA_coordinates.csv,195,3,0.5,21.2437
pdb2loz_A_original_CA_coordinates.csv,147,3,0.5,45.2776
pdb7frr_A_original_CA_coordinates.csv,297,3,0.5,1.24653
pdb3ts6_A_original_CA_coordinates.csv,111,3,0.5,1.39885
pdb6pjv_A_original_CA_coordinates.csv,152,3,0.5,4.02734
pdb8oyf_A_original_CA_coordinates.csv,310,3,0.5,17.7714
pdb4q0h_A_original_CA_coordinates.csv,321,3,0.5,14.9361
pdb4nf8_A_original_CA_coordinates.csv,285,3,0.5,4.31435
pdb5akx_A_original_CA_coordinates.csv,546,3,0.5,39.2801
pdb8pxc_A_original_CA_coordinates.csv,252,3,0.5,17.3326
pdb5oim_A_original_CA_coordinates.csv,267,3,0.5,65.9083
pdb5hht_A_original_CA_coordinates.csv,662,3,0.5,8.94668
pdb4ajn_A_original_CA_coordinates.csv,329,3,0.5,487.704
pdb5q0i_A_original_CA_coordinates.csv,227,3,0.5,3.11072
pdb4cfb_A_original_CA_coordinates.csv,149,3,0.5,23.6882
pdb3e2t_A_original_CA_coordinates.csv,307,3,0.5,5.89392
pdb8glz_A_original_CA_coordinates.csv,393,3,0.5,1.32028
pdb1ezy_A_original_CA_coordinates.csv,129,3,0.5,0.0624371
pdb7rwn_A_original_CA_coordinates.csv,119,3,0.5,1.23147
pdb3u2e_A_original_CA_coordinates.csv,251,3,0.5,1.81814
pdb3ew1_A_original_CA_coordinates.csv,134,3,0.5,0.381206
pdb6x1p_A_original_CA_coordinates.csv,91,3,0.5,5.64638
pdb3e1q_A_original_CA_coordinates.csv,158,3,0.5,2.79242
pdb7psw_A_original_CA_coordinates.csv,330,3,0.5,76.0441
pdb5eto_A_original_CA_coordinates.csv,159,3,0.5,0.859191
pdb5lgq_A_original_CA_coordinates.csv,344,3,0.5,11.8419
pdb4bn2_A_original_CA_coordinates.csv,326,3,0.5,11.354
pdb2jyb_A_original_CA_coordinates.csv,162,3,0.5,10.1021
pdb5o1g_A_original_CA_coordinates.csv,196,3,0.5,1.62786
pdb3mqq_A_original_CA_coordinates.csv,111,3,0.5,0.0466588
pdb2j4n_A_original_CA_coordinates.csv,100,3,0.5,0.621468
pdb5bke_A_original_CA_coordinates.csv,275,3,0.5,162.02
pdb4tu6_A_original_CA_coordinates.csv,130,3,0.5,70.3047
pdb3o43_A_original_CA_coordinates.csv,198,3,0.5,19.7514
pdb4mj4_A_original_CA_coordinates.csv,603,3,0.5,3.9275
pdb6zqo_A_original_CA_coordinates.csv,229,3,0.5,8.05304
pdb3qvs_A_original_CA_coordinates.csv,392,3,0.5,19.1967
pdb5wt7_A_original_CA_coordinates.csv,140,3,0.5,4.24339
pdb3tfe_A_original_CA_coordinates.csv,183,3,0.5,1.2041
pdb7mn1_A_original_CA_coordinates.csv,95,3,0.5,0.959157
pdb7qm4_A_original_CA_coordinates.csv,330,3,0.5,32.9946
pdb5z2j_A_original_CA_coordinates.csv,270,3,0.5,18.4917
pdb5xqj_A_original_CA_coordinates.csv,896,3,0.5,19.5671
pdb3eua_A_original_CA_coordinates.csv,319,3,0.5,4.45427
pdb6xkf_A_original_CA_coordinates.csv,305,3,0.5,2.40787
pdb3nhy_A_original_CA_coordinates.csv,230,3,0.5,3.01073
pdb7xqk_A_original_CA_coordinates.csv,285,3,0.5,0.414632
pdb5u5w_A_original_CA_coordinates.csv,289,3,0.5,8.55574
pdb7kh7_A_original_CA_coordinates.csv,317,3,0.5,52.2052
pdb2i59_A_original_CA_coordinates.csv,138,3,0.5,9.09272
pdb4cqc_A_original_CA_coordinates.csv,401,3,0.5,13.3965
pdb2w39_A_original_CA_coordinates.csv,298,3,0.5,0.61232
pdb8c5k_A_original_CA_coordinates.csv,141,3,0.5,0.177173
pdb5skr_A_original_CA_coordinates.csv,312,3,0.5,672.123
pdb3av9_A_original_CA_coordinates.csv,150,3,0.5,0.893761
pdb7bbb_A_original_CA_coordinates.csv,251,3,0.5,10.9611
pdb6gha_A_original_CA_coordinates.csv,325,3,0.5,14.7299
pdb6bff_A_original_CA_coordinates.csv,178,3,0.5,0.320534
pdb5rwc_A_original_CA_coordinates.csv,460,3,0.5,17.5488
pdb3pig_A_original_CA_coordinates.csv,523,3,0.5,184.755
pdb5wi5_A_original_CA_coordinates.csv,422,3,0.5,7.33408
pdb5r9v_A_original_CA_coordinates.csv,348,3,0.5,5.57752
pdb3sf0_A_original_CA_coordinates.csv,247,3,0.5,0.225199
pdb5w05_L_original_CA_coordinates.csv,219,3,0.5,1.87236
pdb6aqh_A_original_CA_coordinates.csv,487,3,0.5,50.1819
pdb3dal_A_original_CA_coordinates.csv,179,3,0.5,1.95751
pdb4p9i_A_original_CA_coordinates.csv,163,3,0.5,24.9484
pdb3wg2_A_original_CA_coordinates.csv,152,3,0.5,200.36
pdb6f6u_A_original_CA_coordinates.csv,328,3,0.5,0.561163
pdb6f9t_A_original_CA_coordinates.csv,585,3,0.5,0.267158
pdb4n2b_A_original_CA_coordinates.csv,653,3,0.5,1495.71
pdb2itq_A_original_CA_coordinates.csv,300,3,0.5,1.00534
pdb4cip_A_original_CA_coordinates.csv,125,3,0.5,0.0288539
pdb4d1p_A_original_CA_coordinates.csv,401,3,0.5,193.771
pdb2n47_A_original_CA_coordinates.csv,197,3,0.5,39.6727
pdb5fh4_A_original_CA_coordinates.csv,612,3,0.5,0.188056
pdb4o3w_A_original_CA_coordinates.csv,546,3,0.5,33.9209
pdb8oil_A_original_CA_coordinates.csv,127,3,0.5,0.0868809
pdb6q8k_A_original_CA_coordinates.csv,338,3,0.5,15.9865
pdb3c32_A_original_CA_coordinates.csv,254,3,0.5,72.1089
pdb8bcr_A_original_CA_coordinates.csv,257,3,0.5,8.65745
pdb4oyw_A_original_CA_coordinates.csv,467,3,0.5,3.29253
pdb2eqz_A_original_CA_coordinates.csv,86,3,0.5,4.28101
pdb6elg_A_original_CA_coordinates.csv,105,3,0.5,4.95869
pdb3t13_A_original_CA_coordinates.csv,130,3,0.5,3.41393
pdb5f6u_A_original_CA_coordinates.csv,156,3,0.5,98.6355
pdb8ch3_A_original_CA_coordinates.csv,479,3,0.5,6.8513
pdb4ip7_A_original_CA_coordinates.csv,506,3,0.5,100.521
pdb1j0s_A_original_CA_coordinates.csv,157,3,0.5,6.91166
pdb6yl9_A_original_CA_coordinates.csv,156,3,0.5,2.33042
pdb5plu_A_original_CA_coordinates.csv,331,3,0.5,18.3204
pdb4p4m_A_original_CA_coordinates.csv,270,3,0.5,42.284
pdb7bj8_A_original_CA_coordinates.csv,265,3,0.5,14.858
pdb4cw2_A_original_CA_coordinates.csv,300,3,0.5,0.927884
pdb3zsj_A_original_CA_coordinates.csv,138,3,0.5,10.397
pdb5pm8_A_original_CA_coordinates.csv,331,3,0.5,160.104
pdb8a4x_A_original_CA_coordinates.csv,220,3,0.5,25.4529
pdb7fuq_A_original_CA_coordinates.csv,345,3,0.5,207.36
pdb5owt_A_original_CA_coordinates.csv,203,3,0.5,3.08591
pdb2l74_A_original_CA_coordinates.csv,125,3,0.5,2.74952
pdb3heq_A_original_CA_coordinates.csv,102,3,0.5,3.62474
pdb6ek6_A_original_CA_coordinates.csv,451,3,0.5,39.7885
pdb3ixs_A_original_CA_coordinates.csv,111,3,0.5,4.5331
pdb6bdi_A_original_CA_coordinates.csv,462,3,0.5,1.49456
pdb5ibt_H_original_CA_coordinates.csv,218,3,0.5,6.12535
pdb6rsn_A_original_CA_coordinates.csv,91,3,0.5,2.25145
pdb5qxr_A_original_CA_coordinates.csv,130,3,0.5,4.0048
pdb6d0o_A_original_CA_coordinates.csv,274,3,0.5,3.17754
pdb5rtw_A_original_CA_coordinates.csv,167,3,0.5,0.0657555
pdb2dbj_A_original_CA_coordinates.csv,124,3,0.5,27.4768
pdb2wbo_A_original_CA_coordinates.csv,336,3,0.5,12.9508
pdb3kjq_A_original_CA_coordinates.csv,152,3,0.5,56.0727
pdb7yji_A_original_CA_coordinates.csv,225,3,0.5,27.8836
pdb3rpe_A_original_CA_coordinates.csv,196,3,0.5,2.13319
pdb6k1s_A_original_CA_coordinates.csv,625,3,0.5,230.224
pdb2v78_A_original_CA_coordinates.csv,311,3,0.5,26.4303
pdb3gr3_A_original_CA_coordinates.csv,218,3,0.5,1.11902
pdb4mru_A_original_CA_coordinates.csv,458,3,0.5,1.93011
pdb7lnn_A_original_CA_coordinates.csv,375,3,0.5,1.46227
pdb2m5j_A_original_CA_coordinates.csv,107,3,0.5,2.22844
pdb4mm2_A_original_CA_coordinates.csv,396,3,0.5,32.1058
pdb2yfe_A_original_CA_coordinates.csv,264,3,0.5,16.1255
pdb6h77_A_original_CA_coordinates.csv,301,3,0.5,8.91204
pdb2a6b_A_original_CA_coordinates.csv,216,3,0.5,30.0509
pdb8pbh_A_original_CA_coordinates.csv,361,3,0.5,74.5336
pdb6f4j_A_original_CA_coordinates.csv,175,3,0.5,49.057
pdb8pbt_A_original_CA_coordinates.csv,361,3,0.5,28.7096
pdb5ghi_A_original_CA_coordinates.csv,156,3,0.5,17.4358
pdb2jsz_A_original_CA_coordinates.csv,167,3,0.5,0.0837599
pdb2zi6_A_original_CA_coordinates.csv,217,3,0.5,27.2239
pdb4egn_A_original_CA_coordinates.csv,393,3,0.5,149.058
pdb3oha_A_original_CA_coordinates.csv,516,3,0.5,5.35013
pdb5w2p_A_original_CA_coordinates.csv,414,3,0.5,1.82108
pdb1wgr_A_original_CA_coordinates.csv,100,3,0.5,0.151617
pdb8pqe_A_original_CA_coordinates.csv,277,3,0.5,1.18361
pdb5y2x_A_original_CA_coordinates.csv,295,3,0.5,1.86506
pdb8bpl_A_original_CA_coordinates.csv,316,3,0.5,1.6029
pdb6w4y_A_original_CA_coordinates.csv,210,3,0.5,0.497674
pdb7ou9_A_original_CA_coordinates.csv,181,3,0.5,0.512001
pdb6dbm_A_original_CA_coordinates.csv,273,3,0.5,28.0877
pdb7a41_A_original_CA_coordinates.csv,354,3,0.5,7.88984
pdb5hnp_A_original_CA_coordinates.csv,161,3,0.5,0.537194
pdb7lnb_A_original_CA_coordinates.csv,207,3,0.5,143.257
pdb6qrt_A_original_CA_coordinates.csv,387,3,0.5,38.0288
pdb5oog_A_original_CA_coordinates.csv,205,3,0.5,0.310497
pdb2f57_A_original_CA_coordinates.csv,297,3,0.5,1.60503
pdb5ll4_A_original_CA_coordinates.csv,260,3,0.5,2.99861
pdb6ap8_A_original_CA_coordinates.csv,266,3,0.5,58.9253
pdb5qrl_A_original_CA_coordinates.csv,171,3,0.5,1.24255
pdb7r8v_B_original_CA_coordinates.csv,370,3,0.5,2.47495
pdb3qnv_A_original_CA_coordinates.csv,323,3,0.5,26.6334
pdb6fb3_A_original_CA_coordinates.csv,1836,3,0.5,0.250188
pdb3sbx_A_original_CA_coordinates.csv,177,3,0.5,45.7916
pdb7yx8_A_original_CA_coordinates.csv,440,3,0.5,56.7274
pdb4ygg_A_original_CA_coordinates.csv,137,3,0.5,0.43266
pdb8ok5_A_original_CA_coordinates.csv,366,3,0.5,58.1479
pdb7ycr_A_original_CA_coordinates.csv,456,3,0.5,26.0191
pdb3r5w_A_original_CA_coordinates.csv,109,3,0.5,50.08
pdb7o60_A_original_CA_coordinates.csv,133,3,0.5,0.729811
pdb4fai_A_original_CA_coordinates.csv,302,3,0.5,2.16023
pdb5uk6_A_original_CA_coordinates.csv,228,3,0.5,16.2857
pdb5ivh_A_original_CA_coordinates.csv,566,3,0.5,58.3493
pdb7fze_A_original_CA_coordinates.csv,131,3,0.5,15.074
pdb3u65_B_original_CA_coordinates.csv,317,3,0.5,23.7053
pdb2m3s_A_original_CA_coordinates.csv,151,3,0.5,69.6888
pdb6ri2_A_original_CA_coordinates.csv,497,3,0.5,0.0543494
pdb7ue5_A_original_CA_coordinates.csv,352,3,0.5,12.529
pdb3fuv_A_original_CA_coordinates.csv,260,3,0.5,0.27364
pdb5npp_B_original_CA_coordinates.csv,672,3,0.5,1.31986
pdb2kfm_A_original_CA_coordinates.csv,113,3,0.5,4.87191
pdb8qd1_A_original_CA_coordinates.csv,398,3,0.5,20.8416
pdb6t87_A_original_CA_coordinates.csv,454,3,0.5,18.6893
pdb4jqr_A_original_CA_coordinates.csv,218,3,0.5,0.142486
pdb7sah_A_original_CA_coordinates.csv,226,3,0.5,21.3183
pdb4iix_A_original_CA_coordinates.csv,338,3,0.5,38.2892
pdb2ge9_A_original_CA_coordinates.csv,118,3,0.5,0.0172919
pdb3lcc_A_original_CA_coordinates.csv,216,3,0.5,323.326
pdb6e3i_A_original_CA_coordinates.csv,152,3,0.5,5.64882
pdb4bw7_A_original_CA_coordinates.csv,137,3,0.5,0.555245
pdb3zkm_A_original_CA_coordinates.csv,375,3,0.5,16.6555
pdb5wjn_A_original_CA_coordinates.csv,274,3,0.5,3.35978
pdb3tv3_L_original_CA_coordinates.csv,203,3,0.5,14.6443
pdb6kh3_A_original_CA_coordinates.csv,170,3,0.5,19.5508
pdb4wvz_A_original_CA_coordinates.csv,195,3,0.5,26.6506
pdb1uoz_A_original_CA_coordinates.csv,300,3,0.5,56.1522
pdb2heh_A_original_CA_coordinates.csv,324,3,0.5,6.31046
pdb5pip_A_original_CA_coordinates.csv,331,3,0.5,35.8525
pdb3v4b_A_original_CA_coordinates.csv,384,3,0.5,1.58846
pdb5ph3_A_original_CA_coordinates.csv,331,3,0.5,0.0325685
pdb5fse_A_original_CA_coordinates.csv,99,3,0.5,8.04024
pdb5wlr_A_original_CA_coordinates.csv,257,3,0.5,15.6488
pdb1wis_A_original_CA_coordinates.csv,124,3,0.5,11.3208
pdb4fq3_A_original_CA_coordinates.csv,834,3,0.5,0.0377261
pdb3fpz_A_original_CA_coordinates.csv,310,3,0.5,2.69764
pdb7fcw_A_original_CA_coordinates.csv,129,3,0.5,0.112651
pdb7wqq_A_original_CA_coordinates.csv,228,3,0.5,4.53376
pdb7x7e_C_original_CA_coordinates.csv,194,3,0.5,24.6339
pdb4py2_A_original_CA_coordinates.csv,495,3,0.5,10.3014
pdb3dha_A_original_CA_coordinates.csv,254,3,0.5,0.0869608
pdb3p2u_A_original_CA_coordinates.csv,249,3,0.5,0.127
pdb6pqz_A_original_CA_coordinates.csv,451,3,0.5,1.35175
pdb2i3u_A_original_CA_coordinates.csv,276,3,0.5,1.39005
pdb3l6g_A_original_CA_coordinates.csv,256,3,0.5,9.05231
pdb4ib2_A_original_CA_coordinates.csv,247,3,0.5,0.807413
pdb5k8c_A_original_CA_coordinates.csv,358,3,0.5,110.29
pdb4dxl_A_original_CA_coordinates.csv,304,3,0.5,4.5817
pdb5hxm_A_original_CA_coordinates.csv,1030,3,0.5,0.0139232
pdb5pfo_A_original_CA_coordinates.csv,115,3,0.5,0.33008
pdb6bz5_A_original_CA_coordinates.csv,418,3,0.5,131.313
pdb4cvc_A_original_CA_coordinates.csv,562,3,0.5,3.33114
pdb6fzr_H_original_CA_coordinates.csv,226,3,0.5,3.59334
pdb3w88_A_original_CA_coordinates.csv,314,3,0.5,2.56299
pdb6jtn_A_original_CA_coordinates.csv,273,3,0.5,103.279
pdb5mnc_A_original_CA_coordinates.csv,220,3,0.5,51.8012
pdb6i39_A_original_CA_coordinates.csv,251,3,0.5,20.8529
pdb6i6e_A_original_CA_coordinates.csv,95,3,0.5,5.03161
pdb7nsa_A_original_CA_coordinates.csv,175,3,0.5,3.29344
pdb6qdd_A_original_CA_coordinates.csv,411,3,0.5,13.8726
pdb5vpk_A_original_CA_coordinates.csv,223,3,0.5,4.89213
pdb5sfh_A_original_CA_coordinates.csv,312,3,0.5,84.5276
pdb5zw7_A_original_CA_coordinates.csv,383,3,0.5,3.91499
pdb6tku_A_original_CA_coordinates.csv,534,3,0.5,20.839
pdb6yx4_A_original_CA_coordinates.csv,103,3,0.5,12.6249
pdb5x5o_A_original_CA_coordinates.csv,291,3,0.5,4.2554
pdb4zrr_A_original_CA_coordinates.csv,310,3,0.5,4.97879
pdb6vh6_A_original_CA_coordinates.csv,141,3,0.5,8.6444
pdb4mjy_A_original_CA_coordinates.csv,171,3,0.5,2.43595
pdb2jxc_A_original_CA_coordinates.csv,95,3,0.5,0.051304
pdb5dtb_A_original_CA_coordinates.csv,263,3,0.5,1.32105
pdb4dlg_A_original_CA_coordinates.csv,540,3,0.5,3.30336
pdb5cbr_A_original_CA_coordinates.csv,258,3,0.5,3.09557
pdb6ggg_A_original_CA_coordinates.csv,233,3,0.5,8.57672
pdb6lfw_A_original_CA_coordinates.csv,231,3,0.5,16.8855
pdb7psh_A_original_CA_coordinates.csv,448,3,0.5,140.926
pdb5qb9_A_original_CA_coordinates.csv,330,3,0.5,6.19386
pdb4kpe_A_original_CA_coordinates.csv,482,3,0.5,1.20439
pdb5x1x_A_original_CA_coordinates.csv,130,3,0.5,88.9003
pdb8cf0_A_original_CA_coordinates.csv,341,3,0.5,9.14322
pdb3pbt_A_original_CA_coordinates.csv,501,3,0.5,12.3631
pdb7fao_A_original_CA_coordinates.csv,96,3,0.5,6.23084
pdb3rf3_A_original_CA_coordinates.csv,257,3,0.5,49.9504
pdb5vps_A_original_CA_coordinates.csv,260,3,0.5,12.5502
pdb7lzx_A_original_CA_coordinates.csv,299,3,0.5,290.531
pdb8biz_E_original_CA_coordinates.csv,389,3,0.5,5.34628
pdb5kst_A_original_CA_coordinates.csv,257,3,0.5,3.09392
pdb6ezx_A_original_CA_coordinates.csv,217,3,0.5,9.92362
pdb5f2k_A_original_CA_coordinates.csv,358,3,0.5,93.1171
pdb1bnr_A_original_CA_coordinates.csv,110,3,0.5,22.4875
pdb3poh_A_original_CA_coordinates.csv,425,3,0.5,6.60938
pdb7lmr_A_original_CA_coordinates.csv,210,3,0.5,49.5896
pdb4dzy_A_original_CA_coordinates.csv,309,3,0.5,31.299
pdb5ok2_A_original_CA_coordinates.csv,218,3,0.5,13.193
pdb3e9n_A_original_CA_coordinates.csv,189,3,0.5,4.95689
pdb5igp_A_original_CA_coordinates.csv,300,3,0.5,1.86444
pdb8dmq_A_original_CA_coordinates.csv,368,3,0.5,0.12389
pdb7yee_A_original_CA_coordinates.csv,456,3,0.5,3.29864
pdb5kr5_A_original_CA_coordinates.csv,455,3,0.5,8.17287
pdb1zbf_A_original_CA_coordinates.csv,132,3,0.5,0.780159
pdb5r57_A_original_CA_coordinates.csv,291,3,0.5,37.7651
pdb4pbq_A_original_CA_coordinates.csv,298,3,0.5,18.4555
pdb3zgl_A_original_CA_coordinates.csv,309,3,0.5,34.2555
pdb3fxk_A_original_CA_coordinates.csv,363,3,0.5,124.092
pdb5qqu_B_original_CA_coordinates.csv,428,3,0.5,2.02129
pdb4m0h_A_original_CA_coordinates.csv,209,3,0.5,26.1279
pdb7aha_A_original_CA_coordinates.csv,305,3,0.5,0.313185
pdb2p7u_A_original_CA_coordinates.csv,215,3,0.5,0.847273
pdb4d5r_A_original_CA_coordinates.csv,151,3,0.5,4.28023
pdb4idq_A_original_CA_coordinates.csv,417,3,0.5,0.513144
pdb6r2o_A_original_CA_coordinates.csv,141,3,0.5,5.93109
pdb6v6a_A_original_CA_coordinates.csv,317,3,0.5,51.0228
pdb4hkl_A_original_CA_coordinates.csv,189,3,0.5,28.4042
pdb8xox_A_original_CA_coordinates.csv,261,3,0.5,7.1906
pdb6kil_A_original_CA_coordinates.csv,113,3,0.5,1.34931
pdb5nn4_A_original_CA_coordinates.csv,847,3,0.5,0.0268134
pdb5a8o_A_original_CA_coordinates.csv,336,3,0.5,305.436
pdb2jh7_A_original_CA_coordinates.csv,225,3,0.5,5.06424
pdb3nqe_A_original_CA_coordinates.csv,219,3,0.5,0.712211
pdb4ehi_A_original_CA_coordinates.csv,472,3,0.5,0.353511
pdb4rtf_D_original_CA_coordinates.csv,349,3,0.5,81.1395
pdb5dw5_A_original_CA_coordinates.csv,512,3,0.5,8.4998
pdb2at8_X_original_CA_coordinates.csv,184,3,0.5,2.30134
pdb3fi3_A_original_CA_coordinates.csv,328,3,0.5,0.500359
pdb4ebu_A_original_CA_coordinates.csv,306,3,0.5,2.54183
pdb5ot8_A_original_CA_coordinates.csv,256,3,0.5,44.5363
pdb5t0m_A_original_CA_coordinates.csv,260,3,0.5,40.9119
pdb2pg4_A_original_CA_coordinates.csv,90,3,0.5,1.41233
pdb8cy2_A_original_CA_coordinates.csv,544,3,0.5,0.0694003
pdb5e50_A_original_CA_coordinates.csv,110,3,0.5,3.44383
pdb3eso_A_original_CA_coordinates.csv,115,3,0.5,45.3468
pdb5pvm_A_original_CA_coordinates.csv,121,3,0.5,1.51064
pdb7jrc_A_original_CA_coordinates.csv,501,3,0.5,54.9277
pdb2yi6_A_original_CA_coordinates.csv,209,3,0.5,0.700952
pdb3btn_A_original_CA_coordinates.csv,394,3,0.5,114.641
pdb4r2m_A_original_CA_coordinates.csv,142,3,0.5,1.99438
pdb7pva_A_original_CA_coordinates.csv,495,3,0.5,0.890367
pdb7a0t_A_original_CA_coordinates.csv,325,3,0.5,2.66385
pdb5w3x_A_original_CA_coordinates.csv,335,3,0.5,2.85258
pdb6xxl_A_original_CA_coordinates.csv,336,3,0.5,3.60246
pdb6xtg_L_original_CA_coordinates.csv,214,3,0.5,1.80079
pdb7e6a_A_original_CA_coordinates.csv,411,3,0.5,0.300062
pdb7z41_A_original_CA_coordinates.csv,196,3,0.5,15.2118
pdb4wqm_A_original_CA_coordinates.csv,326,3,0.5,5.1764
pdb4w91_A_original_CA_coordinates.csv,403,3,0.5,108.34
pdb8bdk_A_original_CA_coordinates.csv,96,3,0.5,0.357624
pdb7bab_A_original_CA_coordinates.csv,236,3,0.5,0.878598
pdb3ukx_B_original_CA_coordinates.csv,426,3,0.5,2.31817
pdb4zlh_A_original_CA_coordinates.csv,323,3,0.5,86.235
pdb7vto_A_original_CA_coordinates.csv,261,3,0.5,2.51016
pdb2xxt_A_original_CA_coordinates.csv,248,3,0.5,86.6407
pdb7bur_A_original_CA_coordinates.csv,386,3,0.5,1.35601
pdb5oja_A_original_CA_coordinates.csv,152,3,0.5,15.1283
pdb2evz_A_original_CA_coordinates.csv,208,3,0.5,1.53968
pdb8p7v_A_original_CA_coordinates.csv,330,3,0.5,124.515
pdb3v0p_A_original_CA_coordinates.csv,296,3,0.5,80.4161
pdb6rhg_A_original_CA_coordinates.csv,105,3,0.5,7.55719
pdb6aif_A_original_CA_coordinates.csv,309,3,0.5,1.58171
pdb5pk7_A_original_CA_coordinates.csv,331,3,0.5,0.672964
pdb7lsc_A_original_CA_coordinates.csv,161,3,0.5,17.7143
pdb3ug9_A_original_CA_coordinates.csv,280,3,0.5,0.716136
pdb6uhw_A_original_CA_coordinates.csv,139,3,0.5,9.03135
pdb7a87_A_original_CA_coordinates.csv,234,3,0.5,52.2275
pdb4db8_A_original_CA_coordinates.csv,247,3,0.5,0.346119
pdb3c11_A_original_CA_coordinates.csv,214,3,0.5,1.83331
pdb6szr_A_original_CA_coordinates.csv,159,3,0.5,15.0958
pdb7axh_A_original_CA_coordinates.csv,272,3,0.5,16.7401
pdb7o83_A_original_CA_coordinates.csv,168,3,0.5,11.0947
pdb4yq5_A_original_CA_coordinates.csv,244,3,0.5,2.41471
pdb1qrw_A_original_CA_coordinates.csv,198,3,0.5,0.299422
pdb5q3x_A_original_CA_coordinates.csv,341,3,0.5,11.9733
pdb6jef_A_original_CA_coordinates.csv,171,3,0.5,61.6882
pdb7zsv_A_original_CA_coordinates.csv,136,3,0.5,8.65979
pdb5a93_A_original_CA_coordinates.csv,260,3,0.5,1.8019
pdb2wlt_A_original_CA_coordinates.csv,326,3,0.5,55.5019
pdb3eof_A_original_CA_coordinates.csv,238,3,0.5,49.5394
pdb6urn_A_original_CA_coordinates.csv,89,3,0.5,2.57875
pdb5xj9_A_original_CA_coordinates.csv,200,3,0.5,0.294248
pdb6bxy_A_original_CA_coordinates.csv,468,3,0.5,2.94087
pdb3mok_A_original_CA_coordinates.csv,182,3,0.5,9.93167
pdb3gzs_A_original_CA_coordinates.csv,481,3,0.5,1.04428
pdb6i7e_A_original_CA_coordinates.csv,760,3,0.5,0.169104
pdb4zp1_A_original_CA_coordinates.csv,565,3,0.5,43.3772
pdb4pct_A_original_CA_coordinates.csv,438,3,0.5,317.919
pdb5v44_A_original_CA_coordinates.csv,223,3,0.5,43.1725
pdb2rdn_A_original_CA_coordinates.csv,275,3,0.5,6.50887
pdb2vzc_A_original_CA_coordinates.csv,127,3,0.5,14.2574
pdb6hf2_A_original_CA_coordinates.csv,325,3,0.5,18.1047
pdb6eaw_A_original_CA_coordinates.csv,220,3,0.5,35.3659
pdb4jq9_A_original_CA_coordinates.csv,471,3,0.5,31.9723
pdb2jnt_A_original_CA_coordinates.csv,108,3,0.5,3.68667
pdb7lha_A_original_CA_coordinates.csv,501,3,0.5,9.98338
pdb5ivf_A_original_CA_coordinates.csv,308,3,0.5,17.253
pdb5oo7_A_original_CA_coordinates.csv,257,3,0.5,9.8753
pdb5ncs_A_original_CA_coordinates.csv,374,3,0.5,0.517061
pdb6ot9_C_original_CA_coordinates.csv,106,3,0.5,3.07227
pdb1x6c_A_original_CA_coordinates.csv,118,3,0.5,7.30836
pdb3e28_A_original_CA_coordinates.csv,215,3,0.5,8.51269
pdb3f3r_A_original_CA_coordinates.csv,106,3,0.5,7.42534
pdb6q55_A_original_CA_coordinates.csv,461,3,0.5,9.41829
pdb6jt0_A_original_CA_coordinates.csv,542,3,0.5,19.5189
pdb3ql0_A_original_CA_coordinates.csv,159,3,0.5,2.85071
pdb1w9m_A_original_CA_coordinates.csv,552,3,0.5,14.5942
pdb4mso_A_original_CA_coordinates.csv,383,3,0.5,0.358229
pdb6qv5_A_original_CA_coordinates.csv,289,3,0.5,22.6766
pdb5mcq_A_original_CA_coordinates.csv,393,3,0.5,51.9227
pdb2mpu_A_original_CA_coordinates.csv,92,3,0.5,2.28996
pdb3pmf_A_original_CA_coordinates.csv,129,3,0.5,6.92005
pdb3urm_A_original_CA_coordinates.csv,329,3,0.5,47.1595
pdb2rqy_A_original_CA_coordinates.csv,171,3,0.5,4.62896
pdb6zyi_A_original_CA_coordinates.csv,375,3,0.5,83.6174
pdb7jty_A_original_CA_coordinates.csv,851,3,0.5,0.0136055
pdb2vm3_A_original_CA_coordinates.csv,333,3,0.5,17.0122
pdb3kx7_A_original_CA_coordinates.csv,133,3,0.5,1.6128
pdb5fvt_A_original_CA_coordinates.csv,407,3,0.5,111.735
pdb4b1i_A_original_CA_coordinates.csv,507,3,0.5,585.448
pdb3rdx_A_original_CA_coordinates.csv,124,3,0.5,19.813
pdb5oya_A_original_CA_coordinates.csv,460,3,0.5,0.201154
pdb4lv0_A_original_CA_coordinates.csv,358,3,0.5,69.7325
pdb7adn_A_original_CA_coordinates.csv,376,3,0.5,3.08261
pdb4zg4_B_original_CA_coordinates.csv,705,3,0.5,61.392
pdb2uye_A_original_CA_coordinates.csv,215,3,0.5,29.382
pdb5sa7_A_original_CA_coordinates.csv,348,3,0.5,31.9028
pdb5ucu_A_original_CA_coordinates.csv,140,3,0.5,39.3635
pdb3jw9_A_original_CA_coordinates.csv,395,3,0.5,56.4918
pdb1u3d_A_original_CA_coordinates.csv,485,3,0.5,38.5825
pdb3ki0_A_original_CA_coordinates.csv,199,3,0.5,10.5829
pdb5bk6_A_original_CA_coordinates.csv,230,3,0.5,2.9162
pdb5u79_A_original_CA_coordinates.csv,208,3,0.5,2.10789
pdb3k29_A_original_CA_coordinates.csv,157,3,0.5,0.0190839
pdb4jth_A_original_CA_coordinates.csv,250,3,0.5,9.88699
pdb7ejj_A_original_CA_coordinates.csv,250,3,0.5,16.4692
pdb4ne4_A_original_CA_coordinates.csv,278,3,0.5,3.11506
pdb7ul1_A_original_CA_coordinates.csv,196,3,0.5,35.7446
pdb8u37_A_original_CA_coordinates.csv,318,3,0.5,5.21523
pdb6xw7_A_original_CA_coordinates.csv,303,3,0.5,3.04974
pdb2mdz_A_original_CA_coordinates.csv,104,3,0.5,1.01369
pdb3noz_X_original_CA_coordinates.csv,174,3,0.5,3.44761
pdb4gca_A_original_CA_coordinates.csv,315,3,0.5,365.467
pdb6dy7_A_original_CA_coordinates.csv,304,3,0.5,1.25284
pdb5u83_A_original_CA_coordinates.csv,208,3,0.5,0.263294
pdb3qzb_A_original_CA_coordinates.csv,131,3,0.5,22.6496
pdb3zln_A_original_CA_coordinates.csv,143,3,0.5,7.236
pdb8oxv_A_original_CA_coordinates.csv,681,3,0.5,22.7972
pdb3s7t_A_original_CA_coordinates.csv,209,3,0.5,15.0391
pdb5l2o_A_original_CA_coordinates.csv,494,3,0.5,6.81735
pdb5iob_A_original_CA_coordinates.csv,308,3,0.5,5.18313
pdb7kkm_A_original_CA_coordinates.csv,205,3,0.5,525.652
pdb3l60_A_original_CA_coordinates.csv,229,3,0.5,11.1667
pdb7la1_A_original_CA_coordinates.csv,412,3,0.5,36.1689
pdb4ba8_A_original_CA_coordinates.csv,102,3,0.5,1.07307
pdb4zu7_A_original_CA_coordinates.csv,137,3,0.5,270.205
pdb3ge7_A_original_CA_coordinates.csv,359,3,0.5,60.6292
pdb6fur_A_original_CA_coordinates.csv,202,3,0.5,451.368
pdb2n9w_A_original_CA_coordinates.csv,90,3,0.5,1.24645
pdb6ycg_A_original_CA_coordinates.csv,215,3,0.5,74.5458
pdb5jah_A_original_CA_coordinates.csv,371,3,0.5,3.67686
pdb6eve_A_original_CA_coordinates.csv,500,3,0.5,83.6397
pdb6n87_A_original_CA_coordinates.csv,314,3,0.5,0.584758
pdb4h39_A_original_CA_coordinates.csv,340,3,0.5,10.7901
pdb6ye6_A_original_CA_coordinates.csv,341,3,0.5,12.3694
pdb7o4n_A_original_CA_coordinates.csv,226,3,0.5,69.6228
pdb6e06_A_original_CA_coordinates.csv,227,3,0.5,61.0917
pdb8eg6_A_original_CA_coordinates.csv,147,3,0.5,9.55743
pdb2fhx_A_original_CA_coordinates.csv,234,3,0.5,3.21594
pdb2mf9_A_original_CA_coordinates.csv,157,3,0.5,8.32324
pdb2otr_A_original_CA_coordinates.csv,90,3,0.5,30.136
pdb8c7y_A_original_CA_coordinates.csv,275,3,0.5,25.4191
pdb4g2f_A_original_CA_coordinates.csv,275,3,0.5,142.063
pdb4j0t_A_original_CA_coordinates.csv,381,3,0.5,7.71345
pdb6gg6_A_original_CA_coordinates.csv,509,3,0.5,1.87239
pdb5soy_A_original_CA_coordinates.csv,167,3,0.5,2.29678
pdb3oq4_A_original_CA_coordinates.csv,124,3,0.5,88.0506
pdb3uk1_A_original_CA_coordinates.csv,650,3,0.5,213.561
pdb8jyf_A_original_CA_coordinates.csv,191,3,0.5,263.464
pdb3e3e_A_original_CA_coordinates.csv,105,3,0.5,0.0597142
pdb5pfu_A_original_CA_coordinates.csv,115,3,0.5,1.41699
pdb5xga_A_original_CA_coordinates.csv,118,3,0.5,1.48745
pdb4wha_A_original_CA_coordinates.csv,822,3,0.5,35.9393
pdb7fpm_A_original_CA_coordinates.csv,158,3,0.5,8.26558
pdb3mu7_A_original_CA_coordinates.csv,273,3,0.5,5.46914
pdb4oc9_A_original_CA_coordinates.csv,419,3,0.5,36.4298
pdb2vzq_A_original_CA_coordinates.csv,126,3,0.5,0.990802
pdb4lzg_A_original_CA_coordinates.csv,325,3,0.5,10.4277
pdb5sjr_A_original_CA_coordinates.csv,312,3,0.5,0.655186
pdb2blu_A_original_CA_coordinates.csv,206,3,0.5,87.8779
pdb1v9w_A_original_CA_coordinates.csv,130,3,0.5,3.05843
pdb4fgx_A_original_CA_coordinates.csv,374,3,0.5,11.181
pdb6vpw_A_original_CA_coordinates.csv,151,3,0.5,33.1244
pdb5i49_A_original_CA_coordinates.csv,471,3,0.5,2.20647
pdb6z6u_A_original_CA_coordinates.csv,172,3,0.5,0.189536
pdb5o45_A_original_CA_coordinates.csv,129,3,0.5,2.61866
pdb3zmh_A_original_CA_coordinates.csv,180,3,0.5,17.3238
pdb5nsa_A_original_CA_coordinates.csv,106,3,0.5,124.1
pdb5gk3_A_original_CA_coordinates.csv,334,3,0.5,55.1641
pdb6f6o_A_original_CA_coordinates.csv,190,3,0.5,12.9765
pdb6q2m_A_original_CA_coordinates.csv,544,3,0.5,79.4203
pdb3dn7_A_original_CA_coordinates.csv,143,3,0.5,126.146
pdb5pfa_A_original_CA_coordinates.csv,115,3,0.5,43.1788
pdb3o74_A_original_CA_coordinates.csv,268,3,0.5,52.3651
pdb5c5r_A_original_CA_coordinates.csv,161,3,0.5,30.5422
pdb4oa8_A_original_CA_coordinates.csv,214,3,0.5,10.1271
pdb8af1_A_original_CA_coordinates.csv,179,3,0.5,27.441
pdb4bu0_A_original_CA_coordinates.csv,182,3,0.5,44.2979
pdb6wkc_A_original_CA_coordinates.csv,303,3,0.5,2.02733
pdb8a9r_A_original_CA_coordinates.csv,129,3,0.5,2.20509
pdb6iah_A_original_CA_coordinates.csv,240,3,0.5,10.2043
pdb4hfm_A_original_CA_coordinates.csv,333,3,0.5,7.41522
pdb8dhj_A_original_CA_coordinates.csv,236,3,0.5,5.37516
pdb6slx_A_original_CA_coordinates.csv,230,3,0.5,35.4489
pdb7a21_A_original_CA_coordinates.csv,296,3,0.5,1.05366
pdb2j7q_A_original_CA_coordinates.csv,226,3,0.5,17.61
pdb4x2v_A_original_CA_coordinates.csv,174,3,0.5,1.23841
pdb2kc8_A_original_CA_coordinates.csv,95,3,0.5,3.63896
pdb8c3n_A_original_CA_coordinates.csv,214,3,0.5,13.1969
pdb7r28_A_original_CA_coordinates.csv,304,3,0.5,11.0926
pdb1ufx_A_original_CA_coordinates.csv,103,3,0.5,9.15742
pdb7jq4_A_original_CA_coordinates.csv,304,3,0.5,0.828871
pdb4f5t_A_original_CA_coordinates.csv,583,3,0.5,0.0330358
pdb5i1q_A_original_CA_coordinates.csv,135,3,0.5,1.65522
pdb4jk8_A_original_CA_coordinates.csv,220,3,0.5,1.19111
pdb7b3t_A_original_CA_coordinates.csv,261,3,0.5,66.3783
pdb3uvi_A_original_CA_coordinates.csv,373,3,0.5,1.15503
pdb6njc_A_original_CA_coordinates.csv,197,3,0.5,51.1319
pdb6d64_A_original_CA_coordinates.csv,282,3,0.5,372.25
pdb4a9m_A_original_CA_coordinates.csv,112,3,0.5,24.4599
pdb3frw_A_original_CA_coordinates.csv,91,3,0.5,4.54459
pdb3has_A_original_CA_coordinates.csv,226,3,0.5,0.201842
pdb6fn5_A_original_CA_coordinates.csv,335,3,0.5,2.73623
pdb4cjq_A_original_CA_coordinates.csv,148,3,0.5,4.08211
pdb6i1i_A_original_CA_coordinates.csv,322,3,0.5,2.05152
pdb5wr6_A_original_CA_coordinates.csv,316,3,0.5,0.0494534
pdb5tms_A_original_CA_coordinates.csv,234,3,0.5,8.89172
pdb6dfb_A_original_CA_coordinates.csv,117,3,0.5,1.57122
pdb8e8k_A_original_CA_coordinates.csv,425,3,0.5,0.145503
pdb5lxm_A_original_CA_coordinates.csv,266,3,0.5,8.12749
pdb5kz9_A_original_CA_coordinates.csv,102,3,0.5,3.85735
pdb5qe6_A_original_CA_coordinates.csv,282,3,0.5,68.0747
pdb4bjk_A_original_CA_coordinates.csv,450,3,0.5,20.647
pdb3a35_A_original_CA_coordinates.csv,184,3,0.5,0.677205
pdb3qwd_A_original_CA_coordinates.csv,187,3,0.5,107.861
pdb2kcy_A_original_CA_coordinates.csv,98,3,0.5,16.5774
pdb5gpk_A_original_CA_coordinates.csv,203,3,0.5,5.00605
pdb7eat_A_original_CA_coordinates.csv,337,3,0.5,44.0396
pdb5nfj_A_original_CA_coordinates.csv,178,3,0.5,0.104732
pdb4qod_A_original_CA_coordinates.csv,229,3,0.5,268.332
pdb6yw8_A_original_CA_coordinates.csv,118,3,0.5,139.185
pdb5hsi_A_original_CA_coordinates.csv,602,3,0.5,1255.76
pdb5bjw_A_original_CA_coordinates.csv,340,3,0.5,51.8217
pdb6q8t_A_original_CA_coordinates.csv,129,3,0.5,15.2673
pdb5ocv_A_original_CA_coordinates.csv,129,3,0.5,10.4061
pdb5u8u_A_original_CA_coordinates.csv,472,3,0.5,0.336283
pdb2l48_A_original_CA_coordinates.csv,85,3,0.5,0.800596
pdb3ryp_A_original_CA_coordinates.csv,202,3,0.5,299.623
pdb4hqz_A_original_CA_coordinates.csv,141,3,0.5,5.64334
pdb8tor_A_original_CA_coordinates.csv,590,3,0.5,184.603
pdb7g86_A_original_CA_coordinates.csv,179,3,0.5,0.572556
pdb3nt9_A_original_CA_coordinates.csv,223,3,0.5,26.0454
pdb5vrb_A_original_CA_coordinates.csv,626,3,0.5,57.332
pdb3n04_A_original_CA_coordinates.csv,637,3,0.5,0.788064
pdb7zee_A_original_CA_coordinates.csv,282,3,0.5,93.9788
pdb2ycj_A_original_CA_coordinates.csv,271,3,0.5,29.9792
pdb3v20_A_original_CA_coordinates.csv,290,3,0.5,4.93073
pdb4l8g_A_original_CA_coordinates.csv,157,3,0.5,17.3147
pdb2wl5_A_original_CA_coordinates.csv,388,3,0.5,167.12
pdb5hti_A_original_CA_coordinates.csv,290,3,0.5,17.7009
pdb4lsm_A_original_CA_coordinates.csv,331,3,0.5,142.099
pdb4y4z_A_original_CA_coordinates.csv,330,3,0.5,1.30757
pdb4fn7_A_original_CA_coordinates.csv,231,3,0.5,40.3152
pdb5k1u_A_original_CA_coordinates.csv,348,3,0.5,519.571
pdb4hew_A_original_CA_coordinates.csv,257,3,0.5,96.5676
pdb2e8n_A_original_CA_coordinates.csv,88,3,0.5,9.81537
pdb6wgz_A_original_CA_coordinates.csv,365,3,0.5,152.142
pdb8a7s_A_original_CA_coordinates.csv,655,3,0.5,24.2175
pdb2nrm_A_original_CA_coordinates.csv,145,3,0.5,0.377532
pdb4idb_A_original_CA_coordinates.csv,321,3,0.5,0.458819
pdb5sby_A_original_CA_coordinates.csv,150,3,0.5,9.73891
pdb3fka_A_original_CA_coordinates.csv,113,3,0.5,1.87493
pdb6pvd_A_original_CA_coordinates.csv,265,3,0.5,1.85155
pdb2f9n_A_original_CA_coordinates.csv,224,3,0.5,9.56468
pdb4g2t_A_original_CA_coordinates.csv,346,3,0.5,0.824795
pdb8fds_A_original_CA_coordinates.csv,178,3,0.5,2.96399
pdb6uiu_A_original_CA_coordinates.csv,124,3,0.5,8.72623
pdb2kbb_A_original_CA_coordinates.csv,174,3,0.5,16.0442
pdb1e5d_A_original_CA_coordinates.csv,401,3,0.5,11.3346
pdb8fam_A_original_CA_coordinates.csv,130,3,0.5,2.92271
pdb2e6n_A_original_CA_coordinates.csv,104,3,0.5,4.55536
pdb2y6m_A_original_CA_coordinates.csv,262,3,0.5,15.655
pdb7sv3_A_original_CA_coordinates.csv,171,3,0.5,0.0610676
pdb7qpp_A_original_CA_coordinates.csv,255,3,0.5,22.3954
pdb2vxi_A_original_CA_coordinates.csv,157,3,0.5,1.21603
pdb3d8r_A_original_CA_coordinates.csv,253,3,0.5,4.06854
pdb6wop_A_original_CA_coordinates.csv,417,3,0.5,0.373051
pdb3s7o_A_original_CA_coordinates.csv,315,3,0.5,8.53805
pdb4opv_A_original_CA_coordinates.csv,307,3,0.5,106.374
pdb2oer_A_original_CA_coordinates.csv,178,3,0.5,33.9708
pdb6gh9_A_original_CA_coordinates.csv,331,3,0.5,21.3544
pdb7gdd_A_original_CA_coordinates.csv,304,3,0.5,154.315
pdb7jqa_A_original_CA_coordinates.csv,374,3,0.5,400.669
pdb3c7h_A_original_CA_coordinates.csv,487,3,0.5,4.18789
pdb7ut5_A_original_CA_coordinates.csv,324,3,0.5,67.2322
pdb4cm1_A_original_CA_coordinates.csv,251,3,0.5,7.13055
pdb8a1a_A_original_CA_coordinates.csv,1345,3,0.5,0.00107004
pdb3k9w_A_original_CA_coordinates.csv,163,3,0.5,4.95221
pdb5f4e_A_original_CA_coordinates.csv,233,3,0.5,2.58573
pdb7f98_A_original_CA_coordinates.csv,495,3,0.5,10.3754
pdb5o8w_A_original_CA_coordinates.csv,447,3,0.5,11.9687
pdb7riv_A_original_CA_coordinates.csv,270,3,0.5,212.891
pdb6gt7_A_original_CA_coordinates.csv,115,3,0.5,0.822231
pdb6ouv_A_original_CA_coordinates.csv,595,3,0.5,0.000564258
pdb7r7q_G_original_CA_coordinates.csv,102,3,0.5,0.0880334
pdb5g1b_A_original_CA_coordinates.csv,371,3,0.5,9.86345
pdb6v4h_A_original_CA_coordinates.csv,90,3,0.5,3.92425
pdb4ezv_A_original_CA_coordinates.csv,219,3,0.5,0.128353
pdb7cqo_A_original_CA_coordinates.csv,129,3,0.5,0.565228
pdb6q0f_A_original_CA_coordinates.csv,219,3,0.5,0.481837
pdb3v4f_A_original_CA_coordinates.csv,166,3,0.5,3.51932
pdb3k4v_A_original_CA_coordinates.csv,99,3,0.5,0.922456
pdb3ef2_A_original_CA_coordinates.csv,291,3,0.5,0.259039
pdb4djt_A_original_CA_coordinates.csv,186,3,0.5,5.54949
pdb4neh_A_original_CA_coordinates.csv,1084,3,0.5,1.74899
pdb7udo_A_original_CA_coordinates.csv,172,3,0.5,1.29513
pdb6ywu_A_original_CA_coordinates.csv,254,3,0.5,0.961465
pdb5phq_A_original_CA_coordinates.csv,331,3,0.5,4.16287
pdb6jb5_A_original_CA_coordinates.csv,126,3,0.5,3.67227
pdb2ltl_A_original_CA_coordinates.csv,119,3,0.5,9.66137
pdb4dzi_A_original_CA_coordinates.csv,384,3,0.5,0.60588
pdb5qfj_A_original_CA_coordinates.csv,282,3,0.5,4.04592
pdb3oo8_A_original_CA_coordinates.csv,390,3,0.5,132.02
pdb7lvq_A_original_CA_coordinates.csv,441,3,0.5,0.983228
pdb4oz0_A_original_CA_coordinates.csv,113,3,0.5,18.2625
pdb2lxm_A_original_CA_coordinates.csv,163,3,0.5,23.1194
pdb4ith_A_original_CA_coordinates.csv,247,3,0.5,2.54494
pdb2h2w_A_original_CA_coordinates.csv,289,3,0.5,1171.33
pdb4agq_A_original_CA_coordinates.csv,195,3,0.5,0.0795561
pdb6aub_A_original_CA_coordinates.csv,264,3,0.5,19.1294
pdb1kpq_A_original_CA_coordinates.csv,144,3,0.5,6.56954
pdb8ivj_A_original_CA_coordinates.csv,356,3,0.5,120.002
pdb7alr_A_original_CA_coordinates.csv,425,3,0.5,402.111
pdb6czd_A_original_CA_coordinates.csv,227,3,0.5,1.80988
pdb5tn3_A_original_CA_coordinates.csv,238,3,0.5,26.3665
pdb7zob_A_original_CA_coordinates.csv,134,3,0.5,21.2883
pdb2vft_A_original_CA_coordinates.csv,415,3,0.5,12.9437
pdb4mia_A_original_CA_coordinates.csv,546,3,0.5,25.6437
pdb6jmk_A_original_CA_coordinates.csv,142,3,0.5,21.5741
pdb7cuf_A_original_CA_coordinates.csv,303,3,0.5,18.9611
pdb1fer_A_original_CA_coordinates.csv,106,3,0.5,0.329538
pdb6i3k_A_original_CA_coordinates.csv,534,3,0.5,71.4915
pdb2ebz_A_original_CA_coordinates.csv,155,3,0.5,4.8703
pdb6pg1_A_original_CA_coordinates.csv,188,3,0.5,74.1134
pdb8cpb_A_original_CA_coordinates.csv,363,3,0.5,2.19387
pdb8jt1_A_original_CA_coordinates.csv,532,3,0.5,24.4058
pdb6ana_K_original_CA_coordinates.csv,112,3,0.5,6.46369
pdb6afi_A_original_CA_coordinates.csv,187,3,0.5,2.92216
pdb3zzm_A_original_CA_coordinates.csv,520,3,0.5,49.1937
pdb3es1_A_original_CA_coordinates.csv,160,3,0.5,2.74877
pdb5i06_A_original_CA_coordinates.csv,355,3,0.5,12.6978
pdb7qp3_A_original_CA_coordinates.csv,391,3,0.5,12.3606
pdb4yl4_A_original_CA_coordinates.csv,124,3,0.5,5.32787
pdb7b57_B_original_CA_coordinates.csv,303,3,0.5,1.47631
pdb5klu_A_original_CA_coordinates.csv,103,3,0.5,1.59477
pdb4nvn_B_original_CA_coordinates.csv,289,3,0.5,1.55281
pdb2v5c_A_original_CA_coordinates.csv,584,3,0.5,0.434431
pdb7lk1_A_original_CA_coordinates.csv,404,3,0.5,244.248
pdb8duh_A_original_CA_coordinates.csv,230,3,0.5,19.7393
pdb5g3a_A_original_CA_coordinates.csv,172,3,0.5,12.3404
pdb5qui_A_original_CA_coordinates.csv,222,3,0.5,4.75423
pdb2cnw_A_original_CA_coordinates.csv,290,3,0.5,2.0687
pdb6zrw_A_original_CA_coordinates.csv,126,3,0.5,5.30918
pdb7b7i_A_original_CA_coordinates.csv,105,3,0.5,14.3232
pdb5sbr_A_original_CA_coordinates.csv,150,3,0.5,0.0680567
pdb4tx8_A_original_CA_coordinates.csv,374,3,0.5,8.25236
pdb6spu_A_original_CA_coordinates.csv,335,3,0.5,0.0890109
pdb1ll8_A_original_CA_coordinates.csv,114,3,0.5,1.04667
pdb8d8s_A_original_CA_coordinates.csv,413,3,0.5,19.8733
pdb6gtu_A_original_CA_coordinates.csv,268,3,0.5,44.6505
pdb3ggj_A_original_CA_coordinates.csv,214,3,0.5,2.29745
pdb5pma_A_original_CA_coordinates.csv,331,3,0.5,0.766654
pdb2jcy_A_original_CA_coordinates.csv,379,3,0.5,1.11218
pdb4lz2_A_original_CA_coordinates.csv,100,3,0.5,2.22039
pdb6rzk_A_original_CA_coordinates.csv,138,3,0.5,109.727
pdb2pq8_A_original_CA_coordinates.csv,260,3,0.5,167.606
pdb3qy9_A_original_CA_coordinates.csv,239,3,0.5,2.87347
pdb5pmn_A_original_CA_coordinates.csv,331,3,0.5,21.7112
pdb4boq_A_original_CA_coordinates.csv,175,3,0.5,6.07546
pdb8c2i_A_original_CA_coordinates.csv,139,3,0.5,0.439243
pdb8b2m_A_original_CA_coordinates.csv,96,3,0.5,8.19396
pdb5s36_A_original_CA_coordinates.csv,165,3,0.5,49.6581
pdb5qir_A_original_CA_coordinates.csv,225,3,0.5,0.431791
pdb1z28_A_original_CA_coordinates.csv,289,3,0.5,2.46046
pdb7z42_A_original_CA_coordinates.csv,721,3,0.5,4.30755
pdb2vcn_A_original_CA_coordinates.csv,249,3,0.5,4.04234
pdb5jrc_A_original_CA_coordinates.csv,186,3,0.5,4.67805
pdb3lpr_A_original_CA_coordinates.csv,178,3,0.5,6.22494
pdb2vei_A_original_CA_coordinates.csv,238,3,0.5,2.0751
pdb2qy1_A_original_CA_coordinates.csv,330,3,0.5,0.65029
pdb4bz2_A_original_CA_coordinates.csv,101,3,0.5,7.41382
pdb2mcd_A_original_CA_coordinates.csv,98,3,0.5,10.05
pdb5rf2_A_original_CA_coordinates.csv,304,3,0.5,264.67
pdb5pxm_A_original_CA_coordinates.csv,178,3,0.5,0.373708
pdb2d51_A_original_CA_coordinates.csv,404,3,0.5,4.67739
pdb5cei_A_original_CA_coordinates.csv,345,3,0.5,2.26863
pdb5lpo_A_original_CA_coordinates.csv,362,3,0.5,137.111
pdb3m78_A_original_CA_coordinates.csv,307,3,0.5,38.5373
pdb5lnu_A_original_CA_coordinates.csv,277,3,0.5,1.05204
pdb6wrl_A_original_CA_coordinates.csv,129,3,0.5,4.38731
pdb5utx_A_original_CA_coordinates.csv,303,3,0.5,51.9691
pdb2vxt_H_original_CA_coordinates.csv,203,3,0.5,35.7055
pdb3ve7_A_original_CA_coordinates.csv,206,3,0.5,0.325536
pdb2r9f_A_original_CA_coordinates.csv,322,3,0.5,39.3651
pdb4ry1_A_original_CA_coordinates.csv,410,3,0.5,379.575
pdb7mru_A_original_CA_coordinates.csv,117,3,0.5,13.5652
pdb3of3_A_original_CA_coordinates.csv,240,3,0.5,16.8555
pdb8bgj_A_original_CA_coordinates.csv,203,3,0.5,32.932
pdb4n3u_A_original_CA_coordinates.csv,153,3,0.5,24.1678
pdb2yla_A_original_CA_coordinates.csv,416,3,0.5,2.04492
pdb5x2b_C_original_CA_coordinates.csv,282,3,0.5,0.349994
pdb5ooo_A_original_CA_coordinates.csv,166,3,0.5,0.422417
pdb1ugj_A_original_CA_coordinates.csv,141,3,0.5,1.75915
pdb5kdy_A_original_CA_coordinates.csv,393,3,0.5,126.789
pdb6s19_A_original_CA_coordinates.csv,207,3,0.5,0.0874709
pdb3dzl_A_original_CA_coordinates.csv,157,3,0.5,172.556
pdb5rwz_A_original_CA_coordinates.csv,460,3,0.5,760.082
pdb2cdc_A_original_CA_coordinates.csv,359,3,0.5,31.2094
pdb4ybr_A_original_CA_coordinates.csv,197,3,0.5,2.0279
pdb5uju_A_original_CA_coordinates.csv,558,3,0.5,7.14294
pdb5ho2_A_original_CA_coordinates.csv,803,3,0.5,0.0212552
pdb3rry_A_original_CA_coordinates.csv,166,3,0.5,0.404563
pdb8og5_A_original_CA_coordinates.csv,297,3,0.5,43.8191
pdb1h0h_A_original_CA_coordinates.csv,977,3,0.5,0.0285753
pdb5cph_A_original_CA_coordinates.csv,192,3,0.5,0.896672
pdb7nnz_A_original_CA_coordinates.csv,308,3,0.5,2.75143
pdb7jtb_A_original_CA_coordinates.csv,371,3,0.5,4.27847
pdb6khv_A_original_CA_coordinates.csv,114,3,0.5,21.7282
pdb4xk9_A_original_CA_coordinates.csv,210,3,0.5,42.5844
pdb5y2r_A_original_CA_coordinates.csv,257,3,0.5,16.3471
pdb4p9w_A_original_CA_coordinates.csv,237,3,0.5,23.7488
pdb2keq_A_original_CA_coordinates.csv,139,3,0.5,0.353396
pdb6yeo_A_original_CA_coordinates.csv,358,3,0.5,3.07863
pdb5ivd_A_original_CA_coordinates.csv,566,3,0.5,2.54432
pdb6uvp_A_original_CA_coordinates.csv,391,3,0.5,0.255929
pdb6fra_A_original_CA_coordinates.csv,201,3,0.5,49.4114
pdb7m2o_A_original_CA_coordinates.csv,335,3,0.5,125.596
pdb3mp6_A_original_CA_coordinates.csv,508,3,0.5,4.93429
pdb2jec_A_original_CA_coordinates.csv,238,3,0.5,6.35145
pdb3i4p_A_original_CA_coordinates.csv,147,3,0.5,130.664
pdb4hzn_A_original_CA_coordinates.csv,296,3,0.5,9.58952
pdb2eej_A_original_CA_coordinates.csv,96,3,0.5,22.0702
pdb1ab2_A_original_CA_coordinates.csv,109,3,0.5,13.5614
pdb5v2q_A_original_CA_coordinates.csv,298,3,0.5,0.512969
pdb4ly0_A_original_CA_coordinates.csv,271,3,0.5,13.3296
pdb6m81_A_original_CA_coordinates.csv,239,3,0.5,91.7561
pdb2ixm_A_original_CA_coordinates.csv,300,3,0.5,2.43484
pdb3w56_A_original_CA_coordinates.csv,108,3,0.5,2.45548
pdb4i05_A_original_CA_coordinates.csv,276,3,0.5,26.9217
pdb5n3e_A_original_CA_coordinates.csv,348,3,0.5,88.3156
pdb2arf_A_original_CA_coordinates.csv,165,3,0.5,0.342277
pdb7pyw_A_original_CA_coordinates.csv,235,3,0.5,32.1584
pdb5vgt_A_original_CA_coordinates.csv,124,3,0.5,0.261956
pdb7chl_A_original_CA_coordinates.csv,498,3,0.5,1.0164
pdb3b6p_A_original_CA_coordinates.csv,217,3,0.5,0.560333
pdb5qan_A_original_CA_coordinates.csv,241,3,0.5,2.24788
pdb2h0k_A_original_CA_coordinates.csv,318,3,0.5,72.6108
pdb2fqe_A_original_CA_coordinates.csv,463,3,0.5,14.4277
pdb2y2k_A_original_CA_coordinates.csv,469,3,0.5,108.822
pdb8cwf_A_original_CA_coordinates.csv,129,3,0.5,18.2803
pdb7o53_A_original_CA_coordinates.csv,207,3,0.5,29.9246
pdb3ty7_A_original_CA_coordinates.csv,445,3,0.5,0.280122
pdb8fnx_A_original_CA_coordinates.csv,762,3,0.5,0.010244
pdb3unv_A_original_CA_coordinates.csv,513,3,0.5,279.22
pdb4gs9_A_original_CA_coordinates.csv,107,3,0.5,6.17651
pdb5cdn_A_original_CA_coordinates.csv,480,3,0.5,69.1147
pdb5sgu_A_original_CA_coordinates.csv,315,3,0.5,2.77561
pdb6s06_A_original_CA_coordinates.csv,294,3,0.5,8.73419
pdb8b3w_A_original_CA_coordinates.csv,353,3,0.5,1.27436
pdb4ufy_A_original_CA_coordinates.csv,208,3,0.5,170.376
pdb2xr4_A_original_CA_coordinates.csv,116,3,0.5,43.4523
pdb7r6a_A_original_CA_coordinates.csv,329,3,0.5,46.8181
pdb4dfw_A_original_CA_coordinates.csv,219,3,0.5,0.0549656
pdb4n26_A_original_CA_coordinates.csv,655,3,0.5,0.0705175
pdb4jwh_A_original_CA_coordinates.csv,185,3,0.5,10.0148
pdb1e2b_A_original_CA_coordinates.csv,106,3,0.5,17.8123
pdb7fpk_A_original_CA_coordinates.csv,237,3,0.5,14.5849
pdb5f9e_A_original_CA_coordinates.csv,334,3,0.5,100.01
pdb4v38_A_original_CA_coordinates.csv,388,3,0.5,5.74396
pdb5rzf_A_original_CA_coordinates.csv,284,3,0.5,0.871235
pdb5qr5_B_original_CA_coordinates.csv,428,3,0.5,41.8425
pdb4wuk_H_original_CA_coordinates.csv,213,3,0.5,5.01681
pdb4r4k_A_original_CA_coordinates.csv,150,3,0.5,0.246926
pdb3nja_A_original_CA_coordinates.csv,104,3,0.5,1.6277
pdb7es2_A_original_CA_coordinates.csv,405,3,0.5,1.9621
pdb1qx1_A_original_CA_coordinates.csv,1014,3,0.5,0.924331
pdb2wog_A_original_CA_coordinates.csv,333,3,0.5,0.263372
pdb2fiq_A_original_CA_coordinates.csv,400,3,0.5,30.2793
pdb3jt7_A_original_CA_coordinates.csv,407,3,0.5,4.10041
pdb1q7r_A_original_CA_coordinates.csv,194,3,0.5,0.41601
pdb6g92_A_original_CA_coordinates.csv,343,3,0.5,1.06155
pdb2m47_A_original_CA_coordinates.csv,163,3,0.5,49.1308
pdb6o0n_A_original_CA_coordinates.csv,523,3,0.5,58.3994
pdb5e9q_A_original_CA_coordinates.csv,255,3,0.5,1.32767
pdb6kb1_A_original_CA_coordinates.csv,269,3,0.5,87.3086
pdb4v3l_A_original_CA_coordinates.csv,146,3,0.5,147.544
pdb2ooq_A_original_CA_coordinates.csv,278,3,0.5,1.4062
pdb7ysm_A_original_CA_coordinates.csv,311,3,0.5,5.45422
pdb5way_A_original_CA_coordinates.csv,482,3,0.5,80.0125
pdb2jld_A_original_CA_coordinates.csv,349,3,0.5,1.22101
pdb2o6i_A_original_CA_coordinates.csv,436,3,0.5,403.975
pdb8a74_A_original_CA_coordinates.csv,334,3,0.5,19.6215
pdb6nxs_A_original_CA_coordinates.csv,249,3,0.5,71.8257
pdb4ou3_A_original_CA_coordinates.csv,902,3,0.5,41.98
pdb3ntn_A_original_CA_coordinates.csv,211,3,0.5,7.51827
pdb7zws_A_original_CA_coordinates.csv,125,3,0.5,5.20583
pdb2oec_A_original_CA_coordinates.csv,252,3,0.5,104.965
pdb3pxs_A_original_CA_coordinates.csv,354,3,0.5,3.66268
pdb5q1l_A_original_CA_coordinates.csv,341,3,0.5,3.65017
pdb6z24_A_original_CA_coordinates.csv,258,3,0.5,157.983
pdb5og5_A_original_CA_coordinates.csv,332,3,0.5,9.19569
pdb4qfy_A_original_CA_coordinates.csv,480,3,0.5,37.3586
pdb3npx_A_original_CA_coordinates.csv,249,3,0.5,3.47442
pdb5exg_A_original_CA_coordinates.csv,142,3,0.5,0.376984
pdb5b70_A_original_CA_coordinates.csv,209,3,0.5,13.7041
pdb5hqh_A_original_CA_coordinates.csv,96,3,0.5,20.9539
pdb7kbr_G_original_CA_coordinates.csv,151,3,0.5,9.25756
pdb2cq4_A_original_CA_coordinates.csv,114,3,0.5,3.25692
pdb4c5m_A_original_CA_coordinates.csv,273,3,0.5,2.42399
pdb4re5_A_original_CA_coordinates.csv,574,3,0.5,0.163331
pdb1dz5_A_original_CA_coordinates.csv,101,3,0.5,0.251947
pdb5d4h_A_original_CA_coordinates.csv,337,3,0.5,74.2378
pdb3pu3_A_original_CA_coordinates.csv,363,3,0.5,307.68
pdb1ts6_A_original_CA_coordinates.csv,125,3,0.5,3.7128
pdb5nfe_A_original_CA_coordinates.csv,116,3,0.5,7.94404
pdb3h4y_A_original_CA_coordinates.csv,147,3,0.5,3.35017
pdb3dlc_A_original_CA_coordinates.csv,215,3,0.5,46.0729
pdb6i4f_A_original_CA_coordinates.csv,350,3,0.5,4.75975
pdb6dc2_A_original_CA_coordinates.csv,625,3,0.5,1.33118
pdb3sp4_A_original_CA_coordinates.csv,202,3,0.5,28.2364
pdb4xtz_A_original_CA_coordinates.csv,266,3,0.5,0.0754422
pdb3b37_A_original_CA_coordinates.csv,866,3,0.5,0.00235526
pdb4eko_A_original_CA_coordinates.csv,207,3,0.5,20.1154
pdb3rvp_A_original_CA_coordinates.csv,130,3,0.5,0.332285
pdb3oq2_A_original_CA_coordinates.csv,99,3,0.5,2.75695
pdb5qyi_A_original_CA_coordinates.csv,237,3,0.5,9.92821
pdb4mlj_A_original_CA_coordinates.csv,294,3,0.5,1.77112
pdb3bw9_A_original_CA_coordinates.csv,276,3,0.5,10.709
pdb6w89_A_original_CA_coordinates.csv,285,3,0.5,19.0473
pdb3hx8_A_original_CA_coordinates.csv,124,3,0.5,4.97872
pdb7n38_A_original_CA_coordinates.csv,174,3,0.5,9.46207
pdb4fvl_A_original_CA_coordinates.csv,368,3,0.5,2.57154
pdb7ggn_A_original_CA_coordinates.csv,304,3,0.5,11.9769
pdb8dxu_R_original_CA_coordinates.csv,193,3,0.5,0.553479
pdb5w4s_A_original_CA_coordinates.csv,139,3,0.5,4.82791
pdb6qda_A_original_CA_coordinates.csv,411,3,0.5,385.686
pdb5qs1_A_original_CA_coordinates.csv,171,3,0.5,19.9113
pdb5inp_A_original_CA_coordinates.csv,255,3,0.5,11.3185
pdb2y7e_A_original_CA_coordinates.csv,274,3,0.5,0.0664189
pdb3lw0_A_original_CA_coordinates.csv,292,3,0.5,66.7842
pdb7n8j_A_original_CA_coordinates.csv,422,3,0.5,0.365241
pdb3oca_A_original_CA_coordinates.csv,179,3,0.5,4.61023
pdb1ofw_A_original_CA_coordinates.csv,292,3,0.5,1.23102
pdb3iww_A_original_CA_coordinates.csv,694,3,0.5,2.08496
pdb7cy7_A_original_CA_coordinates.csv,872,3,0.5,0.570163
pdb3wl1_A_original_CA_coordinates.csv,383,3,0.5,34.1681
pdb3bkp_A_original_CA_coordinates.csv,179,3,0.5,15.0012
pdb4rzm_A_original_CA_coordinates.csv,274,3,0.5,5.37485
pdb2qx6_A_original_CA_coordinates.csv,230,3,0.5,1.50695
pdb5j1w_A_original_CA_coordinates.csv,338,3,0.5,104.022
pdb4alp_A_original_CA_coordinates.csv,87,3,0.5,0.303194
pdb2kmv_A_original_CA_coordinates.csv,185,3,0.5,76.0814
pdb1dxw_A_original_CA_coordinates.csv,165,3,0.5,0.244792
pdb7yui_A_original_CA_coordinates.csv,305,3,0.5,7.86108
pdb6ng4_A_original_CA_coordinates.csv,414,3,0.5,1.73241
pdb3pk3_A_original_CA_coordinates.csv,295,3,0.5,8.77143
pdb7nx2_A_original_CA_coordinates.csv,210,3,0.5,3.38904
pdb5q3o_A_original_CA_coordinates.csv,341,3,0.5,0.431813
pdb2kfj_A_original_CA_coordinates.csv,86,3,0.5,25.8962
pdb7g9h_A_original_CA_coordinates.csv,179,3,0.5,2.9188
pdb4xd8_A_original_CA_coordinates.csv,216,3,0.5,0.381406
pdb2jm5_A_original_CA_coordinates.csv,134,3,0.5,4.63852
pdb4ohy_A_original_CA_coordinates.csv,398,3,0.5,4.02105
pdb5ply_A_original_CA_coordinates.csv,331,3,0.5,1.55417
pdb3zr5_A_original_CA_coordinates.csv,641,3,0.5,5.51598
pdb5hye_A_original_CA_coordinates.csv,208,3,0.5,2.2475
pdb2op5_A_original_CA_coordinates.csv,110,3,0.5,123.353
pdb3d9x_A_original_CA_coordinates.csv,114,3,0.5,0.889211
pdb1ax0_A_original_CA_coordinates.csv,239,3,0.5,5.0501
pdb3w9w_A_original_CA_coordinates.csv,376,3,0.5,9.72898
pdb6pag_A_original_CA_coordinates.csv,277,3,0.5,6.78707
pdb5d16_A_original_CA_coordinates.csv,161,3,0.5,14.6792
pdb4qyp_A_original_CA_coordinates.csv,133,3,0.5,12.5965
pdb3b0q_A_original_CA_coordinates.csv,262,3,0.5,74.8262
pdb2qhp_A_original_CA_coordinates.csv,282,3,0.5,417.917
pdb4x6h_A_original_CA_coordinates.csv,215,3,0.5,3.62873
pdb1uhp_A_original_CA_coordinates.csv,107,3,0.5,33.1219
pdb4gek_A_original_CA_coordinates.csv,230,3,0.5,5.9272
pdb7q77_A_original_CA_coordinates.csv,124,3,0.5,3.58038
pdb3aem_A_original_CA_coordinates.csv,387,3,0.5,42.631
pdb3csr_A_original_CA_coordinates.csv,159,3,0.5,20.8429
pdb5rd3_A_original_CA_coordinates.csv,330,3,0.5,1.97933
pdb5fp8_A_original_CA_coordinates.csv,330,3,0.5,495.787
pdb2e56_A_original_CA_coordinates.csv,144,3,0.5,2.26773
pdb2jmv_A_original_CA_coordinates.csv,94,3,0.5,1.29549
pdb5qyj_A_original_CA_coordinates.csv,237,3,0.5,27.2324
pdb4psf_A_original_CA_coordinates.csv,134,3,0.5,2.26714
pdb3w76_A_original_CA_coordinates.csv,313,3,0.5,5.05376
pdb5qza_A_original_CA_coordinates.csv,237,3,0.5,1.04271
pdb5sev_A_original_CA_coordinates.csv,312,3,0.5,0.0780111
pdb2ihp_A_original_CA_coordinates.csv,275,3,0.5,9.16341
pdb4ue1_A_original_CA_coordinates.csv,100,3,0.5,16.692
pdb5fwo_A_original_CA_coordinates.csv,112,3,0.5,35.3227
pdb4h7n_A_original_CA_coordinates.csv,462,3,0.5,40.3626
pdb1npl_A_original_CA_coordinates.csv,109,3,0.5,37.8911
pdb5ocg_A_original_CA_coordinates.csv,172,3,0.5,3.06531
pdb5zmj_H_original_CA_coordinates.csv,227,3,0.5,18.3995
pdb3i76_A_original_CA_coordinates.csv,223,3,0.5,149.902
pdb5hf0_X_original_CA_coordinates.csv,157,3,0.5,103.332
pdb4etp_A_original_CA_coordinates.csv,379,3,0.5,4.85333
pdb4yw4_A_original_CA_coordinates.csv,659,3,0.5,4.68035
pdb4ged_A_original_CA_coordinates.csv,268,3,0.5,0.0370457
pdb2x76_A_original_CA_coordinates.csv,342,3,0.5,5.13927
pdb5on1_A_original_CA_coordinates.csv,498,3,0.5,1214.95
pdb5dyr_A_original_CA_coordinates.csv,139,3,0.5,12.0184
pdb4yj2_A_original_CA_coordinates.csv,437,3,0.5,31.936
pdb7fs2_A_original_CA_coordinates.csv,422,3,0.5,73.4209
pdb6sw3_A_original_CA_coordinates.csv,115,3,0.5,0.328862
pdb4zlu_A_original_CA_coordinates.csv,432,3,0.5,1.70149
pdb3m2n_A_original_CA_coordinates.csv,258,3,0.5,1.75598
pdb5quc_A_original_CA_coordinates.csv,222,3,0.5,0.127445
pdb5s90_A_original_CA_coordinates.csv,119,3,0.5,4.27814
pdb7gh5_A_original_CA_coordinates.csv,304,3,0.5,34.5524
pdb6ekt_A_original_CA_coordinates.csv,419,3,0.5,29.9164
pdb2dmg_A_original_CA_coordinates.csv,142,3,0.5,7.08502
pdb5sxr_A_original_CA_coordinates.csv,712,3,0.5,207.69
pdb5m4d_A_original_CA_coordinates.csv,439,3,0.5,11.1551
pdb2l85_A_original_CA_coordinates.csv,121,3,0.5,0.089542
pdb3rj8_A_original_CA_coordinates.csv,473,3,0.5,0.238723
pdb6xys_A_original_CA_coordinates.csv,535,3,0.5,31.2472
pdb4p2f_A_original_CA_coordinates.csv,189,3,0.5,0.567718
pdb4yjq_A_original_CA_coordinates.csv,264,3,0.5,19.1661
pdb1g42_A_original_CA_coordinates.csv,293,3,0.5,0.270765
pdb5sow_A_original_CA_coordinates.csv,167,3,0.5,74.7039
pdb8erd_A_original_CA_coordinates.csv,290,3,0.5,8.67977
pdb3qva_A_original_CA_coordinates.csv,109,3,0.5,8.01728
pdb6a50_A_original_CA_coordinates.csv,527,3,0.5,1.47868
pdb3ngh_A_original_CA_coordinates.csv,106,3,0.5,7.71398
pdb2k4z_A_original_CA_coordinates.csv,125,3,0.5,19.7135
pdb6emu_A_original_CA_coordinates.csv,170,3,0.5,7.28647
pdb6bh0_A_original_CA_coordinates.csv,291,3,0.5,2.59271
pdb5qpd_A_original_CA_coordinates.csv,359,3,0.5,2.42053
pdb6s61_A_original_CA_coordinates.csv,172,3,0.5,0.026741
pdb5xcy_A_original_CA_coordinates.csv,358,3,0.5,8.16469
pdb6fih_A_original_CA_coordinates.csv,379,3,0.5,30.409
pdb7jxq_D_original_CA_coordinates.csv,298,3,0.5,101.952
pdb3ey7_A_original_CA_coordinates.csv,127,3,0.5,13.1656
pdb3g2q_A_original_CA_coordinates.csv,247,3,0.5,28.1965
pdb2kli_A_original_CA_coordinates.csv,172,3,0.5,18.036
pdb6ky9_A_original_CA_coordinates.csv,143,3,0.5,1.22177
pdb3hh1_A_original_CA_coordinates.csv,111,3,0.5,0.10398
pdb4wvf_A_original_CA_coordinates.csv,209,3,0.5,2.37212
pdb7oft_A_original_CA_coordinates.csv,315,3,0.5,18.1178
pdb4y3b_A_original_CA_coordinates.csv,229,3,0.5,15.6905
pdb7flh_A_original_CA_coordinates.csv,237,3,0.5,12.1301
pdb5kb5_A_original_CA_coordinates.csv,341,3,0.5,0.537454
pdb6gx6_A_original_CA_coordinates.csv,159,3,0.5,6.7036
pdb6p9v_A_original_CA_coordinates.csv,380,3,0.5,4.01543
pdb4k02_A_original_CA_coordinates.csv,127,3,0.5,38.4985
pdb6kod_A_original_CA_coordinates.csv,440,3,0.5,166.671
pdb6uvg_A_original_CA_coordinates.csv,145,3,0.5,15.9655
pdb2mjw_A_original_CA_coordinates.csv,101,3,0.5,18.9367
pdb3lsn_A_original_CA_coordinates.csv,273,3,0.5,3.78374
pdb6ud6_A_original_CA_coordinates.csv,119,3,0.5,2.8234
pdb2kxf_A_original_CA_coordinates.csv,199,3,0.5,38.8146
pdb4yrn_A_original_CA_coordinates.csv,415,3,0.5,1.67958
pdb5uo5_A_original_CA_coordinates.csv,415,3,0.5,398.253
pdb4pxw_A_original_CA_coordinates.csv,292,3,0.5,0.240687
pdb6yv6_A_original_CA_coordinates.csv,200,3,0.5,7.80881
pdb5ia5_A_original_CA_coordinates.csv,273,3,0.5,3.52488
pdb7kuh_X_original_CA_coordinates.csv,283,3,0.5,17.3129
pdb2cr4_A_original_CA_coordinates.csv,126,3,0.5,1.42258
pdb3sb3_A_original_CA_coordinates.csv,100,3,0.5,1.04024
pdb3eiz_A_original_CA_coordinates.csv,182,3,0.5,1.06537
pdb4du6_A_original_CA_coordinates.csv,219,3,0.5,24.9654
pdb2w4w_C_original_CA_coordinates.csv,772,3,0.5,0.293908
pdb6q4s_A_original_CA_coordinates.csv,308,3,0.5,3.59873
pdb7v1g_A_original_CA_coordinates.csv,259,3,0.5,0.291431
pdb2n0u_A_original_CA_coordinates.csv,89,3,0.5,0.875962
pdb7c5f_O_original_CA_coordinates.csv,335,3,0.5,21.3614
pdb5xmc_A_original_CA_coordinates.csv,409,3,0.5,8.71619
pdb5sex_A_original_CA_coordinates.csv,312,3,0.5,17.3103
pdb4kyw_A_original_CA_coordinates.csv,254,3,0.5,0.338754
pdb7eze_A_original_CA_coordinates.csv,170,3,0.5,0.285497
pdb3dkr_A_original_CA_coordinates.csv,241,3,0.5,34.955
pdb7rm8_A_original_CA_coordinates.csv,110,3,0.5,5.6573
pdb3fi2_A_original_CA_coordinates.csv,326,3,0.5,4.87862
pdb6yqg_A_original_CA_coordinates.csv,162,3,0.5,3.53015
pdb6km1_A_original_CA_coordinates.csv,257,3,0.5,1.52695
pdb4iw7_A_original_CA_coordinates.csv,334,3,0.5,0.221822
pdb6l08_A_original_CA_coordinates.csv,285,3,0.5,0.0978433
pdb2gs3_A_original_CA_coordinates.csv,171,3,0.5,35.227
pdb7r61_A_original_CA_coordinates.csv,266,3,0.5,19.6959
pdb6qr1_A_original_CA_coordinates.csv,213,3,0.5,12.6646
pdb3u7z_A_original_CA_coordinates.csv,97,3,0.5,5.15197
pdb6ipn_A_original_CA_coordinates.csv,331,3,0.5,5.07132
pdb3e84_A_original_CA_coordinates.csv,164,3,0.5,3.87286
pdb3kpc_A_original_CA_coordinates.csv,124,3,0.5,3.09194
pdb7cww_A_original_CA_coordinates.csv,350,3,0.5,55.4262
pdb2cjs_A_original_CA_coordinates.csv,163,3,0.5,0.121265
pdb5mv9_A_original_CA_coordinates.csv,480,3,0.5,216.796
pdb3gov_A_original_CA_coordinates.csv,147,3,0.5,48.6415
pdb5l99_A_original_CA_coordinates.csv,116,3,0.5,0.815484
pdb8bjv_A_original_CA_coordinates.csv,321,3,0.5,0.0667125
pdb4k6x_A_original_CA_coordinates.csv,199,3,0.5,24.7463
pdb2qe3_A_original_CA_coordinates.csv,140,3,0.5,4.82368
pdb2i0h_A_original_CA_coordinates.csv,349,3,0.5,16.2832
pdb7cdb_A_original_CA_coordinates.csv,122,3,0.5,0.624071
pdb2x1z_M_original_CA_coordinates.csv,151,3,0.5,6.63362
pdb6n35_L_original_CA_coordinates.csv,211,3,0.5,16.3122
pdb8asd_A_original_CA_coordinates.csv,1826,3,0.5,0.842793
pdb5km9_B_original_CA_coordinates.csv,112,3,0.5,2.92731
pdb7ttj_B_original_CA_coordinates.csv,590,3,0.5,0.149995
pdb2n4b_A_original_CA_coordinates.csv,138,3,0.5,9.83434
pdb7ghz_A_original_CA_coordinates.csv,306,3,0.5,3.55931
pdb3eu9_A_original_CA_coordinates.csv,232,3,0.5,5.61873
pdb4hmu_A_original_CA_coordinates.csv,202,3,0.5,446.387
pdb4gp7_A_original_CA_coordinates.csv,167,3,0.5,11.0864
pdb8djc_A_original_CA_coordinates.csv,331,3,0.5,123.182
pdb1t1i_A_original_CA_coordinates.csv,357,3,0.5,21.9602
pdb6v2q_A_original_CA_coordinates.csv,276,3,0.5,445.531
pdb2poj_A_original_CA_coordinates.csv,164,3,0.5,4.70526
pdb6yf3_A_original_CA_coordinates.csv,108,3,0.5,1.25161
pdb4tof_A_original_CA_coordinates.csv,157,3,0.5,2.32629
pdb2nmy_A_original_CA_coordinates.csv,99,3,0.5,7.37499
pdb4lbm_A_original_CA_coordinates.csv,139,3,0.5,28.2859
pdb8ewr_A_original_CA_coordinates.csv,446,3,0.5,20.1353
pdb8btu_A_original_CA_coordinates.csv,262,3,0.5,0.999437
pdb6skk_A_original_CA_coordinates.csv,220,3,0.5,3.90393
pdb5vnr_A_original_CA_coordinates.csv,164,3,0.5,0.379568
pdb3sbj_A_original_CA_coordinates.csv,252,3,0.5,10.2863
pdb3t8d_A_original_CA_coordinates.csv,316,3,0.5,0.785948
pdb8c8w_A_original_CA_coordinates.csv,1032,3,0.5,337.892
pdb3kgs_A_original_CA_coordinates.csv,115,3,0.5,1.25374
pdb7cpq_A_original_CA_coordinates.csv,438,3,0.5,1.17192
pdb5zwa_A_original_CA_coordinates.csv,262,3,0.5,1.52294
pdb4cb7_A_original_CA_coordinates.csv,159,3,0.5,11.4716
pdb7bcc_A_original_CA_coordinates.csv,352,3,0.5,5.8996
pdb6l5o_A_original_CA_coordinates.csv,372,3,0.5,4.70893
pdb5y65_B_original_CA_coordinates.csv,233,3,0.5,1.48549
pdb4ece_A_original_CA_coordinates.csv,282,3,0.5,169.306
pdb6o91_A_original_CA_coordinates.csv,374,3,0.5,0.844063
pdb1zk0_A_original_CA_coordinates.csv,251,3,0.5,23.6384
pdb3dn6_A_original_CA_coordinates.csv,164,3,0.5,3.41662
pdb3nra_A_original_CA_coordinates.csv,384,3,0.5,2.99398
pdb3znx_A_original_CA_coordinates.csv,260,3,0.5,0.295749
pdb2p8g_A_original_CA_coordinates.csv,155,3,0.5,82.0835
pdb4tvs_A_original_CA_coordinates.csv,224,3,0.5,0.231734
pdb5xlz_A_original_CA_coordinates.csv,437,3,0.5,4.22204
pdb3sqn_A_original_CA_coordinates.csv,463,3,0.5,7.56381
pdb6i41_A_original_CA_coordinates.csv,139,3,0.5,41.4057
pdb1evu_A_original_CA_coordinates.csv,707,3,0.5,0.221262
pdb8cuq_B_original_CA_coordinates.csv,360,3,0.5,137.76
pdb2kwf_A_original_CA_coordinates.csv,87,3,0.5,10.3181
pdb5o1a_A_original_CA_coordinates.csv,196,3,0.5,8.72697
pdb6ccx_A_original_CA_coordinates.csv,198,3,0.5,0.020952
pdb7jx1_A_original_CA_coordinates.csv,263,3,0.5,343.485
pdb2v31_A_original_CA_coordinates.csv,112,3,0.5,37.3586
pdb4ts6_A_original_CA_coordinates.csv,126,3,0.5,4.02686
pdb7xb7_B_original_CA_coordinates.csv,246,3,0.5,24.2706
pdb7dpj_A_original_CA_coordinates.csv,166,3,0.5,0.416
pdb5qhu_A_original_CA_coordinates.csv,182,3,0.5,12.6589
pdb3l4o_A_original_CA_coordinates.csv,353,3,0.5,101.12
pdb3bk0_A_original_CA_coordinates.csv,257,3,0.5,2.52978
pdb8cfh_A_original_CA_coordinates.csv,462,3,0.5,33.2874
pdb1usc_A_original_CA_coordinates.csv,178,3,0.5,62.7162
pdb5e4n_A_original_CA_coordinates.csv,459,3,0.5,2.78017
pdb5zo5_A_original_CA_coordinates.csv,205,3,0.5,54.7297
pdb4mfk_A_original_CA_coordinates.csv,323,3,0.5,238.151
pdb8dcu_A_original_CA_coordinates.csv,129,3,0.5,2.47232
pdb6b9i_A_original_CA_coordinates.csv,283,3,0.5,11.9798
pdb2ww4_A_original_CA_coordinates.csv,283,3,0.5,0.22381
pdb7k5d_A_original_CA_coordinates.csv,123,3,0.5,0.0470382
pdb3rv9_A_original_CA_coordinates.csv,420,3,0.5,11.9693
pdb3g7q_A_original_CA_coordinates.csv,373,3,0.5,43.8304
pdb4ram_A_original_CA_coordinates.csv,239,3,0.5,4.83532
pdb5rfe_A_original_CA_coordinates.csv,304,3,0.5,1.76917
pdb4tqe_L_original_CA_coordinates.csv,218,3,0.5,36.1756
pdb5o6r_A_original_CA_coordinates.csv,218,3,0.5,8.87001
pdb2g4k_A_original_CA_coordinates.csv,339,3,0.5,6.51193
pdb1uto_A_original_CA_coordinates.csv,220,3,0.5,2.79823
pdb5icw_A_original_CA_coordinates.csv,180,3,0.5,45.4133
pdb4boe_A_original_CA_coordinates.csv,154,3,0.5,18.5106
pdb4r14_A_original_CA_coordinates.csv,153,3,0.5,51.6182
pdb3c5i_A_original_CA_coordinates.csv,343,3,0.5,0.598995
pdb6t9s_A_original_CA_coordinates.csv,526,3,0.5,15.4221
pdb5vi6_A_original_CA_coordinates.csv,353,3,0.5,0.186241
pdb7ck0_A_original_CA_coordinates.csv,386,3,0.5,28.3262
pdb8t1t_A_original_CA_coordinates.csv,262,3,0.5,50.6692
pdb4ls5_A_original_CA_coordinates.csv,413,3,0.5,14.9195
pdb5pt8_A_original_CA_coordinates.csv,121,3,0.5,20.3849
pdb3vvy_A_original_CA_coordinates.csv,184,3,0.5,0.681115
pdb3ciw_A_original_CA_coordinates.csv,344,3,0.5,2.41754
pdb2y1s_A_original_CA_coordinates.csv,108,3,0.5,34.6563
pdb4fu7_A_original_CA_coordinates.csv,246,3,0.5,4.39097
pdb2hrb_A_original_CA_coordinates.csv,273,3,0.5,3.25636
pdb8b9n_A_original_CA_coordinates.csv,239,3,0.5,18.6388
pdb6oyd_A_original_CA_coordinates.csv,99,3,0.5,45.9106
pdb5g4l_A_original_CA_coordinates.csv,265,3,0.5,0.57987
pdb6ehq_S_original_CA_coordinates.csv,267,3,0.5,18.0524
pdb6g34_A_original_CA_coordinates.csv,327,3,0.5,87.2935
pdb7mlr_A_original_CA_coordinates.csv,126,3,0.5,4.37259
pdb3zrh_A_original_CA_coordinates.csv,428,3,0.5,480.081
pdb6nev_A_original_CA_coordinates.csv,431,3,0.5,34.34
pdb3bvx_A_original_CA_coordinates.csv,1016,3,0.5,0.75141
pdb2b67_A_original_CA_coordinates.csv,198,3,0.5,49.6387
pdb2fhq_A_original_CA_coordinates.csv,131,3,0.5,4.39719
pdb2hr9_A_original_CA_coordinates.csv,174,3,0.5,1.03404
pdb6fzo_A_original_CA_coordinates.csv,133,3,0.5,0.735118
pdb6pzj_A_original_CA_coordinates.csv,264,3,0.5,34.8385
pdb6dn0_A_original_CA_coordinates.csv,119,3,0.5,3.83346
pdb6jrc_A_original_CA_coordinates.csv,268,3,0.5,164.348
pdb3nuj_A_original_CA_coordinates.csv,99,3,0.5,1.6515
pdb7l1i_A_original_CA_coordinates.csv,169,3,0.5,0.546093
pdb5mno_A_original_CA_coordinates.csv,220,3,0.5,2.0064
pdb3mu0_A_original_CA_coordinates.csv,229,3,0.5,6.93676
pdb4g75_A_original_CA_coordinates.csv,286,3,0.5,11.2371
pdb4j8p_A_original_CA_coordinates.csv,155,3,0.5,3.97452
pdb3bp5_A_original_CA_coordinates.csv,114,3,0.5,52.798
pdb6joe_A_original_CA_coordinates.csv,242,3,0.5,27.9872
pdb3vd8_A_original_CA_coordinates.csv,467,3,0.5,20.5422
pdb3hu9_A_original_CA_coordinates.csv,162,3,0.5,6.12667
pdb7kwu_A_original_CA_coordinates.csv,556,3,0.5,61.5764
pdb5psg_A_original_CA_coordinates.csv,121,3,0.5,147.244
pdb1j5c_A_original_CA_coordinates.csv,98,3,0.5,5.04207
pdb4w8k_A_original_CA_coordinates.csv,289,3,0.5,1.48336
pdb7yq6_E_original_CA_coordinates.csv,799,3,0.5,41.4189
pdb6emr_A_original_CA_coordinates.csv,206,3,0.5,79.4673
pdb3tfu_A_original_CA_coordinates.csv,417,3,0.5,0.41606
pdb5rx3_A_original_CA_coordinates.csv,460,3,0.5,133.758
pdb8bk5_A_original_CA_coordinates.csv,134,3,0.5,37.4429
pdb5sqy_A_original_CA_coordinates.csv,167,3,0.5,1.33301
pdb3bwk_A_original_CA_coordinates.csv,242,3,0.5,5.07867
pdb4nl4_H_original_CA_coordinates.csv,698,3,0.5,28.6472
pdb5ah2_A_original_CA_coordinates.csv,380,3,0.5,1.41962
pdb1kw3_B_original_CA_coordinates.csv,288,3,0.5,18.0684
pdb8ke1_A_original_CA_coordinates.csv,260,3,0.5,120.803
pdb2q7j_A_original_CA_coordinates.csv,247,3,0.5,0.566264
pdb4noh_A_original_CA_coordinates.csv,159,3,0.5,9.77335
pdb6m4l_A_original_CA_coordinates.csv,496,3,0.5,15.9931
pdb3dj9_A_original_CA_coordinates.csv,107,3,0.5,48.8604
pdb7wfw_A_original_CA_coordinates.csv,998,3,0.5,17.2746
pdb4n1i_A_original_CA_coordinates.csv,312,3,0.5,5.81672
pdb4afj_A_original_CA_coordinates.csv,343,3,0.5,140.696
pdb4j2v_A_original_CA_coordinates.csv,581,3,0.5,0.532704
pdb7b7a_A_original_CA_coordinates.csv,391,3,0.5,8.34609
pdb3u6d_A_original_CA_coordinates.csv,252,3,0.5,40.2368
pdb4gy7_A_original_CA_coordinates.csv,827,3,0.5,0.461072
pdb5y6b_A_original_CA_coordinates.csv,145,3,0.5,23.4663
pdb4ax2_A_original_CA_coordinates.csv,124,3,0.5,1.23502
pdb2dgz_A_original_CA_coordinates.csv,113,3,0.5,1.78127
pdb7miy_A_original_CA_coordinates.csv,1326,3,0.5,34.0355
pdb3jz0_A_original_CA_coordinates.csv,266,3,0.5,15.1757
pdb5qh4_A_original_CA_coordinates.csv,184,3,0.5,46.805
pdb6mp8_A_original_CA_coordinates.csv,308,3,0.5,5.16183
pdb6ssc_A_original_CA_coordinates.csv,149,3,0.5,93.2531
pdb7bd5_A_original_CA_coordinates.csv,338,3,0.5,1.52924
pdb2ibp_A_original_CA_coordinates.csv,407,3,0.5,201.12
pdb6hxa_A_original_CA_coordinates.csv,375,3,0.5,18.3529
pdb2ogf_A_original_CA_coordinates.csv,118,3,0.5,1.10725
pdb2xkf_A_original_CA_coordinates.csv,250,3,0.5,18.2358
pdb4gw6_A_original_CA_coordinates.csv,144,3,0.5,2.83302
pdb3mux_A_original_CA_coordinates.csv,247,3,0.5,2.46812
pdb6vb8_A_original_CA_coordinates.csv,233,3,0.5,1.89
pdb7u0u_A_original_CA_coordinates.csv,195,3,0.5,585.168
pdb5z5n_A_original_CA_coordinates.csv,231,3,0.5,0.383953
pdb6w8a_A_original_CA_coordinates.csv,276,3,0.5,167.346
pdb3w1w_A_original_CA_coordinates.csv,359,3,0.5,409.228
pdb5vg0_A_original_CA_coordinates.csv,142,3,0.5,0.984431
pdb8gbw_H_original_CA_coordinates.csv,214,3,0.5,7.61017
pdb7tkv_A_original_CA_coordinates.csv,631,3,0.5,4.48176
pdb4bve_A_original_CA_coordinates.csv,274,3,0.5,29.1042
pdb4nga_H_original_CA_coordinates.csv,231,3,0.5,0.833467
pdb4xez_A_original_CA_coordinates.csv,186,3,0.5,1.1361
pdb6coi_A_original_CA_coordinates.csv,260,3,0.5,21.3286
pdb6zij_A_original_CA_coordinates.csv,277,3,0.5,98.8803
pdb7cj5_A_original_CA_coordinates.csv,292,3,0.5,34.231
pdb5jkf_A_original_CA_coordinates.csv,369,3,0.5,2.21686
pdb6h1s_A_original_CA_coordinates.csv,453,3,0.5,49.8514
pdb3m5u_A_original_CA_coordinates.csv,346,3,0.5,64.8981
pdb7kl1_A_original_CA_coordinates.csv,268,3,0.5,5.1196
pdb4bw3_A_original_CA_coordinates.csv,127,3,0.5,46.6729
pdb5vyr_A_original_CA_coordinates.csv,244,3,0.5,2.23934
pdb3prc_C_original_CA_coordinates.csv,332,3,0.5,20.262
pdb6bd9_A_original_CA_coordinates.csv,542,3,0.5,16.2483
pdb5e7z_A_original_CA_coordinates.csv,459,3,0.5,330.423
pdb2own_A_original_CA_coordinates.csv,252,3,0.5,8.49946
pdb4yec_A_original_CA_coordinates.csv,126,3,0.5,8.49005
pdb5fzf_A_original_CA_coordinates.csv,457,3,0.5,161.023
pdb6lxc_A_original_CA_coordinates.csv,257,3,0.5,0.993046
pdb7apn_A_original_CA_coordinates.csv,269,3,0.5,0.863064
pdb8gc8_A_original_CA_coordinates.csv,253,3,0.5,41.813
pdb4mxr_A_original_CA_coordinates.csv,297,3,0.5,12.8674
pdb4zj2_A_original_CA_coordinates.csv,264,3,0.5,10.8761
pdb3x35_A_original_CA_coordinates.csv,87,3,0.5,1.13284
pdb2oy0_A_original_CA_coordinates.csv,262,3,0.5,41.8325
pdb3ieo_A_original_CA_coordinates.csv,256,3,0.5,1178.29
pdb4q2n_A_original_CA_coordinates.csv,93,3,0.5,45.9409
pdb5akv_A_original_CA_coordinates.csv,116,3,0.5,0.102728
pdb6fbf_A_original_CA_coordinates.csv,538,3,0.5,30.3823
pdb8aqf_A_original_CA_coordinates.csv,289,3,0.5,13.7024
pdb6uqs_A_original_CA_coordinates.csv,363,3,0.5,28.1763
pdb6c7w_A_original_CA_coordinates.csv,259,3,0.5,5.86068
pdb5acl_A_original_CA_coordinates.csv,109,3,0.5,0.156345
pdb6nw7_A_original_CA_coordinates.csv,216,3,0.5,11.1312
pdb5prk_A_original_CA_coordinates.csv,121,3,0.5,0.381626
pdb6guh_A_original_CA_coordinates.csv,284,3,0.5,198.72
pdb4mtd_A_original_CA_coordinates.csv,149,3,0.5,69.8255
pdb5rtj_A_original_CA_coordinates.csv,167,3,0.5,2.62462
pdb8by5_A_original_CA_coordinates.csv,198,3,0.5,1.8043
pdb6gbf_A_original_CA_coordinates.csv,417,3,0.5,1.06706
pdb6a06_A_original_CA_coordinates.csv,188,3,0.5,18.469
pdb5v88_A_original_CA_coordinates.csv,363,3,0.5,1.15309
pdb4bke_A_original_CA_coordinates.csv,582,3,0.5,11.1187
pdb7ein_A_original_CA_coordinates.csv,300,3,0.5,15.5302
pdb4e4a_A_original_CA_coordinates.csv,257,3,0.5,20.1327
pdb2hfq_A_original_CA_coordinates.csv,85,3,0.5,0.098416
pdb1smx_A_original_CA_coordinates.csv,87,3,0.5,5.43619
pdb7pth_A_original_CA_coordinates.csv,517,3,0.5,1.32226
pdb7ajo_A_original_CA_coordinates.csv,481,3,0.5,50.7972
pdb6t0g_A_original_CA_coordinates.csv,426,3,0.5,2.06794
pdb6ovk_R_original_CA_coordinates.csv,213,3,0.5,4.50846
pdb5fra_A_original_CA_coordinates.csv,197,3,0.5,7.53225
pdb6g1w_A_original_CA_coordinates.csv,530,3,0.5,16.9309
pdb6fpq_A_original_CA_coordinates.csv,174,3,0.5,5.95501
pdb8b8x_A_original_CA_coordinates.csv,268,3,0.5,2.17395
pdb5mhc_A_original_CA_coordinates.csv,235,3,0.5,1.16467
pdb1l9y_A_original_CA_coordinates.csv,263,3,0.5,3.20108
pdb4anv_A_original_CA_coordinates.csv,848,3,0.5,75.5749
pdb6w30_A_original_CA_coordinates.csv,287,3,0.5,2.28805
pdb6dvi_A_original_CA_coordinates.csv,394,3,0.5,6.02562
pdb5qzu_A_original_CA_coordinates.csv,237,3,0.5,580.094
pdb7ktf_A_original_CA_coordinates.csv,327,3,0.5,289.684
pdb7oyp_A_original_CA_coordinates.csv,258,3,0.5,1.47843
pdb5kns_A_original_CA_coordinates.csv,170,3,0.5,0.627793
pdb3o9z_A_original_CA_coordinates.csv,310,3,0.5,12.1456
pdb2amm_X_original_CA_coordinates.csv,180,3,0.5,5.12569
pdb5oov_A_original_CA_coordinates.csv,157,3,0.5,1.06779
pdb1w8h_A_original_CA_coordinates.csv,114,3,0.5,4.2294
pdb4k73_A_original_CA_coordinates.csv,221,3,0.5,7.96163
pdb7mqx_A_original_CA_coordinates.csv,357,3,0.5,9.7075
pdb1yxm_A_original_CA_coordinates.csv,297,3,0.5,24.5579
pdb6hsr_A_original_CA_coordinates.csv,148,3,0.5,0.757701
pdb4o5o_A_original_CA_coordinates.csv,257,3,0.5,0.736552
pdb6rrp_A_original_CA_coordinates.csv,459,3,0.5,50.1679
pdb7oct_A_original_CA_coordinates.csv,686,3,0.5,4.23005
pdb4mnr_A_original_CA_coordinates.csv,407,3,0.5,5.89822
pdb3c6c_A_original_CA_coordinates.csv,285,3,0.5,24.3608
pdb4pq7_A_original_CA_coordinates.csv,260,3,0.5,6.681
pdb8a7c_A_original_CA_coordinates.csv,345,3,0.5,15.7229
pdb5tui_A_original_CA_coordinates.csv,388,3,0.5,32.1833
pdb6hyw_A_original_CA_coordinates.csv,311,3,0.5,40.7767
pdb3rqo_A_original_CA_coordinates.csv,404,3,0.5,0.0862016
pdb4kti_A_original_CA_coordinates.csv,344,3,0.5,234.918
pdb7fxo_A_original_CA_coordinates.csv,130,3,0.5,5.42629
pdb5iko_A_original_CA_coordinates.csv,807,3,0.5,0.0138937
pdb2x7k_A_original_CA_coordinates.csv,164,3,0.5,5.34029
pdb5ht4_A_original_CA_coordinates.csv,186,3,0.5,17.3104
pdb7ull_A_original_CA_coordinates.csv,217,3,0.5,73.2188
pdb5uob_A_original_CA_coordinates.csv,404,3,0.5,0.140917
pdb5hm7_A_original_CA_coordinates.csv,207,3,0.5,9.49535
pdb5o4t_A_original_CA_coordinates.csv,113,3,0.5,0.185679
pdb7z2j_A_original_CA_coordinates.csv,225,3,0.5,70.2395
pdb7vdo_D_original_CA_coordinates.csv,251,3,0.5,22.4764
pdb5c4t_A_original_CA_coordinates.csv,241,3,0.5,136.517
pdb5pp5_A_original_CA_coordinates.csv,121,3,0.5,2.36322
pdb7e5u_A_original_CA_coordinates.csv,373,3,0.5,42.1621
pdb5pa4_A_original_CA_coordinates.csv,213,3,0.5,8.30474
pdb2kl2_A_original_CA_coordinates.csv,149,3,0.5,5.30049
pdb7scd_A_original_CA_coordinates.csv,371,3,0.5,2.25247
pdb5cmm_A_original_CA_coordinates.csv,257,3,0.5,2.11235
pdb5sqo_A_original_CA_coordinates.csv,167,3,0.5,0.522072
pdb4ybm_A_original_CA_coordinates.csv,177,3,0.5,8.19711
pdb6iwg_A_original_CA_coordinates.csv,276,3,0.5,2.50399
pdb8bxz_A_original_CA_coordinates.csv,230,3,0.5,0.0738196
pdb7nru_A_original_CA_coordinates.csv,239,3,0.5,0.165355
pdb7ust_B_original_CA_coordinates.csv,125,3,0.5,18.4075
pdb5ky3_A_original_CA_coordinates.csv,353,3,0.5,8.37542
pdb6sq0_A_original_CA_coordinates.csv,229,3,0.5,2.57201
pdb6byg_A_original_CA_coordinates.csv,856,3,0.5,8.78502
pdb3q80_A_original_CA_coordinates.csv,218,3,0.5,104.097
pdb2mze_A_original_CA_coordinates.csv,250,3,0.5,7.57596
pdb6nbl_A_original_CA_coordinates.csv,405,3,0.5,536.863
pdb2xid_A_original_CA_coordinates.csv,416,3,0.5,2.09544
pdb2uui_A_original_CA_coordinates.csv,155,3,0.5,8.62002
pdb4rvo_A_original_CA_coordinates.csv,419,3,0.5,35.8047
pdb6lo9_A_original_CA_coordinates.csv,259,3,0.5,46.1105
pdb5f4n_A_original_CA_coordinates.csv,258,3,0.5,55.3289
pdb2cqm_A_original_CA_coordinates.csv,122,3,0.5,4.4478
pdb5jo7_A_original_CA_coordinates.csv,510,3,0.5,34.2548
pdb4gxb_A_original_CA_coordinates.csv,263,3,0.5,13.8137
pdb7niv_D_original_CA_coordinates.csv,208,3,0.5,41.3146
pdb4l1s_A_original_CA_coordinates.csv,116,3,0.5,87.2156
pdb7ka0_A_original_CA_coordinates.csv,339,3,0.5,38.308
pdb7go8_A_original_CA_coordinates.csv,182,3,0.5,0.210666
pdb8g22_A_original_CA_coordinates.csv,286,3,0.5,9.02326
pdb5mmv_A_original_CA_coordinates.csv,166,3,0.5,37.1784
pdb3x3z_A_original_CA_coordinates.csv,619,3,0.5,6.48159
pdb8p88_A_original_CA_coordinates.csv,212,3,0.5,8.56672
pdb7vvg_A_original_CA_coordinates.csv,166,3,0.5,25.1611
pdb7em2_A_original_CA_coordinates.csv,313,3,0.5,104.602
pdb4b5n_A_original_CA_coordinates.csv,354,3,0.5,127.839
pdb5due_A_original_CA_coordinates.csv,235,3,0.5,7.7001
pdb2jvf_A_original_CA_coordinates.csv,94,3,0.5,0.300869
pdb2x66_A_original_CA_coordinates.csv,343,3,0.5,2.00102
pdb4xqa_A_original_CA_coordinates.csv,184,3,0.5,1.91326
pdb7kb6_A_original_CA_coordinates.csv,850,3,0.5,0.705407
pdb5ao9_A_original_CA_coordinates.csv,280,3,0.5,2.61633
pdb5qit_A_original_CA_coordinates.csv,225,3,0.5,4.55626
pdb5fwj_A_original_CA_coordinates.csv,435,3,0.5,39.8276
pdb6tet_A_original_CA_coordinates.csv,392,3,0.5,38.7937
pdb5ji6_A_original_CA_coordinates.csv,368,3,0.5,23.723
pdb4rtl_A_original_CA_coordinates.csv,254,3,0.5,0.993101
pdb2iqj_A_original_CA_coordinates.csv,118,3,0.5,21.3208
pdb6sz0_A_original_CA_coordinates.csv,397,3,0.5,9.50616
pdb6a0e_A_original_CA_coordinates.csv,305,3,0.5,277.725
pdb4ooe_A_original_CA_coordinates.csv,376,3,0.5,6.77352
pdb6yet_A_original_CA_coordinates.csv,104,3,0.5,9.74756
pdb5pg0_A_original_CA_coordinates.csv,115,3,0.5,0.0468339
pdb6lgd_A_original_CA_coordinates.csv,570,3,0.5,1.34167
pdb4bds_A_original_CA_coordinates.csv,524,3,0.5,160.952
pdb7zsp_A_original_CA_coordinates.csv,281,3,0.5,17.1482
pdb3ohs_X_original_CA_coordinates.csv,331,3,0.5,0.770347
pdb8c14_A_original_CA_coordinates.csv,263,3,0.5,0.105151
pdb2y9q_A_original_CA_coordinates.csv,350,3,0.5,288.831
pdb2oo0_A_original_CA_coordinates.csv,419,3,0.5,1.92376
pdb5fz0_A_original_CA_coordinates.csv,453,3,0.5,58.9607
pdb5q8i_A_original_CA_coordinates.csv,341,3,0.5,14.1534
pdb7m0b_A_original_CA_coordinates.csv,331,3,0.5,4.14122
pdb6z5n_A_original_CA_coordinates.csv,110,3,0.5,9.86731
pdb3ccd_A_original_CA_coordinates.csv,85,3,0.5,2.25058
pdb4kfn_A_original_CA_coordinates.csv,473,3,0.5,1.99786
pdb4hlz_A_original_CA_coordinates.csv,317,3,0.5,0.758883
pdb5jd9_A_original_CA_coordinates.csv,358,3,0.5,14.2121
pdb1h2g_A_original_CA_coordinates.csv,205,3,0.5,12.0742
pdb5nbx_A_original_CA_coordinates.csv,109,3,0.5,0.436141
pdb5ryv_A_original_CA_coordinates.csv,284,3,0.5,1.63353
pdb8bin_A_original_CA_coordinates.csv,264,3,0.5,0.74827
pdb2lok_A_original_CA_coordinates.csv,191,3,0.5,4.49425
pdb3tgb_A_original_CA_coordinates.csv,184,3,0.5,86.5352
pdb7c5o_O_original_CA_coordinates.csv,338,3,0.5,10.5868
pdb2atf_A_original_CA_coordinates.csv,183,3,0.5,0.220248
pdb6r3o_A_original_CA_coordinates.csv,500,3,0.5,296.729
pdb4yym_A_original_CA_coordinates.csv,132,3,0.5,2.86549
pdb4a8n_A_original_CA_coordinates.csv,386,3,0.5,54.2318
pdb6csw_A_original_CA_coordinates.csv,316,3,0.5,3.57822
pdb7twc_A_original_CA_coordinates.csv,409,3,0.5,97.9245
pdb3fco_A_original_CA_coordinates.csv,267,3,0.5,0.654911
pdb5pgf_A_original_CA_coordinates.csv,115,3,0.5,7.52605
pdb6mob_A_original_CA_coordinates.csv,306,3,0.5,18.2159
pdb8oe5_A_original_CA_coordinates.csv,261,3,0.5,121.82
pdb7dp3_A_original_CA_coordinates.csv,278,3,0.5,5.51689
pdb6yxi_A_original_CA_coordinates.csv,351,3,0.5,92.3106
pdb2c2h_A_original_CA_coordinates.csv,168,3,0.5,8.61254
pdb2g9i_A_original_CA_coordinates.csv,229,3,0.5,0.981377
pdb5st9_A_original_CA_coordinates.csv,237,3,0.5,26.567
pdb5js5_A_original_CA_coordinates.csv,124,3,0.5,25.023
pdb8cnf_A_original_CA_coordinates.csv,316,3,0.5,12.4004
pdb4fmm_A_original_CA_coordinates.csv,324,3,0.5,0.240675
pdb4h82_A_original_CA_coordinates.csv,160,3,0.5,20.4772
pdb3u6e_A_original_CA_coordinates.csv,252,3,0.5,1.40047
pdb6szx_A_original_CA_coordinates.csv,161,3,0.5,1.0106
pdb4zu6_X_original_CA_coordinates.csv,309,3,0.5,2.77107
pdb4awi_A_original_CA_coordinates.csv,352,3,0.5,19.9978
pdb6qyi_A_original_CA_coordinates.csv,518,3,0.5,164.41
pdb8xxb_A_original_CA_coordinates.csv,222,3,0.5,0.0674872
pdb4hwm_A_original_CA_coordinates.csv,113,3,0.5,8.68676
pdb4i97_A_original_CA_coordinates.csv,207,3,0.5,18.2133
pdb6zwh_A_original_CA_coordinates.csv,351,3,0.5,2.77136
pdb4jcz_A_original_CA_coordinates.csv,147,3,0.5,2.50362
pdb2p01_A_original_CA_coordinates.csv,323,3,0.5,606.249
pdb4ld1_A_original_CA_coordinates.csv,157,3,0.5,0.402527
pdb5apg_A_original_CA_coordinates.csv,180,3,0.5,7.14097
pdb8b0r_A_original_CA_coordinates.csv,496,3,0.5,21.6356
pdb2pyq_A_original_CA_coordinates.csv,108,3,0.5,0.023222
pdb7jid_A_original_CA_coordinates.csv,287,3,0.5,14.8202
pdb5eg4_A_original_CA_coordinates.csv,220,3,0.5,94.7757
pdb4qa4_A_original_CA_coordinates.csv,366,3,0.5,9.3851
pdb3lxl_A_original_CA_coordinates.csv,281,3,0.5,180.648
pdb8fp0_A_original_CA_coordinates.csv,274,3,0.5,179.847
pdb8dhf_A_original_CA_coordinates.csv,355,3,0.5,0.066616
pdb7yko_A_original_CA_coordinates.csv,259,3,0.5,0.481373
pdb5aqe_A_original_CA_coordinates.csv,269,3,0.5,1.95547
pdb5plh_A_original_CA_coordinates.csv,331,3,0.5,7.02743
pdb5m5u_A_original_CA_coordinates.csv,360,3,0.5,1.93166
pdb6h8b_B_original_CA_coordinates.csv,268,3,0.5,1.09223
pdb6zs4_A_original_CA_coordinates.csv,110,3,0.5,0.0358544
pdb5r8k_A_original_CA_coordinates.csv,152,3,0.5,0.282112
pdb6ckc_A_original_CA_coordinates.csv,625,3,0.5,140.809
pdb5sez_A_original_CA_coordinates.csv,312,3,0.5,132.893
pdb4fk4_A_original_CA_coordinates.csv,901,3,0.5,92.0612
pdb5zyl_A_original_CA_coordinates.csv,235,3,0.5,2.07133
pdb4l9n_A_original_CA_coordinates.csv,137,3,0.5,2.59269
pdb6y1k_H_original_CA_coordinates.csv,216,3,0.5,16.9116
pdb5b5z_A_original_CA_coordinates.csv,240,3,0.5,4.34366
pdb4mpn_A_original_CA_coordinates.csv,363,3,0.5,146.856
pdb3at8_A_original_CA_coordinates.csv,196,3,0.5,0.660101
pdb4jgk_A_original_CA_coordinates.csv,164,3,0.5,34.6319
pdb8ei7_A_original_CA_coordinates.csv,375,3,0.5,2.25688
pdb6ev9_A_original_CA_coordinates.csv,496,3,0.5,0.124374
pdb6hur_A_original_CA_coordinates.csv,428,3,0.5,3.56101
pdb6nmn_A_original_CA_coordinates.csv,253,3,0.5,12.1747
pdb5k9m_A_original_CA_coordinates.csv,353,3,0.5,5.99009
pdb5g0t_A_original_CA_coordinates.csv,260,3,0.5,7.34332
pdb5n3f_A_original_CA_coordinates.csv,318,3,0.5,0.47741
pdb2kck_A_original_CA_coordinates.csv,112,3,0.5,22.5274
pdb4dlr_A_original_CA_coordinates.csv,166,3,0.5,51.5757
pdb4y0x_A_original_CA_coordinates.csv,322,3,0.5,8.91677
pdb6hbz_A_original_CA_coordinates.csv,269,3,0.5,102.217
pdb3r09_A_original_CA_coordinates.csv,194,3,0.5,115.275
pdb5t3y_A_original_CA_coordinates.csv,125,3,0.5,6.01314
pdb8ej0_A_original_CA_coordinates.csv,567,3,0.5,18.5532
pdb8cis_A_original_CA_coordinates.csv,312,3,0.5,27.5173
pdb3mau_A_original_CA_coordinates.csv,452,3,0.5,208.691
pdb3nft_A_original_CA_coordinates.csv,262,3,0.5,393.206
pdb5f0v_A_original_CA_coordinates.csv,394,3,0.5,106.761
pdb2qlt_A_original_CA_coordinates.csv,251,3,0.5,3.626
pdb4di9_A_original_CA_coordinates.csv,293,3,0.5,0.942137
pdb3bwr_A_original_CA_coordinates.csv,267,3,0.5,9.77265
pdb4ry8_A_original_CA_coordinates.csv,315,3,0.5,10.9567
pdb4cdp_A_original_CA_coordinates.csv,333,3,0.5,98.4541
pdb4ly1_A_original_CA_coordinates.csv,368,3,0.5,26.1071
pdb3prs_A_original_CA_coordinates.csv,330,3,0.5,0.63956
pdb7foh_A_original_CA_coordinates.csv,237,3,0.5,21.9602
pdb5r7y_A_original_CA_coordinates.csv,304,3,0.5,6.06254
pdb4q9p_A_original_CA_coordinates.csv,131,3,0.5,36.3125
pdb6dvl_A_original_CA_coordinates.csv,356,3,0.5,1.58163
pdb6rli_A_original_CA_coordinates.csv,250,3,0.5,14.903
pdb5ug8_A_original_CA_coordinates.csv,280,3,0.5,43.3302
pdb7r5f_A_original_CA_coordinates.csv,149,3,0.5,40.4198
pdb5dkb_A_original_CA_coordinates.csv,230,3,0.5,2.19488
pdb5pff_A_original_CA_coordinates.csv,115,3,0.5,58.5987
pdb3gmn_A_original_CA_coordinates.csv,268,3,0.5,37.788
pdb5erq_A_original_CA_coordinates.csv,417,3,0.5,1.85807
pdb5sj6_A_original_CA_coordinates.csv,314,3,0.5,2.18148
pdb4hzf_A_original_CA_coordinates.csv,200,3,0.5,15.097
pdb5hyh_A_original_CA_coordinates.csv,287,3,0.5,131.231
pdb8doy_A_original_CA_coordinates.csv,302,3,0.5,76.712
pdb4ljy_A_original_CA_coordinates.csv,438,3,0.5,6.84884
pdb4qrz_A_original_CA_coordinates.csv,383,3,0.5,237.35
pdb6zir_A_original_CA_coordinates.csv,163,3,0.5,80.4829
pdb7n8t_A_original_CA_coordinates.csv,355,3,0.5,7.5793
pdb7so8_A_original_CA_coordinates.csv,219,3,0.5,42.9949
pdb2ll7_A_original_CA_coordinates.csv,148,3,0.5,0.163312
pdb2o1v_A_original_CA_coordinates.csv,578,3,0.5,29.6832
pdb5d87_A_original_CA_coordinates.csv,316,3,0.5,41.9294
pdb4dj9_A_original_CA_coordinates.csv,243,3,0.5,31.061
pdb2q1e_A_original_CA_coordinates.csv,109,3,0.5,11.2694
pdb8b7i_A_original_CA_coordinates.csv,213,3,0.5,3.93217
pdb6p5o_A_original_CA_coordinates.csv,619,3,0.5,0.107342
pdb6jit_A_original_CA_coordinates.csv,284,3,0.5,8.39764
pdb2gzq_A_original_CA_coordinates.csv,186,3,0.5,4.71549
pdb8qeu_A_original_CA_coordinates.csv,304,3,0.5,80.4662
pdb2qh1_A_original_CA_coordinates.csv,179,3,0.5,8.26387
pdb5w89_A_original_CA_coordinates.csv,141,3,0.5,11.1311
pdb4equ_A_original_CA_coordinates.csv,274,3,0.5,0.284091
pdb7xzf_A_original_CA_coordinates.csv,443,3,0.5,19.9268
pdb7obk_A_original_CA_coordinates.csv,234,3,0.5,31.5279
pdb2ftq_A_original_CA_coordinates.csv,263,3,0.5,9.68249
pdb2xme_A_original_CA_coordinates.csv,201,3,0.5,0.137231
pdb6mbh_A_original_CA_coordinates.csv,286,3,0.5,3.86065
pdb4fek_A_original_CA_coordinates.csv,249,3,0.5,1.50911
pdb2kff_A_original_CA_coordinates.csv,105,3,0.5,5.45032
pdb6w3o_A_original_CA_coordinates.csv,244,3,0.5,12.4388
pdb4xmt_A_original_CA_coordinates.csv,867,3,0.5,5.57139
pdb4obq_A_original_CA_coordinates.csv,275,3,0.5,19.6535
pdb5ptq_A_original_CA_coordinates.csv,121,3,0.5,7.44381
pdb8st8_A_original_CA_coordinates.csv,195,3,0.5,2.45855
pdb2rqp_A_original_CA_coordinates.csv,88,3,0.5,2.13509
pdb5shp_A_original_CA_coordinates.csv,312,3,0.5,11.925
pdb3iwk_A_original_CA_coordinates.csv,496,3,0.5,59.8572
pdb3vwv_A_original_CA_coordinates.csv,182,3,0.5,6.86279
pdb7l9s_A_original_CA_coordinates.csv,226,3,0.5,0.771129
pdb4yxo_A_original_CA_coordinates.csv,257,3,0.5,1.46171
pdb3hr5_L_original_CA_coordinates.csv,219,3,0.5,33.2224
pdb3lq3_A_original_CA_coordinates.csv,339,3,0.5,14.6281
pdb7dob_A_original_CA_coordinates.csv,277,3,0.5,1.23281
pdb5kre_A_original_CA_coordinates.csv,224,3,0.5,0.453823
pdb7b4r_A_original_CA_coordinates.csv,217,3,0.5,14.6849
pdb6ckz_A_original_CA_coordinates.csv,146,3,0.5,14.1439
pdb2jly_A_original_CA_coordinates.csv,451,3,0.5,5.44061
pdb6fqv_A_original_CA_coordinates.csv,482,3,0.5,10.508
pdb3fm9_A_original_CA_coordinates.csv,220,3,0.5,37.1886
pdb4kep_A_original_CA_coordinates.csv,273,3,0.5,3.66078
pdb4k3b_A_original_CA_coordinates.csv,771,3,0.5,1.99787
pdb7ree_A_original_CA_coordinates.csv,290,3,0.5,42.2783
pdb2wqs_A_original_CA_coordinates.csv,333,3,0.5,5.44384
pdb2yqg_A_original_CA_coordinates.csv,123,3,0.5,1.50147
pdb6cik_A_original_CA_coordinates.csv,607,3,0.5,86.6217
pdb7auj_A_original_CA_coordinates.csv,158,3,0.5,2.70459
pdb1v5j_A_original_CA_coordinates.csv,108,3,0.5,8.04049
pdb3iis_M_original_CA_coordinates.csv,151,3,0.5,36.144
pdb2map_A_original_CA_coordinates.csv,96,3,0.5,4.18652
pdb4ibt_A_original_CA_coordinates.csv,196,3,0.5,14.7607
pdb5bod_A_original_CA_coordinates.csv,192,3,0.5,1.35502
pdb4kcv_B_original_CA_coordinates.csv,498,3,0.5,54.8806
pdb1t17_A_original_CA_coordinates.csv,148,3,0.5,2.13191
pdb8fiu_A_original_CA_coordinates.csv,219,3,0.5,11.1356
pdb5sly_D_original_CA_coordinates.csv,457,3,0.5,40.905
pdb4kf9_A_original_CA_coordinates.csv,318,3,0.5,85.099
pdb2h2m_A_original_CA_coordinates.csv,108,3,0.5,5.54518
pdb7l6t_A_original_CA_coordinates.csv,299,3,0.5,48.5951
pdb1vhf_A_original_CA_coordinates.csv,100,3,0.5,0.09131
pdb4g5h_A_original_CA_coordinates.csv,346,3,0.5,1.80998
pdb6r1m_A_original_CA_coordinates.csv,427,3,0.5,8.41134
pdb6g8l_A_original_CA_coordinates.csv,236,3,0.5,10.9584
pdb5qq0_A_original_CA_coordinates.csv,360,3,0.5,108.175
pdb7q78_A_original_CA_coordinates.csv,124,3,0.5,0.15963
pdb5pod_A_original_CA_coordinates.csv,123,3,0.5,4.96298
pdb7o51_A_original_CA_coordinates.csv,207,3,0.5,53.3153
pdb3nm2_A_original_CA_coordinates.csv,125,3,0.5,8.44191
pdb7w2w_A_original_CA_coordinates.csv,771,3,0.5,0.0177911
pdb5ts5_A_original_CA_coordinates.csv,483,3,0.5,5.236
pdb5tpa_A_original_CA_coordinates.csv,275,3,0.5,458.975
pdb6h0y_A_original_CA_coordinates.csv,330,3,0.5,1.21012
pdb6ph0_A_original_CA_coordinates.csv,162,3,0.5,1.72703
pdb4im4_A_original_CA_coordinates.csv,336,3,0.5,16.6706
pdb6v3u_A_original_CA_coordinates.csv,207,3,0.5,14.3489
pdb5r4w_A_original_CA_coordinates.csv,130,3,0.5,0.100961
pdb7ria_A_original_CA_coordinates.csv,121,3,0.5,13.7482
pdb7tss_A_original_CA_coordinates.csv,217,3,0.5,24.0178
pdb6uo5_A_original_CA_coordinates.csv,358,3,0.5,0.239199
pdb4mde_A_original_CA_coordinates.csv,171,3,0.5,14.5305
pdb4pcz_A_original_CA_coordinates.csv,271,3,0.5,81.3523
pdb3s1w_A_original_CA_coordinates.csv,223,3,0.5,16.2578
pdb6bee_A_original_CA_coordinates.csv,542,3,0.5,14.5811
pdb3vf5_A_original_CA_coordinates.csv,99,3,0.5,38.466
pdb5ocq_A_original_CA_coordinates.csv,271,3,0.5,7.72467
pdb4m4v_A_original_CA_coordinates.csv,385,3,0.5,0.278245
pdb8dse_A_original_CA_coordinates.csv,468,3,0.5,29.2917
pdb5jbd_A_original_CA_coordinates.csv,854,3,0.5,0.278746
pdb4iqf_A_original_CA_coordinates.csv,308,3,0.5,54.5763
pdb5r0t_A_original_CA_coordinates.csv,237,3,0.5,756.632
pdb5f07_A_original_CA_coordinates.csv,212,3,0.5,4.95215
pdb5v1w_A_original_CA_coordinates.csv,752,3,0.5,35.7396
pdb6ckv_A_original_CA_coordinates.csv,156,3,0.5,19.8626
pdb2hit_L_original_CA_coordinates.csv,281,3,0.5,4.30408
pdb5f90_A_original_CA_coordinates.csv,150,3,0.5,0.662277
pdb7ob1_A_original_CA_coordinates.csv,677,3,0.5,0.0242964
pdb4dtj_A_original_CA_coordinates.csv,901,3,0.5,0.0464179
pdb3q65_A_original_CA_coordinates.csv,316,3,0.5,37.3454
pdb3kng_A_original_CA_coordinates.csv,98,3,0.5,0.213605
pdb3p53_A_original_CA_coordinates.csv,486,3,0.5,53.25
pdb2hi0_A_original_CA_coordinates.csv,235,3,0.5,12.174
pdb2e1y_A_original_CA_coordinates.csv,394,3,0.5,0.268134
pdb6dxc_A_original_CA_coordinates.csv,377,3,0.5,16.6204
pdb4hw4_A_original_CA_coordinates.csv,154,3,0.5,85.6216
pdb2qm4_A_original_CA_coordinates.csv,223,3,0.5,2.45211
pdb5rgj_A_original_CA_coordinates.csv,304,3,0.5,13.9748
pdb7q7d_A_original_CA_coordinates.csv,280,3,0.5,24.4286
pdb5fda_A_original_CA_coordinates.csv,154,3,0.5,0.130697
pdb8s0u_A_original_CA_coordinates.csv,257,3,0.5,329.057
pdb7svm_A_original_CA_coordinates.csv,852,3,0.5,0.00287912
pdb5qor_A_original_CA_coordinates.csv,149,3,0.5,55.0826
pdb5n1l_A_original_CA_coordinates.csv,347,3,0.5,35.6511
pdb6ehn_A_original_CA_coordinates.csv,397,3,0.5,21.4805
pdb6tfq_A_original_CA_coordinates.csv,489,3,0.5,5.63604
pdb4mp8_A_original_CA_coordinates.csv,334,3,0.5,33.772
pdb4al4_A_original_CA_coordinates.csv,330,3,0.5,90.1376
pdb5sdt_A_original_CA_coordinates.csv,419,3,0.5,6.57605
pdb6bh5_A_original_CA_coordinates.csv,292,3,0.5,10.4994
pdb3f42_A_original_CA_coordinates.csv,87,3,0.5,1.07625
pdb4osk_A_original_CA_coordinates.csv,490,3,0.5,0.332443
pdb5abw_A_original_CA_coordinates.csv,209,3,0.5,403.514
pdb3kog_A_original_CA_coordinates.csv,224,3,0.5,5.9198
pdb6t4g_A_original_CA_coordinates.csv,241,3,0.5,2.35174
pdb3fw2_A_original_CA_coordinates.csv,147,3,0.5,1.58342
pdb6cz8_C_original_CA_coordinates.csv,807,3,0.5,1.46049
pdb7bon_A_original_CA_coordinates.csv,171,3,0.5,41.3987
pdb6jr5_A_original_CA_coordinates.csv,268,3,0.5,4.28424
pdb3gwr_A_original_CA_coordinates.csv,122,3,0.5,0.289226
pdb3p97_A_original_CA_coordinates.csv,256,3,0.5,5.28528
pdb4gqm_A_original_CA_coordinates.csv,105,3,0.5,0.036651
pdb5th4_A_original_CA_coordinates.csv,257,3,0.5,9.13735
pdb6dxd_A_original_CA_coordinates.csv,388,3,0.5,13.1772
pdb6xix_A_original_CA_coordinates.csv,219,3,0.5,17.9236
pdb4gi5_A_original_CA_coordinates.csv,253,3,0.5,36.9978
pdb4enz_A_original_CA_coordinates.csv,1029,3,0.5,9.10786
pdb4exg_A_original_CA_coordinates.csv,377,3,0.5,5.76731
pdb3njz_A_original_CA_coordinates.csv,364,3,0.5,1.16586
pdb7rxi_L_original_CA_coordinates.csv,207,3,0.5,10.1457
pdb7tlr_A_original_CA_coordinates.csv,408,3,0.5,7.67885
pdb5woy_A_original_CA_coordinates.csv,248,3,0.5,120.918
pdb7ayw_A_original_CA_coordinates.csv,138,3,0.5,0.324467
pdb4a07_A_original_CA_coordinates.csv,282,3,0.5,2.24194
pdb3cny_A_original_CA_coordinates.csv,294,3,0.5,0.76114
pdb2l7j_A_original_CA_coordinates.csv,95,3,0.5,16.7263
pdb2hvl_A_original_CA_coordinates.csv,285,3,0.5,134.912
pdb1tru_A_original_CA_coordinates.csv,105,3,0.5,0.470301
pdb5w5b_A_original_CA_coordinates.csv,219,3,0.5,3.43678
pdb7cer_A_original_CA_coordinates.csv,414,3,0.5,45.8345
pdb3hbk_A_original_CA_coordinates.csv,230,3,0.5,0.275443
pdb2jog_A_original_CA_coordinates.csv,327,3,0.5,128.466
pdb5rt0_A_original_CA_coordinates.csv,167,3,0.5,2.98538
pdb4gpv_A_original_CA_coordinates.csv,324,3,0.5,2.43788
pdb3f95_A_original_CA_coordinates.csv,175,3,0.5,7.95997
pdb3mwq_A_original_CA_coordinates.csv,256,3,0.5,0.650889
pdb5ok3_A_original_CA_coordinates.csv,349,3,0.5,1.76357
pdb7fkq_A_original_CA_coordinates.csv,237,3,0.5,215.212
pdb5uto_A_original_CA_coordinates.csv,288,3,0.5,71.3938
pdb6zjd_A_original_CA_coordinates.csv,214,3,0.5,1.2252
pdb4lqb_A_original_CA_coordinates.csv,129,3,0.5,0.168182
pdb6zzm_A_original_CA_coordinates.csv,237,3,0.5,27.839
pdb6gke_A_original_CA_coordinates.csv,309,3,0.5,0.173562
pdb6ta7_A_original_CA_coordinates.csv,131,3,0.5,39.0251
pdb5y02_A_original_CA_coordinates.csv,104,3,0.5,0.287844
pdb5onp_A_original_CA_coordinates.csv,316,3,0.5,8.4619
pdb5hkq_A_original_CA_coordinates.csv,142,3,0.5,10.3092
pdb5v4i_A_original_CA_coordinates.csv,129,3,0.5,13.0285
pdb7mt5_A_original_CA_coordinates.csv,264,3,0.5,2.36838
pdb3kdb_A_original_CA_coordinates.csv,99,3,0.5,3.32505
pdb3fkq_A_original_CA_coordinates.csv,344,3,0.5,32.158
pdb4wuq_A_original_CA_coordinates.csv,258,3,0.5,25.1355
pdb7brz_A_original_CA_coordinates.csv,223,3,0.5,25.5039
pdb5sd7_A_original_CA_coordinates.csv,186,3,0.5,4.78058
pdb8ab2_A_original_CA_coordinates.csv,329,3,0.5,1.74098
pdb5ijw_A_original_CA_coordinates.csv,272,3,0.5,137.485
pdb6ilq_A_original_CA_coordinates.csv,247,3,0.5,16.8829
pdb3m2d_A_original_CA_coordinates.csv,291,3,0.5,79.4824
pdb2mmb_A_original_CA_coordinates.csv,107,3,0.5,0.759221
pdb4d1w_A_original_CA_coordinates.csv,226,3,0.5,10.81
pdb1qm3_A_original_CA_coordinates.csv,104,3,0.5,1.42058
pdb8cpn_A_original_CA_coordinates.csv,156,3,0.5,23.0199
pdb5uli_A_original_CA_coordinates.csv,358,3,0.5,11.8284
pdb4yrr_A_original_CA_coordinates.csv,410,3,0.5,43.2104
pdb6bum_A_original_CA_coordinates.csv,362,3,0.5,22.0474
pdb6el0_A_original_CA_coordinates.csv,324,3,0.5,0.176228
pdb6td4_A_original_CA_coordinates.csv,107,3,0.5,0.466286
pdb2auw_A_original_CA_coordinates.csv,148,3,0.5,6.15373
pdb7c60_A_original_CA_coordinates.csv,297,3,0.5,16.8855
pdb2dis_A_original_CA_coordinates.csv,109,3,0.5,6.3639
pdb5hme_A_original_CA_coordinates.csv,456,3,0.5,11.0353
pdb8arl_A_original_CA_coordinates.csv,232,3,0.5,1.28998
pdb1m40_A_original_CA_coordinates.csv,263,3,0.5,2.27213
pdb5dw3_A_original_CA_coordinates.csv,382,3,0.5,39.3557
pdb3oqh_A_original_CA_coordinates.csv,215,3,0.5,42.1957
pdb7ftf_A_original_CA_coordinates.csv,358,3,0.5,0.555527
pdb2jr7_A_original_CA_coordinates.csv,84,3,0.5,3.37841
pdb5ecu_A_original_CA_coordinates.csv,350,3,0.5,121.411
