p_pdb_id,Residue length,actual_hinge_cnt,sigma,average_delta_g
pdb2b44_A_original_CA_coordinates.csv,129,5,0.5,24.9704
pdb6gjy_A_original_CA_coordinates.csv,165,5,0.5,4.76282
pdb3hc4_H_original_CA_coordinates.csv,212,5,0.5,104.69
pdb7lg4_A_original_CA_coordinates.csv,227,5,0.5,48.921
pdb2lgh_A_original_CA_coordinates.csv,144,5,0.5,78.2791
pdb7wxl_A_original_CA_coordinates.csv,310,5,0.5,91.6826
pdb5qfq_A_original_CA_coordinates.csv,284,5,0.5,42.0017
pdb4eem_A_original_CA_coordinates.csv,273,5,0.5,23.6751
pdb4whn_A_original_CA_coordinates.csv,170,5,0.5,56.149
pdb6i62_A_original_CA_coordinates.csv,224,5,0.5,158.609
pdb4lgn_A_original_CA_coordinates.csv,739,5,0.5,200.795
pdb4yjv_A_original_CA_coordinates.csv,263,5,0.5,40.0352
pdb1zja_A_original_CA_coordinates.csv,557,5,0.5,28.0102
pdb8h63_A_original_CA_coordinates.csv,462,5,0.5,1.80447
pdb1kz1_A_original_CA_coordinates.csv,150,5,0.5,7.91309
pdb6mt3_A_original_CA_coordinates.csv,276,5,0.5,13.3624
pdb4jsf_A_original_CA_coordinates.csv,407,5,0.5,832.852
pdb5ecw_A_original_CA_coordinates.csv,132,5,0.5,22.1477
pdb7tbr_A_original_CA_coordinates.csv,142,5,0.5,4.94374
pdb6y9f_A_original_CA_coordinates.csv,288,5,0.5,80.8494
pdb8e8j_A_original_CA_coordinates.csv,425,5,0.5,57.1959
pdb3ze8_A_original_CA_coordinates.csv,277,5,0.5,0.125026
pdb2lc9_A_original_CA_coordinates.csv,164,5,0.5,21.4001
pdb2hdj_A_original_CA_coordinates.csv,322,5,0.5,2.27032
pdb3uiq_A_original_CA_coordinates.csv,901,5,0.5,370.468
pdb3h54_A_original_CA_coordinates.csv,387,5,0.5,68.7922
pdb4q81_A_original_CA_coordinates.csv,257,5,0.5,101.456
pdb8f7h_A_original_CA_coordinates.csv,428,5,0.5,19.4977
pdb5qzq_A_original_CA_coordinates.csv,237,5,0.5,228.848
pdb3bvl_A_original_CA_coordinates.csv,172,5,0.5,21.1082
pdb7lsa_A_original_CA_coordinates.csv,760,5,0.5,1.69128
pdb6pvz_A_original_CA_coordinates.csv,188,5,0.5,0.773312
pdb7kua_A_original_CA_coordinates.csv,149,5,0.5,28.3396
pdb4wpn_A_original_CA_coordinates.csv,494,5,0.5,60.5121
pdb5hhj_A_original_CA_coordinates.csv,294,5,0.5,136.483
pdb4idz_A_original_CA_coordinates.csv,437,5,0.5,6.26592
pdb3nfa_A_original_CA_coordinates.csv,149,5,0.5,31.7068
pdb8j0v_X_original_CA_coordinates.csv,173,5,0.5,38.8397
pdb6z8j_A_original_CA_coordinates.csv,279,5,0.5,144.623
pdb3mfs_A_original_CA_coordinates.csv,303,5,0.5,68.7714
pdb2bid_A_original_CA_coordinates.csv,197,5,0.5,32.2435
pdb4icy_A_original_CA_coordinates.csv,462,5,0.5,148.738
pdb4y4b_A_original_CA_coordinates.csv,330,5,0.5,5.45115
pdb4tjw_A_original_CA_coordinates.csv,199,5,0.5,37.1918
pdb5nkl_A_original_CA_coordinates.csv,540,5,0.5,519.24
pdb5yjk_A_original_CA_coordinates.csv,221,5,0.5,35.5468
pdb5chu_A_original_CA_coordinates.csv,359,5,0.5,3.09351
pdb6gvi_A_original_CA_coordinates.csv,910,5,0.5,20.3899
pdb3k50_A_original_CA_coordinates.csv,376,5,0.5,14.6007
pdb1gx4_A_original_CA_coordinates.csv,287,5,0.5,13.1323
pdb7p49_A_original_CA_coordinates.csv,276,5,0.5,2.12489
pdb8cif_H_original_CA_coordinates.csv,255,5,0.5,30.9877
pdb6ir6_A_original_CA_coordinates.csv,232,5,0.5,8.62799
pdb4g4q_A_original_CA_coordinates.csv,254,5,0.5,170.212
pdb4zgj_A_original_CA_coordinates.csv,204,5,0.5,17.5553
pdb4p31_A_original_CA_coordinates.csv,230,5,0.5,19.4836
pdb6hos_A_original_CA_coordinates.csv,213,5,0.5,61.3118
pdb2f8d_A_original_CA_coordinates.csv,221,5,0.5,6.76102
pdb2w8h_A_original_CA_coordinates.csv,322,5,0.5,92.4073
pdb8elt_A_original_CA_coordinates.csv,166,5,0.5,2.06036
pdb6qi3_A_original_CA_coordinates.csv,298,5,0.5,62.2059
pdb4n2r_A_original_CA_coordinates.csv,306,5,0.5,48.2224
pdb4o04_A_original_CA_coordinates.csv,208,5,0.5,82.3024
pdb2jbh_A_original_CA_coordinates.csv,207,5,0.5,105.088
pdb7xza_A_original_CA_coordinates.csv,443,5,0.5,195.932
pdb7lco_A_original_CA_coordinates.csv,306,5,0.5,77.023
pdb2y6g_A_original_CA_coordinates.csv,167,5,0.5,55.1422
pdb4jrh_A_original_CA_coordinates.csv,412,5,0.5,84.8645
pdb6qq9_A_original_CA_coordinates.csv,225,5,0.5,82.697
pdb3paj_A_original_CA_coordinates.csv,302,5,0.5,114.564
pdb7m26_A_original_CA_coordinates.csv,258,5,0.5,1068.47
pdb8q1n_A_original_CA_coordinates.csv,320,5,0.5,27.2373
pdb7fzt_A_original_CA_coordinates.csv,130,5,0.5,10.7047
pdb6ach_A_original_CA_coordinates.csv,364,5,0.5,232.921
pdb3kae_A_original_CA_coordinates.csv,225,5,0.5,13.1718
pdb5hvy_A_original_CA_coordinates.csv,335,5,0.5,3.22959
pdb6iv7_A_original_CA_coordinates.csv,386,5,0.5,284.98
pdb5n0g_A_original_CA_coordinates.csv,208,5,0.5,14.9655
pdb4cn9_A_original_CA_coordinates.csv,397,5,0.5,2.01997
pdb6z2o_A_original_CA_coordinates.csv,354,5,0.5,212.881
pdb6t5l_A_original_CA_coordinates.csv,224,5,0.5,0.278631
pdb4r66_A_original_CA_coordinates.csv,326,5,0.5,165.934
pdb5pjt_A_original_CA_coordinates.csv,331,5,0.5,19.3855
pdb6lul_B_original_CA_coordinates.csv,224,5,0.5,5.02103
pdb2rr6_A_original_CA_coordinates.csv,168,5,0.5,149.697
pdb3ioj_A_original_CA_coordinates.csv,284,5,0.5,142.376
pdb3ckg_A_original_CA_coordinates.csv,236,5,0.5,58.0463
pdb5uav_A_original_CA_coordinates.csv,278,5,0.5,273.41
pdb8i4j_A_original_CA_coordinates.csv,220,5,0.5,108.917
pdb6lqo_A_original_CA_coordinates.csv,258,5,0.5,47.1323
pdb3fj1_A_original_CA_coordinates.csv,326,5,0.5,10.2885
pdb4pg7_A_original_CA_coordinates.csv,402,5,0.5,2.99062
pdb2qnl_A_original_CA_coordinates.csv,159,5,0.5,24.8735
pdb7tl4_A_original_CA_coordinates.csv,184,5,0.5,0.42076
pdb6prc_C_original_CA_coordinates.csv,332,5,0.5,62.8718
pdb1fdt_A_original_CA_coordinates.csv,285,5,0.5,7.84541
pdb6c8q_A_original_CA_coordinates.csv,268,5,0.5,76.6888
pdb6oe6_A_original_CA_coordinates.csv,127,5,0.5,17.2979
pdb4l7t_A_original_CA_coordinates.csv,490,5,0.5,101.404
pdb6btf_A_original_CA_coordinates.csv,317,5,0.5,48.9343
pdb5r96_A_original_CA_coordinates.csv,347,5,0.5,34.8162
pdb3smv_A_original_CA_coordinates.csv,233,5,0.5,5.08137
pdb2fvv_A_original_CA_coordinates.csv,135,5,0.5,8.66601
pdb3cg6_A_original_CA_coordinates.csv,131,5,0.5,2.19602
pdb3hob_M_original_CA_coordinates.csv,156,5,0.5,2.6172
pdb3zjf_A_original_CA_coordinates.csv,322,5,0.5,172.21
pdb8tuv_A_original_CA_coordinates.csv,425,5,0.5,23.3594
pdb4ok3_A_original_CA_coordinates.csv,426,5,0.5,0.737759
pdb5ii8_A_original_CA_coordinates.csv,131,5,0.5,0.699309
pdb5v0r_A_original_CA_coordinates.csv,145,5,0.5,14.0061
pdb3as5_A_original_CA_coordinates.csv,183,5,0.5,3.58969
pdb7bqi_A_original_CA_coordinates.csv,174,5,0.5,0.172783
pdb4yk9_A_original_CA_coordinates.csv,142,5,0.5,1.62798
pdb4dl2_A_original_CA_coordinates.csv,428,5,0.5,810.069
pdb6y4w_A_original_CA_coordinates.csv,341,5,0.5,336.376
pdb4ega_A_original_CA_coordinates.csv,522,5,0.5,203.815
pdb3ndo_A_original_CA_coordinates.csv,225,5,0.5,1.19063
pdb1x7x_A_original_CA_coordinates.csv,370,5,0.5,72.6504
pdb6zzj_A_original_CA_coordinates.csv,240,5,0.5,160.997
pdb2vfo_A_original_CA_coordinates.csv,555,5,0.5,13.6512
pdb5q3r_A_original_CA_coordinates.csv,341,5,0.5,162.414
pdb7lmf_A_original_CA_coordinates.csv,305,5,0.5,13.3215
pdb7vj6_A_original_CA_coordinates.csv,453,5,0.5,43.9153
pdb6n0q_A_original_CA_coordinates.csv,257,5,0.5,6.94701
pdb5moc_A_original_CA_coordinates.csv,227,5,0.5,72.4721
pdb3ugq_A_original_CA_coordinates.csv,426,5,0.5,72.9743
pdb1ak7_A_original_CA_coordinates.csv,174,5,0.5,12.3914
pdb2c0c_A_original_CA_coordinates.csv,353,5,0.5,36.6046
pdb5yrd_A_original_CA_coordinates.csv,241,5,0.5,6.91635
pdb3ch2_X_original_CA_coordinates.csv,256,5,0.5,98.295
pdb6aw6_A_original_CA_coordinates.csv,216,5,0.5,9.71821
pdb3vcz_A_original_CA_coordinates.csv,127,5,0.5,80.933
pdb3x2k_A_original_CA_coordinates.csv,180,5,0.5,12.9408
pdb4qcd_A_original_CA_coordinates.csv,242,5,0.5,45.0924
pdb5r86_A_original_CA_coordinates.csv,149,5,0.5,0.238856
pdb4yvy_A_original_CA_coordinates.csv,256,5,0.5,61.8417
pdb7qwj_A_original_CA_coordinates.csv,298,5,0.5,9.20202
pdb7l3i_A_original_CA_coordinates.csv,162,5,0.5,4.3819
pdb5sua_A_original_CA_coordinates.csv,237,5,0.5,195.479
pdb7p1q_A_original_CA_coordinates.csv,383,5,0.5,249.848
pdb4lil_A_original_CA_coordinates.csv,370,5,0.5,22.015
pdb5c0u_A_original_CA_coordinates.csv,208,5,0.5,0.613506
pdb4w7k_A_original_CA_coordinates.csv,446,5,0.5,86.0152
pdb1koi_A_original_CA_coordinates.csv,184,5,0.5,15.8704
pdb2c4e_A_original_CA_coordinates.csv,299,5,0.5,10.5729
pdb5jcz_A_original_CA_coordinates.csv,172,5,0.5,117.314
pdb7t5r_A_original_CA_coordinates.csv,257,5,0.5,5.75054
pdb4ptm_A_original_CA_coordinates.csv,397,5,0.5,29.8046
pdb6y80_A_original_CA_coordinates.csv,347,5,0.5,3.19633
pdb4dqj_A_original_CA_coordinates.csv,137,5,0.5,1.24076
pdb6tpc_A_original_CA_coordinates.csv,305,5,0.5,268.198
pdb8d9c_A_original_CA_coordinates.csv,354,5,0.5,3.71587
pdb7mk3_A_original_CA_coordinates.csv,361,5,0.5,5.88539
pdb6pna_A_original_CA_coordinates.csv,415,5,0.5,27.3538
pdb3zpm_A_original_CA_coordinates.csv,211,5,0.5,23.893
pdb3vg1_A_original_CA_coordinates.csv,376,5,0.5,75.5303
pdb5qrh_A_original_CA_coordinates.csv,171,5,0.5,33.5923
pdb3gt4_A_original_CA_coordinates.csv,279,5,0.5,20.7038
pdb4zcg_A_original_CA_coordinates.csv,342,5,0.5,49.7453
pdb5vcy_A_original_CA_coordinates.csv,296,5,0.5,5.54649
pdb5ymx_A_original_CA_coordinates.csv,202,5,0.5,6.82377
pdb7pj8_A_original_CA_coordinates.csv,161,5,0.5,3.74539
pdb1evq_A_original_CA_coordinates.csv,304,5,0.5,95.3488
pdb5gr2_A_original_CA_coordinates.csv,755,5,0.5,6.87558
pdb5nu9_A_original_CA_coordinates.csv,174,5,0.5,50.8726
pdb5ggi_A_original_CA_coordinates.csv,394,5,0.5,25.8222
pdb6l72_A_original_CA_coordinates.csv,294,5,0.5,289.589
pdb6ood_A_original_CA_coordinates.csv,155,5,0.5,2.34131
pdb5kn9_A_original_CA_coordinates.csv,222,5,0.5,1.45245
pdb8pku_A_original_CA_coordinates.csv,290,5,0.5,11.1938
pdb5d7d_A_original_CA_coordinates.csv,193,5,0.5,31.1055
pdb6fmw_A_original_CA_coordinates.csv,270,5,0.5,6.04883
pdb6cf8_A_original_CA_coordinates.csv,510,5,0.5,126.566
pdb4hh5_A_original_CA_coordinates.csv,163,5,0.5,0.254629
pdb5qzz_A_original_CA_coordinates.csv,237,5,0.5,142.354
pdb2mxx_A_original_CA_coordinates.csv,179,5,0.5,2.85237
pdb3ld3_A_original_CA_coordinates.csv,171,5,0.5,112.563
pdb6np1_A_original_CA_coordinates.csv,268,5,0.5,21.6525
pdb5reu_A_original_CA_coordinates.csv,304,5,0.5,4.55285
pdb2oym_A_original_CA_coordinates.csv,434,5,0.5,262.663
pdb4pkr_A_original_CA_coordinates.csv,495,5,0.5,14.9609
pdb6ct3_A_original_CA_coordinates.csv,249,5,0.5,34.4607
pdb2mg5_A_original_CA_coordinates.csv,148,5,0.5,1.49068
pdb8h5p_A_original_CA_coordinates.csv,306,5,0.5,144.581
pdb7gd1_A_original_CA_coordinates.csv,304,5,0.5,54.9129
pdb4i8i_A_original_CA_coordinates.csv,250,5,0.5,710.123
pdb7fo7_A_original_CA_coordinates.csv,237,5,0.5,7.7205
pdb5tcw_A_original_CA_coordinates.csv,298,5,0.5,52.5875
pdb5s2a_A_original_CA_coordinates.csv,165,5,0.5,2.20956
pdb4qqs_A_original_CA_coordinates.csv,312,5,0.5,310.606
pdb3pa4_A_original_CA_coordinates.csv,257,5,0.5,11.7585
pdb7zww_A_original_CA_coordinates.csv,131,5,0.5,2.51288
pdb4irl_A_original_CA_coordinates.csv,462,5,0.5,1007.86
pdb2zby_A_original_CA_coordinates.csv,400,5,0.5,8.17622
pdb2rei_A_original_CA_coordinates.csv,277,5,0.5,97.2067
pdb1yux_A_original_CA_coordinates.csv,200,5,0.5,132.729
pdb4qu0_A_original_CA_coordinates.csv,240,5,0.5,8.57933
pdb8fqq_A_original_CA_coordinates.csv,355,5,0.5,1.19027
pdb3c72_A_original_CA_coordinates.csv,306,5,0.5,73.3507
pdb6ojx_A_original_CA_coordinates.csv,353,5,0.5,2.16391
pdb5cno_A_original_CA_coordinates.csv,300,5,0.5,6.53979
pdb4baj_A_original_CA_coordinates.csv,366,5,0.5,76.0517
pdb5iqs_A_original_CA_coordinates.csv,280,5,0.5,131.15
pdb5hyq_A_original_CA_coordinates.csv,213,5,0.5,71.0486
pdb2hpg_A_original_CA_coordinates.csv,308,5,0.5,23.9991
pdb3f9t_A_original_CA_coordinates.csv,385,5,0.5,35.687
pdb2dlx_A_original_CA_coordinates.csv,153,5,0.5,60.179
pdb4cyq_A_original_CA_coordinates.csv,411,5,0.5,9.0078
pdb5weq_A_original_CA_coordinates.csv,211,5,0.5,126.898
pdb4udt_A_original_CA_coordinates.csv,202,5,0.5,49.3086
pdb6imu_A_original_CA_coordinates.csv,494,5,0.5,5.29775
pdb6xr7_A_original_CA_coordinates.csv,287,5,0.5,9.95692
pdb6xu3_A_original_CA_coordinates.csv,320,5,0.5,9.38543
pdb3ihg_A_original_CA_coordinates.csv,535,5,0.5,19.2425
pdb3t7f_A_original_CA_coordinates.csv,288,5,0.5,261.184
pdb2ppe_A_original_CA_coordinates.csv,336,5,0.5,27.0197
pdb4axb_A_original_CA_coordinates.csv,526,5,0.5,111.263
pdb5c0f_A_original_CA_coordinates.csv,277,5,0.5,13.472
pdb7puf_A_original_CA_coordinates.csv,295,5,0.5,12.8743
pdb5cgk_A_original_CA_coordinates.csv,129,5,0.5,7.57661
pdb5fmd_A_original_CA_coordinates.csv,624,5,0.5,128.443
pdb6tol_A_original_CA_coordinates.csv,130,5,0.5,45.153
pdb8k9y_A_original_CA_coordinates.csv,322,5,0.5,1656.13
pdb7b8b_A_original_CA_coordinates.csv,369,5,0.5,26.8313
pdb6zy1_A_original_CA_coordinates.csv,700,5,0.5,130.094
pdb5qet_A_original_CA_coordinates.csv,282,5,0.5,53.4034
pdb5vgl_A_original_CA_coordinates.csv,154,5,0.5,56.7069
pdb6qsp_A_original_CA_coordinates.csv,399,5,0.5,396.184
pdb8ghy_A_original_CA_coordinates.csv,362,5,0.5,33.7414
pdb6v6o_D_original_CA_coordinates.csv,314,5,0.5,8.02045
pdb6thj_A_original_CA_coordinates.csv,139,5,0.5,30.29
pdb4r8s_A_original_CA_coordinates.csv,256,5,0.5,46.9159
pdb7sjb_A_original_CA_coordinates.csv,137,5,0.5,3.47104
pdb6djg_A_original_CA_coordinates.csv,438,5,0.5,14.5845
pdb4iv0_A_original_CA_coordinates.csv,263,5,0.5,19.709
pdb2agt_A_original_CA_coordinates.csv,316,5,0.5,27.3902
pdb3s2v_A_original_CA_coordinates.csv,254,5,0.5,21.2757
pdb7u9f_A_original_CA_coordinates.csv,454,5,0.5,20.4425
pdb4c9n_A_original_CA_coordinates.csv,408,5,0.5,63.345
pdb5vyo_A_original_CA_coordinates.csv,189,5,0.5,25.7925
pdb2gvi_A_original_CA_coordinates.csv,195,5,0.5,3.22755
pdb4key_A_original_CA_coordinates.csv,450,5,0.5,89.6113
pdb6pfs_A_original_CA_coordinates.csv,228,5,0.5,58.0671
pdb4ebj_A_original_CA_coordinates.csv,254,5,0.5,298.171
pdb7s8z_A_original_CA_coordinates.csv,209,5,0.5,3.91713
pdb5tg4_A_original_CA_coordinates.csv,242,5,0.5,11.908
pdb3lho_A_original_CA_coordinates.csv,250,5,0.5,36.8367
pdb5rfa_A_original_CA_coordinates.csv,301,5,0.5,48.1359
pdb4ttp_A_original_CA_coordinates.csv,201,5,0.5,151.225
pdb5hqj_A_original_CA_coordinates.csv,280,5,0.5,413.378
pdb8duy_A_original_CA_coordinates.csv,390,5,0.5,12.7638
pdb5qpt_A_original_CA_coordinates.csv,360,5,0.5,18.9427
pdb7ajw_A_original_CA_coordinates.csv,329,5,0.5,44.7156
pdb5uih_A_original_CA_coordinates.csv,159,5,0.5,35.9898
pdb6zsk_A_original_CA_coordinates.csv,136,5,0.5,16.1425
pdb6gpw_A_original_CA_coordinates.csv,209,5,0.5,0.911864
pdb4gt6_A_original_CA_coordinates.csv,374,5,0.5,11.678
pdb6xuj_A_original_CA_coordinates.csv,224,5,0.5,6.7656
pdb6vdl_A_original_CA_coordinates.csv,200,5,0.5,49.9401
pdb3fhf_A_original_CA_coordinates.csv,212,5,0.5,55.8499
pdb3mmf_A_original_CA_coordinates.csv,257,5,0.5,31.9007
pdb3vb4_A_original_CA_coordinates.csv,301,5,0.5,34.7687
pdb7vhe_A_original_CA_coordinates.csv,283,5,0.5,106.056
pdb3v2o_A_original_CA_coordinates.csv,158,5,0.5,3.45532
pdb1pl8_A_original_CA_coordinates.csv,356,5,0.5,16.4783
pdb6nkb_A_original_CA_coordinates.csv,227,5,0.5,65.3219
pdb4xv6_A_original_CA_coordinates.csv,289,5,0.5,235.179
pdb7f51_A_original_CA_coordinates.csv,287,5,0.5,2.50319
pdb3ha8_A_original_CA_coordinates.csv,342,5,0.5,96.5208
pdb8cj5_A_original_CA_coordinates.csv,908,5,0.5,0.804057
pdb5elv_A_original_CA_coordinates.csv,263,5,0.5,10.0268
pdb3d53_A_original_CA_coordinates.csv,170,5,0.5,123.583
pdb4f10_A_original_CA_coordinates.csv,353,5,0.5,0.797486
pdb3lat_A_original_CA_coordinates.csv,207,5,0.5,0.511781
pdb4e3m_A_original_CA_coordinates.csv,358,5,0.5,1085.8
pdb4uuo_A_original_CA_coordinates.csv,328,5,0.5,35.2311
pdb4prn_A_original_CA_coordinates.csv,276,5,0.5,36.9202
pdb5oss_A_original_CA_coordinates.csv,443,5,0.5,240.088
pdb5zha_A_original_CA_coordinates.csv,263,5,0.5,13.3715
pdb5g1x_A_original_CA_coordinates.csv,262,5,0.5,14.3887
pdb7aq3_A_original_CA_coordinates.csv,568,5,0.5,118.194
pdb4c73_A_original_CA_coordinates.csv,414,5,0.5,1.02075
pdb3fgy_A_original_CA_coordinates.csv,132,5,0.5,26.5787
pdb2bbh_A_original_CA_coordinates.csv,220,5,0.5,0.968287
pdb7p27_A_original_CA_coordinates.csv,160,5,0.5,14.584
pdb4ysa_A_original_CA_coordinates.csv,294,5,0.5,262.442
pdb8fdl_A_original_CA_coordinates.csv,141,5,0.5,18.5047
pdb3ifo_H_original_CA_coordinates.csv,216,5,0.5,1.8487
pdb5qdn_A_original_CA_coordinates.csv,282,5,0.5,60.6453
pdb5nci_A_original_CA_coordinates.csv,262,5,0.5,147.668
pdb6smw_A_original_CA_coordinates.csv,475,5,0.5,1.77935
pdb3on7_A_original_CA_coordinates.csv,263,5,0.5,3.445
pdb3gpu_A_original_CA_coordinates.csv,251,5,0.5,39.7996
pdb6jym_A_original_CA_coordinates.csv,704,5,0.5,0.0430388
pdb4d3a_A_original_CA_coordinates.csv,404,5,0.5,49.8727
pdb7vzq_A_original_CA_coordinates.csv,674,5,0.5,6.0466
pdb3u0x_A_original_CA_coordinates.csv,290,5,0.5,30.7674
pdb4y3d_A_original_CA_coordinates.csv,330,5,0.5,147.731
pdb3nok_A_original_CA_coordinates.csv,234,5,0.5,9.81686
pdb6yea_A_original_CA_coordinates.csv,170,5,0.5,10.9512
pdb4hno_A_original_CA_coordinates.csv,285,5,0.5,65.7282
pdb5ub4_A_original_CA_coordinates.csv,278,5,0.5,92.1945
pdb4fb1_A_original_CA_coordinates.csv,354,5,0.5,78.3958
pdb2vw5_A_original_CA_coordinates.csv,214,5,0.5,32.0282
pdb4xvt_G_original_CA_coordinates.csv,341,5,0.5,1.8672
pdb1snr_A_original_CA_coordinates.csv,336,5,0.5,17.1915
pdb5aoh_A_original_CA_coordinates.csv,265,5,0.5,193.93
pdb5wk0_A_original_CA_coordinates.csv,156,5,0.5,95.8238
pdb4gk1_A_original_CA_coordinates.csv,134,5,0.5,52.6918
pdb2mm3_A_original_CA_coordinates.csv,127,5,0.5,9.85351
pdb4ied_A_original_CA_coordinates.csv,241,5,0.5,5.6592
pdb7o82_A_original_CA_coordinates.csv,437,5,0.5,504.457
pdb3bgv_A_original_CA_coordinates.csv,269,5,0.5,29.8646
pdb3m2i_A_original_CA_coordinates.csv,291,5,0.5,15.6158
pdb6zu3_A_original_CA_coordinates.csv,230,5,0.5,10.4569
pdb3o6h_A_original_CA_coordinates.csv,261,5,0.5,20.0671
pdb5ugf_A_original_CA_coordinates.csv,286,5,0.5,14.2401
pdb4z6b_A_original_CA_coordinates.csv,282,5,0.5,21.6575
pdb5sha_A_original_CA_coordinates.csv,313,5,0.5,38.566
pdb4l7e_A_original_CA_coordinates.csv,180,5,0.5,22.1304
pdb3vo0_A_original_CA_coordinates.csv,466,5,0.5,26.901
pdb7gbt_A_original_CA_coordinates.csv,304,5,0.5,84.2792
pdb3c6x_A_original_CA_coordinates.csv,256,5,0.5,10.1958
pdb4wnk_A_original_CA_coordinates.csv,499,5,0.5,452.124
pdb6eu6_A_original_CA_coordinates.csv,405,5,0.5,22.3825
pdb3fse_A_original_CA_coordinates.csv,328,5,0.5,27.0557
pdb2d9f_A_original_CA_coordinates.csv,135,5,0.5,18.0442
pdb2vxv_H_original_CA_coordinates.csv,214,5,0.5,18.618
pdb8oiv_A_original_CA_coordinates.csv,293,5,0.5,4.90543
pdb2x9f_A_original_CA_coordinates.csv,265,5,0.5,121.203
pdb6pob_A_original_CA_coordinates.csv,416,5,0.5,18.5643
pdb7zp0_A_original_CA_coordinates.csv,217,5,0.5,5.72709
pdb4hez_A_original_CA_coordinates.csv,257,5,0.5,9.01618
pdb8clh_A_original_CA_coordinates.csv,439,5,0.5,198.765
pdb6qi1_A_original_CA_coordinates.csv,297,5,0.5,7.65234
pdb6h7f_A_original_CA_coordinates.csv,671,5,0.5,6.36891
pdb6i0b_A_original_CA_coordinates.csv,526,5,0.5,17.7873
pdb6s8v_A_original_CA_coordinates.csv,172,5,0.5,83.6736
pdb4nqg_A_original_CA_coordinates.csv,197,5,0.5,1.25578
pdb8j5a_A_original_CA_coordinates.csv,172,5,0.5,9.26768
pdb5a30_A_original_CA_coordinates.csv,463,5,0.5,16.1454
pdb4rq4_A_original_CA_coordinates.csv,326,5,0.5,253.04
pdb7kid_A_original_CA_coordinates.csv,625,5,0.5,1.08312
pdb2jqj_A_original_CA_coordinates.csv,141,5,0.5,9.81996
pdb5o72_A_original_CA_coordinates.csv,255,5,0.5,48.4432
pdb8hq4_A_original_CA_coordinates.csv,209,5,0.5,205.79
pdb5sfc_A_original_CA_coordinates.csv,312,5,0.5,79.3127
pdb4kcr_A_original_CA_coordinates.csv,404,5,0.5,126.774
pdb2ya8_A_original_CA_coordinates.csv,470,5,0.5,127.382
pdb6n0u_A_original_CA_coordinates.csv,295,5,0.5,32.2089
pdb4kv7_A_original_CA_coordinates.csv,360,5,0.5,0.723539
pdb5nid_A_original_CA_coordinates.csv,609,5,0.5,130.827
pdb2xd5_A_original_CA_coordinates.csv,469,5,0.5,88.4648
pdb2cks_A_original_CA_coordinates.csv,305,5,0.5,49.988
pdb4xmx_A_original_CA_coordinates.csv,866,5,0.5,39.322
pdb3n7t_A_original_CA_coordinates.csv,241,5,0.5,6.19974
pdb3rd5_A_original_CA_coordinates.csv,268,5,0.5,24.5826
pdb6rml_B_original_CA_coordinates.csv,278,5,0.5,1.86307
pdb5udy_A_original_CA_coordinates.csv,388,5,0.5,33.9513
pdb3rhr_A_original_CA_coordinates.csv,498,5,0.5,24.9529
pdb3ap9_A_original_CA_coordinates.csv,151,5,0.5,12.1647
pdb5fac_A_original_CA_coordinates.csv,383,5,0.5,61.6148
pdb2ptx_A_original_CA_coordinates.csv,431,5,0.5,78.5501
pdb8gbz_H_original_CA_coordinates.csv,208,5,0.5,121.453
pdb7fx9_A_original_CA_coordinates.csv,133,5,0.5,18.1024
pdb8qm1_A_original_CA_coordinates.csv,412,5,0.5,31.7548
pdb6kwu_O_original_CA_coordinates.csv,245,5,0.5,20.961
pdb4x09_A_original_CA_coordinates.csv,128,5,0.5,23.7769
pdb5fhw_A_original_CA_coordinates.csv,129,5,0.5,10.5703
pdb4rv5_A_original_CA_coordinates.csv,363,5,0.5,6.54105
pdb2vot_A_original_CA_coordinates.csv,837,5,0.5,17.9105
pdb5s7f_A_original_CA_coordinates.csv,283,5,0.5,88.329
pdb7a0l_A_original_CA_coordinates.csv,295,5,0.5,92.5073
pdb4qtc_A_original_CA_coordinates.csv,330,5,0.5,704.206
pdb4v3m_A_original_CA_coordinates.csv,135,5,0.5,97.8326
pdb3rqj_A_original_CA_coordinates.csv,407,5,0.5,55.3708
pdb5bjv_A_original_CA_coordinates.csv,339,5,0.5,110.074
pdb8azy_A_original_CA_coordinates.csv,170,5,0.5,37.8063
pdb4xhs_A_original_CA_coordinates.csv,452,5,0.5,8.13823
pdb2xms_A_original_CA_coordinates.csv,281,5,0.5,172.885
pdb6qhs_A_original_CA_coordinates.csv,297,5,0.5,116.513
pdb5h3m_A_original_CA_coordinates.csv,133,5,0.5,88.79
pdb4nug_L_original_CA_coordinates.csv,213,5,0.5,1.50463
pdb4g31_A_original_CA_coordinates.csv,248,5,0.5,142.374
pdb5exp_A_original_CA_coordinates.csv,250,5,0.5,7.70061
pdb3juh_A_original_CA_coordinates.csv,334,5,0.5,11.5725
pdb6g7n_A_original_CA_coordinates.csv,318,5,0.5,23.917
pdb6i6v_A_original_CA_coordinates.csv,266,5,0.5,19.9053
pdb6o7m_A_original_CA_coordinates.csv,477,5,0.5,185.3
pdb5h2p_A_original_CA_coordinates.csv,231,5,0.5,5.9637
pdb5fsu_A_original_CA_coordinates.csv,235,5,0.5,310.629
pdb3cou_A_original_CA_coordinates.csv,180,5,0.5,408.212
pdb6hai_A_original_CA_coordinates.csv,212,5,0.5,7.31719
pdb8gck_B_original_CA_coordinates.csv,128,5,0.5,7.10908
pdb5ram_A_original_CA_coordinates.csv,340,5,0.5,44.4063
pdb4n94_A_original_CA_coordinates.csv,360,5,0.5,320.617
pdb6bq7_A_original_CA_coordinates.csv,292,5,0.5,82.7579
pdb6elv_A_original_CA_coordinates.csv,134,5,0.5,0.901663
pdb4h09_A_original_CA_coordinates.csv,368,5,0.5,43.885
pdb6c1b_A_original_CA_coordinates.csv,265,5,0.5,64.3371
pdb6jtd_A_original_CA_coordinates.csv,477,5,0.5,2.99916
pdb5i5p_A_original_CA_coordinates.csv,306,5,0.5,254.731
pdb5a14_A_original_CA_coordinates.csv,284,5,0.5,65.7508
pdb6uhl_A_original_CA_coordinates.csv,224,5,0.5,197.491
pdb5p93_A_original_CA_coordinates.csv,213,5,0.5,0.660393
pdb5hi7_A_original_CA_coordinates.csv,426,5,0.5,17.5531
pdb3pby_A_original_CA_coordinates.csv,219,5,0.5,77.2094
pdb6qa6_A_original_CA_coordinates.csv,810,5,0.5,19.7537
pdb3nle_A_original_CA_coordinates.csv,404,5,0.5,163.491
pdb5w4g_B_original_CA_coordinates.csv,425,5,0.5,62.764
pdb3zm0_A_original_CA_coordinates.csv,261,5,0.5,111.169
pdb5h8z_A_original_CA_coordinates.csv,358,5,0.5,1.04884
pdb7e0e_A_original_CA_coordinates.csv,149,5,0.5,8.66088
pdb5g3o_A_original_CA_coordinates.csv,276,5,0.5,88.2514
pdb4cxo_A_original_CA_coordinates.csv,255,5,0.5,408.683
pdb6rj4_B_original_CA_coordinates.csv,269,5,0.5,23.1499
pdb7agz_A_original_CA_coordinates.csv,386,5,0.5,24.9018
pdb5tbs_A_original_CA_coordinates.csv,284,5,0.5,44.5773
pdb4gyy_A_original_CA_coordinates.csv,693,5,0.5,0.0987638
pdb8uzn_A_original_CA_coordinates.csv,488,5,0.5,37.73
pdb6pxn_A_original_CA_coordinates.csv,290,5,0.5,68.6566
pdb5ld0_A_original_CA_coordinates.csv,206,5,0.5,178.185
pdb3hyz_A_original_CA_coordinates.csv,204,5,0.5,4.05701
pdb5pic_A_original_CA_coordinates.csv,331,5,0.5,20.9232
pdb3umh_A_original_CA_coordinates.csv,180,5,0.5,66.4061
pdb6hzz_A_original_CA_coordinates.csv,511,5,0.5,82.5398
pdb4brs_A_original_CA_coordinates.csv,342,5,0.5,5.59116
pdb6vo5_A_original_CA_coordinates.csv,319,5,0.5,3.28715
pdb6nsf_A_original_CA_coordinates.csv,317,5,0.5,90.5659
pdb6fk3_A_original_CA_coordinates.csv,530,5,0.5,132.063
pdb2yne_A_original_CA_coordinates.csv,384,5,0.5,261.432
pdb4hze_A_original_CA_coordinates.csv,306,5,0.5,143.022
pdb3dxl_A_original_CA_coordinates.csv,299,5,0.5,67.7461
pdb5aou_A_original_CA_coordinates.csv,240,5,0.5,76.4307
pdb8f4k_A_original_CA_coordinates.csv,334,5,0.5,40.3171
pdb8dl4_A_original_CA_coordinates.csv,525,5,0.5,233.848
pdb2uyu_A_original_CA_coordinates.csv,274,5,0.5,28.7683
pdb6jcl_A_original_CA_coordinates.csv,218,5,0.5,21.91
pdb6qhx_A_original_CA_coordinates.csv,296,5,0.5,216.137
pdb5fxs_A_original_CA_coordinates.csv,308,5,0.5,85.4229
pdb4jk7_A_original_CA_coordinates.csv,221,5,0.5,27.3463
pdb4qa3_A_original_CA_coordinates.csv,365,5,0.5,545.344
pdb4rha_A_original_CA_coordinates.csv,130,5,0.5,14.7037
pdb7xlz_A_original_CA_coordinates.csv,241,5,0.5,52.9375
pdb2xgw_A_original_CA_coordinates.csv,166,5,0.5,37.9913
pdb7lpv_A_original_CA_coordinates.csv,279,5,0.5,8.56215
pdb4bo7_A_original_CA_coordinates.csv,238,5,0.5,23.1631
pdb8ov4_A_original_CA_coordinates.csv,301,5,0.5,37.791
pdb2osw_A_original_CA_coordinates.csv,433,5,0.5,5.82385
pdb7abs_A_original_CA_coordinates.csv,359,5,0.5,29.1494
pdb6uz6_A_original_CA_coordinates.csv,285,5,0.5,8.82976
pdb5q3l_A_original_CA_coordinates.csv,341,5,0.5,59.1227
pdb8te1_A_original_CA_coordinates.csv,273,5,0.5,0.796624
pdb5vej_A_original_CA_coordinates.csv,327,5,0.5,2.30706
pdb1vl1_A_original_CA_coordinates.csv,218,5,0.5,12.7962
pdb8cdq_A_original_CA_coordinates.csv,813,5,0.5,12.3218
pdb7jy0_A_original_CA_coordinates.csv,141,5,0.5,53.1036
pdb4fuf_A_original_CA_coordinates.csv,246,5,0.5,102.965
pdb4e5a_X_original_CA_coordinates.csv,332,5,0.5,36.2114
pdb2rrf_A_original_CA_coordinates.csv,141,5,0.5,32.5943
pdb5j5z_A_original_CA_coordinates.csv,477,5,0.5,5.11913
pdb7ppg_A_original_CA_coordinates.csv,467,5,0.5,59.2907
pdb8ppd_A_original_CA_coordinates.csv,270,5,0.5,45.7466
pdb4jbv_A_original_CA_coordinates.csv,458,5,0.5,3.30123
pdb7c6h_A_original_CA_coordinates.csv,420,5,0.5,159.704
pdb5h7k_A_original_CA_coordinates.csv,367,5,0.5,69.0176
pdb6sfj_A_original_CA_coordinates.csv,341,5,0.5,110.267
pdb8u98_A_original_CA_coordinates.csv,391,5,0.5,30.0832
pdb7prq_A_original_CA_coordinates.csv,304,5,0.5,118.267
pdb6emq_A_original_CA_coordinates.csv,165,5,0.5,3.08092
pdb3omu_A_original_CA_coordinates.csv,208,5,0.5,182.291
pdb5q5m_A_original_CA_coordinates.csv,341,5,0.5,168.723
pdb7jif_A_original_CA_coordinates.csv,166,5,0.5,11.4811
pdb6bs0_A_original_CA_coordinates.csv,272,5,0.5,144.993
pdb7vkm_A_original_CA_coordinates.csv,300,5,0.5,12.6139
pdb6ly4_A_original_CA_coordinates.csv,450,5,0.5,58.1401
pdb6fcb_A_original_CA_coordinates.csv,380,5,0.5,1.88176
pdb1w5m_A_original_CA_coordinates.csv,329,5,0.5,179.308
pdb4mg3_A_original_CA_coordinates.csv,142,5,0.5,83.1713
pdb5vrv_A_original_CA_coordinates.csv,307,5,0.5,34.7791
pdb7b2w_A_original_CA_coordinates.csv,531,5,0.5,1.28787
pdb4hb4_A_original_CA_coordinates.csv,209,5,0.5,49.3848
pdb3efb_A_original_CA_coordinates.csv,239,5,0.5,17.0139
pdb7ppn_A_original_CA_coordinates.csv,279,5,0.5,28.1451
pdb6pn4_A_original_CA_coordinates.csv,411,5,0.5,144.379
pdb3dlx_A_original_CA_coordinates.csv,470,5,0.5,18.5833
pdb4l2h_A_original_CA_coordinates.csv,436,5,0.5,13.6938
pdb5c7y_A_original_CA_coordinates.csv,266,5,0.5,187.399
pdb2m1w_A_original_CA_coordinates.csv,166,5,0.5,41.8735
pdb4lh1_A_original_CA_coordinates.csv,534,5,0.5,18.4999
pdb5l18_A_original_CA_coordinates.csv,388,5,0.5,8.9432
pdb1usn_A_original_CA_coordinates.csv,165,5,0.5,8.59352
pdb5q14_A_original_CA_coordinates.csv,230,5,0.5,5.28324
pdb2duh_A_original_CA_coordinates.csv,225,5,0.5,58.5372
pdb5kcc_A_original_CA_coordinates.csv,237,5,0.5,18.5927
pdb3tbb_A_original_CA_coordinates.csv,279,5,0.5,238.537
pdb1bn6_A_original_CA_coordinates.csv,291,5,0.5,39.166
pdb5zn2_A_original_CA_coordinates.csv,324,5,0.5,0.59067
pdb8d6l_A_original_CA_coordinates.csv,133,5,0.5,7.3417
pdb6d2y_A_original_CA_coordinates.csv,416,5,0.5,41.7203
pdb4u6q_A_original_CA_coordinates.csv,328,5,0.5,62.7255
pdb2hm8_A_original_CA_coordinates.csv,136,5,0.5,26.6801
pdb5hwm_A_original_CA_coordinates.csv,304,5,0.5,5.8535
pdb4y31_A_original_CA_coordinates.csv,150,5,0.5,50.5614
pdb3nvs_A_original_CA_coordinates.csv,426,5,0.5,3.23597
pdb5f6b_A_original_CA_coordinates.csv,133,5,0.5,65.6573
pdb7vmw_A_original_CA_coordinates.csv,296,5,0.5,0.296604
pdb7xbs_A_original_CA_coordinates.csv,484,5,0.5,54.9751
pdb6bt9_A_original_CA_coordinates.csv,625,5,0.5,11.562
pdb2kkl_A_original_CA_coordinates.csv,140,5,0.5,3.38006
pdb3irv_A_original_CA_coordinates.csv,213,5,0.5,524.937
pdb7qr6_A_original_CA_coordinates.csv,471,5,0.5,0.177759
pdb5quq_A_original_CA_coordinates.csv,218,5,0.5,4.76487
pdb2glz_A_original_CA_coordinates.csv,147,5,0.5,3.58262
pdb5e7b_A_original_CA_coordinates.csv,126,5,0.5,11.7424
pdb7tn4_A_original_CA_coordinates.csv,134,5,0.5,51.7619
pdb2r2d_A_original_CA_coordinates.csv,276,5,0.5,222.515
pdb6x4i_A_original_CA_coordinates.csv,348,5,0.5,6.78966
pdb3dog_A_original_CA_coordinates.csv,297,5,0.5,50.5288
pdb5rv6_A_original_CA_coordinates.csv,167,5,0.5,66.7511
pdb7nuk_A_original_CA_coordinates.csv,305,5,0.5,12.6849
pdb7jr2_A_original_CA_coordinates.csv,220,5,0.5,18.5426
pdb2yb7_A_original_CA_coordinates.csv,140,5,0.5,16.8743
pdb8bow_A_original_CA_coordinates.csv,692,5,0.5,6.65283
pdb1o3i_A_original_CA_coordinates.csv,219,5,0.5,10.2363
pdb7en0_A_original_CA_coordinates.csv,313,5,0.5,195.925
pdb7am8_A_original_CA_coordinates.csv,267,5,0.5,104.531
pdb4dxf_A_original_CA_coordinates.csv,194,5,0.5,7.29148
pdb2c71_A_original_CA_coordinates.csv,205,5,0.5,7.81604
pdb1h9j_A_original_CA_coordinates.csv,145,5,0.5,77.7878
pdb1r4y_A_original_CA_coordinates.csv,136,5,0.5,13.7166
pdb3wd0_A_original_CA_coordinates.csv,498,5,0.5,606.737
pdb6omy_A_original_CA_coordinates.csv,297,5,0.5,189.684
pdb5vq0_A_original_CA_coordinates.csv,160,5,0.5,3.57118
pdb7mfk_A_original_CA_coordinates.csv,885,5,0.5,56.2962
pdb4gm4_A_original_CA_coordinates.csv,525,5,0.5,4.49691
pdb2dj0_A_original_CA_coordinates.csv,137,5,0.5,77.3704
pdb6rte_A_original_CA_coordinates.csv,464,5,0.5,1.58681
pdb8yjj_A_original_CA_coordinates.csv,183,5,0.5,5.04618
pdb4u9k_A_original_CA_coordinates.csv,187,5,0.5,18.0765
pdb5yql_A_original_CA_coordinates.csv,296,5,0.5,23.4278
pdb3w7v_A_original_CA_coordinates.csv,219,5,0.5,26.464
pdb4d6q_A_original_CA_coordinates.csv,330,5,0.5,73.8954
pdb5q4w_A_original_CA_coordinates.csv,341,5,0.5,525.084
pdb3r90_A_original_CA_coordinates.csv,185,5,0.5,68.8416
pdb3lmt_A_original_CA_coordinates.csv,162,5,0.5,214.278
pdb7k0h_A_original_CA_coordinates.csv,298,5,0.5,19.1866
pdb4rsc_A_original_CA_coordinates.csv,504,5,0.5,21.1484
pdb4zvm_A_original_CA_coordinates.csv,230,5,0.5,192.757
pdb3ju5_A_original_CA_coordinates.csv,350,5,0.5,0.805065
pdb4rz4_A_original_CA_coordinates.csv,220,5,0.5,117.96
pdb8pbp_A_original_CA_coordinates.csv,361,5,0.5,1.96792
pdb4gx8_A_original_CA_coordinates.csv,306,5,0.5,408.984
pdb7ghh_A_original_CA_coordinates.csv,304,5,0.5,22.4863
pdb5ige_A_original_CA_coordinates.csv,129,5,0.5,11.1636
pdb8bsv_A_original_CA_coordinates.csv,328,5,0.5,4.71766
pdb4zoc_A_original_CA_coordinates.csv,724,5,0.5,32.1262
pdb6pof_A_original_CA_coordinates.csv,1021,5,0.5,1.14058
pdb2hkv_A_original_CA_coordinates.csv,145,5,0.5,1.37643
pdb5sng_A_original_CA_coordinates.csv,412,5,0.5,59.0732
pdb2qno_A_original_CA_coordinates.csv,629,5,0.5,8.27824
pdb5cb7_A_original_CA_coordinates.csv,160,5,0.5,20.0794
pdb4dyn_A_original_CA_coordinates.csv,437,5,0.5,19.7737
pdb5y4f_A_original_CA_coordinates.csv,415,5,0.5,1.36965
pdb3oj1_A_original_CA_coordinates.csv,137,5,0.5,15.262
pdb5slk_D_original_CA_coordinates.csv,459,5,0.5,14.9672
pdb2vi3_A_original_CA_coordinates.csv,206,5,0.5,48.5633
pdb1w4w_A_original_CA_coordinates.csv,306,5,0.5,30.058
pdb8e9c_A_original_CA_coordinates.csv,378,5,0.5,60.5244
pdb6y1p_A_original_CA_coordinates.csv,316,5,0.5,186.472
pdb4kvq_A_original_CA_coordinates.csv,223,5,0.5,135.436
pdb4x2i_A_original_CA_coordinates.csv,126,5,0.5,10.2998
pdb4mkv_A_original_CA_coordinates.csv,458,5,0.5,6.43043
pdb5ocw_A_original_CA_coordinates.csv,257,5,0.5,11.4094
pdb7uv5_A_original_CA_coordinates.csv,312,5,0.5,62.7837
pdb5c10_A_original_CA_coordinates.csv,230,5,0.5,65.6965
pdb7n53_A_original_CA_coordinates.csv,183,5,0.5,0.569057
pdb6cvs_A_original_CA_coordinates.csv,180,5,0.5,98.705
pdb6g7r_S_original_CA_coordinates.csv,263,5,0.5,66.6217
pdb7ymk_A_original_CA_coordinates.csv,237,5,0.5,104.335
pdb7yqg_A_original_CA_coordinates.csv,299,5,0.5,1.74972
pdb4ryy_A_original_CA_coordinates.csv,510,5,0.5,390.144
pdb6yzz_A_original_CA_coordinates.csv,151,5,0.5,97.5634
pdb3m12_A_original_CA_coordinates.csv,381,5,0.5,1.05014
pdb2h0h_A_original_CA_coordinates.csv,229,5,0.5,58.7664
pdb4b7f_A_original_CA_coordinates.csv,515,5,0.5,88.1574
pdb5y5l_A_original_CA_coordinates.csv,399,5,0.5,43.3916
pdb5a4w_A_original_CA_coordinates.csv,211,5,0.5,14.5931
pdb6fac_A_original_CA_coordinates.csv,653,5,0.5,991.5
pdb2do8_A_original_CA_coordinates.csv,188,5,0.5,6.44678
pdb4yfp_A_original_CA_coordinates.csv,137,5,0.5,13.9433
pdb3pf9_A_original_CA_coordinates.csv,251,5,0.5,30.4295
pdb2n53_A_original_CA_coordinates.csv,143,5,0.5,22.8141
pdb5i7n_A_original_CA_coordinates.csv,325,5,0.5,187.826
pdb4tmz_B_original_CA_coordinates.csv,332,5,0.5,2.76415
pdb7fsa_A_original_CA_coordinates.csv,422,5,0.5,3.15456
pdb7p45_A_original_CA_coordinates.csv,659,5,0.5,10.0398
pdb3uj9_A_original_CA_coordinates.csv,258,5,0.5,124.622
pdb4r9b_A_original_CA_coordinates.csv,138,5,0.5,5.60083
pdb3pxp_A_original_CA_coordinates.csv,281,5,0.5,24.3699
pdb4lg6_A_original_CA_coordinates.csv,163,5,0.5,0.407732
pdb3jvg_A_original_CA_coordinates.csv,264,5,0.5,40.1438
pdb5dfi_A_original_CA_coordinates.csv,276,5,0.5,10.3046
pdb8soq_A_original_CA_coordinates.csv,203,5,0.5,18.0863
pdb6qau_A_original_CA_coordinates.csv,276,5,0.5,318.912
pdb5qyy_A_original_CA_coordinates.csv,237,5,0.5,357.087
pdb6lzo_A_original_CA_coordinates.csv,316,5,0.5,346.73
pdb3aup_A_original_CA_coordinates.csv,377,5,0.5,18.5668
pdb3al7_A_original_CA_coordinates.csv,207,5,0.5,72.3175
pdb4gq3_A_original_CA_coordinates.csv,466,5,0.5,163.018
pdb4cqh_A_original_CA_coordinates.csv,306,5,0.5,11.9079
pdb4a8u_A_original_CA_coordinates.csv,159,5,0.5,107.081
pdb3cfc_H_original_CA_coordinates.csv,210,5,0.5,1.79486
pdb5tsq_A_original_CA_coordinates.csv,312,5,0.5,10.9298
pdb4ket_A_original_CA_coordinates.csv,313,5,0.5,34.0253
pdb2q1z_A_original_CA_coordinates.csv,176,5,0.5,11.3525
pdb4u3z_B_original_CA_coordinates.csv,294,5,0.5,69.1043
pdb3p1s_A_original_CA_coordinates.csv,236,5,0.5,27.4605
pdb8b1p_A_original_CA_coordinates.csv,235,5,0.5,4.51768
pdb3klb_A_original_CA_coordinates.csv,160,5,0.5,31.4318
pdb3quk_A_original_CA_coordinates.csv,262,5,0.5,19.4302
pdb4hlj_A_original_CA_coordinates.csv,223,5,0.5,77.7584
pdb5w8q_A_original_CA_coordinates.csv,379,5,0.5,1.73458
pdb5mdl_L_original_CA_coordinates.csv,600,5,0.5,32.5038
pdb4c5w_A_original_CA_coordinates.csv,384,5,0.5,255.32
pdb6u8l_A_original_CA_coordinates.csv,304,5,0.5,27.2154
pdb6z8o_A_original_CA_coordinates.csv,277,5,0.5,114.993
pdb2zg9_X_original_CA_coordinates.csv,173,5,0.5,14.3457
pdb3t64_A_original_CA_coordinates.csv,153,5,0.5,19.9982
pdb5oow_A_original_CA_coordinates.csv,182,5,0.5,12.5306
pdb7oi2_A_original_CA_coordinates.csv,307,5,0.5,42.603
pdb8xx9_A_original_CA_coordinates.csv,620,5,0.5,36.7666
pdb3qwl_A_original_CA_coordinates.csv,272,5,0.5,3.19735
pdb5ahz_A_original_CA_coordinates.csv,243,5,0.5,2.72536
pdb6q2e_A_original_CA_coordinates.csv,330,5,0.5,32.408
pdb8ewz_A_original_CA_coordinates.csv,889,5,0.5,8.26776
pdb4jkc_A_original_CA_coordinates.csv,220,5,0.5,130.201
pdb4nus_A_original_CA_coordinates.csv,301,5,0.5,51.5803
pdb6rs7_A_original_CA_coordinates.csv,220,5,0.5,0.559816
pdb4g0x_A_original_CA_coordinates.csv,142,5,0.5,4.54501
pdb7c35_A_original_CA_coordinates.csv,306,5,0.5,51.7262
pdb7wjb_A_original_CA_coordinates.csv,729,5,0.5,74.9445
pdb7ngk_A_original_CA_coordinates.csv,193,5,0.5,34.6075
pdb3rhl_A_original_CA_coordinates.csv,498,5,0.5,214.73
pdb5etm_A_original_CA_coordinates.csv,159,5,0.5,1.62607
pdb2wfy_A_original_CA_coordinates.csv,295,5,0.5,20.5879
pdb5s79_A_original_CA_coordinates.csv,284,5,0.5,7.0303
pdb4bky_A_original_CA_coordinates.csv,311,5,0.5,14.9981
pdb5uaw_A_original_CA_coordinates.csv,263,5,0.5,1.92644
pdb6wih_A_original_CA_coordinates.csv,401,5,0.5,179.818
pdb5btd_A_original_CA_coordinates.csv,486,5,0.5,28.7538
pdb7kr0_A_original_CA_coordinates.csv,169,5,0.5,5.81844
pdb3pfr_A_original_CA_coordinates.csv,412,5,0.5,106.054
pdb3b8b_A_original_CA_coordinates.csv,263,5,0.5,0.739995
pdb7uju_A_original_CA_coordinates.csv,189,5,0.5,18.066
pdb4o45_A_original_CA_coordinates.csv,305,5,0.5,36.2921
pdb3ugr_A_original_CA_coordinates.csv,308,5,0.5,2.06964
pdb7bmb_A_original_CA_coordinates.csv,343,5,0.5,371.765
pdb4l4u_A_original_CA_coordinates.csv,388,5,0.5,73.3192
pdb6dqh_A_original_CA_coordinates.csv,250,5,0.5,4.52457
pdb4q5q_A_original_CA_coordinates.csv,218,5,0.5,43.6157
pdb3qsj_A_original_CA_coordinates.csv,216,5,0.5,2.40166
pdb5ap6_A_original_CA_coordinates.csv,262,5,0.5,7.7129
pdb2go9_A_original_CA_coordinates.csv,161,5,0.5,70.123
pdb4r9n_A_original_CA_coordinates.csv,241,5,0.5,132.714
pdb5ok4_A_original_CA_coordinates.csv,344,5,0.5,2.4023
pdb6mv9_A_original_CA_coordinates.csv,674,5,0.5,0.476971
pdb4yt8_A_original_CA_coordinates.csv,334,5,0.5,13.6843
pdb6ecw_A_original_CA_coordinates.csv,281,5,0.5,12.8301
pdb7au9_A_original_CA_coordinates.csv,489,5,0.5,118.107
pdb6pk1_A_original_CA_coordinates.csv,399,5,0.5,229.959
pdb5jth_A_original_CA_coordinates.csv,147,5,0.5,3.08103
pdb6u4u_A_original_CA_coordinates.csv,148,5,0.5,2.3226
pdb4b85_A_original_CA_coordinates.csv,536,5,0.5,126.519
pdb3r8h_A_original_CA_coordinates.csv,303,5,0.5,5.38044
pdb4upg_A_original_CA_coordinates.csv,169,5,0.5,12.9437
pdb7fle_A_original_CA_coordinates.csv,237,5,0.5,26.3149
pdb5le5_A_original_CA_coordinates.csv,230,5,0.5,20.0037
pdb5up7_A_original_CA_coordinates.csv,172,5,0.5,10.4176
pdb7ehp_A_original_CA_coordinates.csv,397,5,0.5,190.71
pdb3mwd_A_original_CA_coordinates.csv,419,5,0.5,195.794
pdb3beu_A_original_CA_coordinates.csv,215,5,0.5,16.6704
pdb6fum_A_original_CA_coordinates.csv,202,5,0.5,21.0076
pdb5dgb_A_original_CA_coordinates.csv,430,5,0.5,21.3926
pdb2ar6_A_original_CA_coordinates.csv,240,5,0.5,24.7457
pdb7kxn_A_original_CA_coordinates.csv,266,5,0.5,28.1761
pdb4ceb_A_original_CA_coordinates.csv,149,5,0.5,18.4858
pdb3kx1_A_original_CA_coordinates.csv,213,5,0.5,113.151
pdb4ghr_A_original_CA_coordinates.csv,354,5,0.5,11.6257
pdb4gxo_A_original_CA_coordinates.csv,139,5,0.5,49.3927
pdb6p06_A_original_CA_coordinates.csv,253,5,0.5,7.99097
pdb6xo3_A_original_CA_coordinates.csv,296,5,0.5,0.171112
pdb7rgv_A_original_CA_coordinates.csv,222,5,0.5,29.1392
pdb5r87_A_original_CA_coordinates.csv,152,5,0.5,358.859
pdb5vas_A_original_CA_coordinates.csv,129,5,0.5,38.7441
pdb6l7d_A_original_CA_coordinates.csv,423,5,0.5,48.4793
pdb3bsy_A_original_CA_coordinates.csv,193,5,0.5,6.53617
pdb4xum_A_original_CA_coordinates.csv,260,5,0.5,6.82911
pdb3r8g_A_original_CA_coordinates.csv,303,5,0.5,3.18096
pdb6lv6_A_original_CA_coordinates.csv,257,5,0.5,27.2578
pdb7kjf_A_original_CA_coordinates.csv,340,5,0.5,213.222
pdb4hdo_A_original_CA_coordinates.csv,310,5,0.5,67.6368
pdb3r7f_A_original_CA_coordinates.csv,291,5,0.5,183.623
pdb6hmh_A_original_CA_coordinates.csv,341,5,0.5,16.8479
pdb5sfp_A_original_CA_coordinates.csv,312,5,0.5,155.52
pdb7rh0_A_original_CA_coordinates.csv,138,5,0.5,19.1482
pdb3ldv_A_original_CA_coordinates.csv,231,5,0.5,51.5913
pdb4r1j_A_original_CA_coordinates.csv,174,5,0.5,98.0305
pdb5sru_A_original_CA_coordinates.csv,167,5,0.5,117.19
pdb2csg_A_original_CA_coordinates.csv,417,5,0.5,306.834
pdb6ght_A_original_CA_coordinates.csv,261,5,0.5,53.2542
pdb3lhg_A_original_CA_coordinates.csv,369,5,0.5,31.8003
pdb7oub_B_original_CA_coordinates.csv,173,5,0.5,169.088
pdb5tf3_A_original_CA_coordinates.csv,128,5,0.5,7.72841
pdb6hyn_A_original_CA_coordinates.csv,132,5,0.5,1.86721
pdb7q90_A_original_CA_coordinates.csv,294,5,0.5,7.58737
pdb5e83_A_original_CA_coordinates.csv,141,5,0.5,26.3405
pdb6gxs_A_original_CA_coordinates.csv,362,5,0.5,115.859
pdb3ump_A_original_CA_coordinates.csv,309,5,0.5,4.29682
pdb5ou8_A_original_CA_coordinates.csv,174,5,0.5,6.38393
pdb6a2w_A_original_CA_coordinates.csv,166,5,0.5,11.3862
pdb4u9g_A_original_CA_coordinates.csv,187,5,0.5,7.39495
pdb3s7s_A_original_CA_coordinates.csv,452,5,0.5,3.22331
pdb4lh6_A_original_CA_coordinates.csv,322,5,0.5,242.92
pdb7qr2_A_original_CA_coordinates.csv,365,5,0.5,265.559
pdb7nzx_A_original_CA_coordinates.csv,258,5,0.5,103.903
pdb3g7r_A_original_CA_coordinates.csv,187,5,0.5,36.7741
pdb5orz_A_original_CA_coordinates.csv,264,5,0.5,58.8914
pdb5upd_A_original_CA_coordinates.csv,214,5,0.5,4.10393
pdb5q58_A_original_CA_coordinates.csv,341,5,0.5,9.80941
pdb4ibv_A_original_CA_coordinates.csv,197,5,0.5,3.90029
pdb7ga7_A_original_CA_coordinates.csv,435,5,0.5,46.9438
pdb2aik_X_original_CA_coordinates.csv,274,5,0.5,4.3097
pdb3iwt_A_original_CA_coordinates.csv,166,5,0.5,11.2194
pdb4fhg_A_original_CA_coordinates.csv,340,5,0.5,4.13637
pdb6gjp_A_original_CA_coordinates.csv,165,5,0.5,4.98588
pdb6z8t_A_original_CA_coordinates.csv,650,5,0.5,238.56
pdb5j9v_A_original_CA_coordinates.csv,171,5,0.5,2.12282
pdb5wud_A_original_CA_coordinates.csv,196,5,0.5,184.331
pdb5kup_A_original_CA_coordinates.csv,265,5,0.5,7.0244
pdb7mxg_A_original_CA_coordinates.csv,625,5,0.5,9.03932
pdb4xa8_A_original_CA_coordinates.csv,301,5,0.5,19.812
pdb5n30_A_original_CA_coordinates.csv,229,5,0.5,65.9773
pdb4ohh_A_original_CA_coordinates.csv,494,5,0.5,165.21
pdb1lw9_A_original_CA_coordinates.csv,164,5,0.5,23.7103
pdb5foy_A_original_CA_coordinates.csv,367,5,0.5,592.753
pdb6teo_A_original_CA_coordinates.csv,863,5,0.5,25.9937
pdb4n9a_A_original_CA_coordinates.csv,356,5,0.5,78.6077
pdb3bq3_A_original_CA_coordinates.csv,246,5,0.5,63.4988
pdb8g50_A_original_CA_coordinates.csv,158,5,0.5,14.8284
pdb8tt1_A_original_CA_coordinates.csv,227,5,0.5,14.3274
pdb4hxc_A_original_CA_coordinates.csv,252,5,0.5,40.6456
pdb4rd0_A_original_CA_coordinates.csv,414,5,0.5,177.378
pdb4pvh_A_original_CA_coordinates.csv,490,5,0.5,178.403
pdb4zx6_A_original_CA_coordinates.csv,888,5,0.5,0.584061
pdb5uwh_A_original_CA_coordinates.csv,203,5,0.5,1.49937
pdb4eul_A_original_CA_coordinates.csv,226,5,0.5,3.16977
pdb1nmv_A_original_CA_coordinates.csv,163,5,0.5,464.391
pdb4f5q_A_original_CA_coordinates.csv,320,5,0.5,4.54367
pdb5kmw_A_original_CA_coordinates.csv,256,5,0.5,34.3718
pdb8em0_A_original_CA_coordinates.csv,166,5,0.5,11.0329
pdb3rq7_A_original_CA_coordinates.csv,212,5,0.5,0.883573
pdb4uqo_A_original_CA_coordinates.csv,222,5,0.5,3.99659
pdb3gq5_A_original_CA_coordinates.csv,252,5,0.5,39.3175
pdb6hmn_A_original_CA_coordinates.csv,505,5,0.5,1005.37
pdb3zqs_A_original_CA_coordinates.csv,186,5,0.5,11.1019
pdb3zs7_A_original_CA_coordinates.csv,277,5,0.5,29.9709
pdb7f9p_A_original_CA_coordinates.csv,483,5,0.5,47.9807
pdb2hst_A_original_CA_coordinates.csv,136,5,0.5,19.6504
pdb4uhd_A_original_CA_coordinates.csv,274,5,0.5,122.434
pdb2rkv_A_original_CA_coordinates.csv,443,5,0.5,996.839
pdb3kbg_A_original_CA_coordinates.csv,186,5,0.5,15.8521
pdb4abl_A_original_CA_coordinates.csv,181,5,0.5,26.053
pdb4dln_A_original_CA_coordinates.csv,297,5,0.5,152.188
pdb4cho_A_original_CA_coordinates.csv,149,5,0.5,47.4214
pdb6r6k_A_original_CA_coordinates.csv,275,5,0.5,18.5176
pdb6vlf_A_original_CA_coordinates.csv,447,5,0.5,9.78754
pdb4qzt_A_original_CA_coordinates.csv,133,5,0.5,26.3199
pdb7c7m_A_original_CA_coordinates.csv,248,5,0.5,3.50917
pdb6orr_A_original_CA_coordinates.csv,271,5,0.5,28.1322
pdb7frz_A_original_CA_coordinates.csv,422,5,0.5,0.843715
pdb6t0q_A_original_CA_coordinates.csv,340,5,0.5,165.082
pdb6gqe_A_original_CA_coordinates.csv,162,5,0.5,15.2875
pdb4nbq_A_original_CA_coordinates.csv,643,5,0.5,139.529
pdb6o0j_A_original_CA_coordinates.csv,527,5,0.5,27.1771
pdb5qxv_A_original_CA_coordinates.csv,130,5,0.5,705.018
pdb6n6n_A_original_CA_coordinates.csv,301,5,0.5,43.3114
pdb5qiy_A_original_CA_coordinates.csv,225,5,0.5,31.8932
pdb3epw_A_original_CA_coordinates.csv,326,5,0.5,46.9381
pdb5nn5_A_original_CA_coordinates.csv,845,5,0.5,82.7838
pdb3obi_A_original_CA_coordinates.csv,278,5,0.5,4.86537
pdb4fc9_B_original_CA_coordinates.csv,171,5,0.5,76.6701
pdb4lxz_A_original_CA_coordinates.csv,368,5,0.5,23.5279
pdb6bei_A_original_CA_coordinates.csv,541,5,0.5,63.398
pdb6x3o_A_original_CA_coordinates.csv,265,5,0.5,123.711
pdb5l8s_A_original_CA_coordinates.csv,604,5,0.5,75.4296
pdb7lru_B_original_CA_coordinates.csv,255,5,0.5,43.4662
pdb4m5m_A_original_CA_coordinates.csv,159,5,0.5,44.4703
pdb2xfg_A_original_CA_coordinates.csv,446,5,0.5,119.92
pdb3lzt_A_original_CA_coordinates.csv,129,5,0.5,0.161204
pdb6x5l_A_original_CA_coordinates.csv,233,5,0.5,9.93302
pdb4lvl_A_original_CA_coordinates.csv,196,5,0.5,30.0497
pdb4md0_A_original_CA_coordinates.csv,179,5,0.5,6.08284
pdb5t48_A_original_CA_coordinates.csv,181,5,0.5,314.602
pdb3ijr_A_original_CA_coordinates.csv,277,5,0.5,61.2528
pdb3m0o_A_original_CA_coordinates.csv,385,5,0.5,92.9811
pdb2ymq_A_original_CA_coordinates.csv,224,5,0.5,156.468
pdb5uws_A_original_CA_coordinates.csv,206,5,0.5,3.31387
pdb4n2p_A_original_CA_coordinates.csv,139,5,0.5,8.06794
pdb5syj_A_original_CA_coordinates.csv,713,5,0.5,72.959
pdb5a89_A_original_CA_coordinates.csv,151,5,0.5,24.6471
pdb7yd2_A_original_CA_coordinates.csv,349,5,0.5,31.5698
pdb2vmz_A_original_CA_coordinates.csv,405,5,0.5,261.521
pdb4d50_A_original_CA_coordinates.csv,290,5,0.5,5.642
pdb4ku2_A_original_CA_coordinates.csv,340,5,0.5,130.223
pdb4wg1_A_original_CA_coordinates.csv,129,5,0.5,9.21595
pdb1wef_A_original_CA_coordinates.csv,225,5,0.5,9.21038
pdb4aj3_A_original_CA_coordinates.csv,416,5,0.5,16.1555
pdb5iag_A_original_CA_coordinates.csv,239,5,0.5,56.1368
pdb2pgn_A_original_CA_coordinates.csv,587,5,0.5,14.1559
pdb8ik8_A_original_CA_coordinates.csv,158,5,0.5,66.0723
pdb2x0y_A_original_CA_coordinates.csv,584,5,0.5,0.00934931
pdb6qrx_A_original_CA_coordinates.csv,387,5,0.5,2.70906
pdb3o57_A_original_CA_coordinates.csv,336,5,0.5,32.882
pdb8as6_A_original_CA_coordinates.csv,1566,5,0.5,0.386846
pdb7nl2_A_original_CA_coordinates.csv,335,5,0.5,1.04393
pdb3uqb_A_original_CA_coordinates.csv,191,5,0.5,34.4482
pdb8baw_A_original_CA_coordinates.csv,277,5,0.5,2.82979
pdb6z5y_A_original_CA_coordinates.csv,177,5,0.5,48.4272
pdb1mdz_A_original_CA_coordinates.csv,364,5,0.5,151.33
pdb5rug_A_original_CA_coordinates.csv,167,5,0.5,21.9581
pdb3q2v_A_original_CA_coordinates.csv,532,5,0.5,93.4045
pdb3p3l_A_original_CA_coordinates.csv,403,5,0.5,59.2887
pdb4cf8_A_original_CA_coordinates.csv,149,5,0.5,9.88792
pdb5pxf_A_original_CA_coordinates.csv,178,5,0.5,60.585
pdb6skh_A_original_CA_coordinates.csv,696,5,0.5,79.2139
pdb6axk_A_original_CA_coordinates.csv,214,5,0.5,18.5697
pdb8aw0_A_original_CA_coordinates.csv,320,5,0.5,44.7018
pdb4k41_A_original_CA_coordinates.csv,363,5,0.5,10.5324
pdb4d77_A_original_CA_coordinates.csv,245,5,0.5,4.11808
pdb5upv_A_original_CA_coordinates.csv,352,5,0.5,110.197
pdb3f75_A_original_CA_coordinates.csv,223,5,0.5,2.537
pdb6z19_B_original_CA_coordinates.csv,328,5,0.5,74.0831
pdb5ue2_A_original_CA_coordinates.csv,247,5,0.5,99.6391
pdb3zgp_A_original_CA_coordinates.csv,129,5,0.5,79.2758
pdb5phh_A_original_CA_coordinates.csv,330,5,0.5,96.5874
pdb6jvw_A_original_CA_coordinates.csv,260,5,0.5,27.5578
pdb3zdg_A_original_CA_coordinates.csv,200,5,0.5,50.6919
pdb6dx8_A_original_CA_coordinates.csv,378,5,0.5,15.546
pdb8slb_A_original_CA_coordinates.csv,248,5,0.5,13.988
pdb3dc9_A_original_CA_coordinates.csv,257,5,0.5,478.259
pdb6hby_A_original_CA_coordinates.csv,178,5,0.5,6.84046
pdb2lvv_A_original_CA_coordinates.csv,220,5,0.5,1.59098
pdb5nd7_C_original_CA_coordinates.csv,300,5,0.5,142.579
pdb7ocm_A_original_CA_coordinates.csv,174,5,0.5,23.9789
pdb7o8c_A_original_CA_coordinates.csv,582,5,0.5,0.103456
pdb7r0q_A_original_CA_coordinates.csv,168,5,0.5,209.161
pdb7ebt_A_original_CA_coordinates.csv,219,5,0.5,13.9503
pdb5ltd_A_original_CA_coordinates.csv,315,5,0.5,35.4528
pdb1z9b_A_original_CA_coordinates.csv,135,5,0.5,9.10255
pdb6gj5_A_original_CA_coordinates.csv,163,5,0.5,0.655035
pdb2ztv_A_original_CA_coordinates.csv,260,5,0.5,0.547928
pdb6tt2_A_original_CA_coordinates.csv,164,5,0.5,22.559
pdb3of2_A_original_CA_coordinates.csv,267,5,0.5,0.355714
pdb4c2w_A_original_CA_coordinates.csv,268,5,0.5,13.9619
pdb4glj_A_original_CA_coordinates.csv,287,5,0.5,95.62
pdb5skg_A_original_CA_coordinates.csv,312,5,0.5,3.08884
pdb4z3b_A_original_CA_coordinates.csv,174,5,0.5,4.50031
pdb5hax_A_original_CA_coordinates.csv,698,5,0.5,1.91844
pdb2o9b_A_original_CA_coordinates.csv,315,5,0.5,32.365
pdb4xyg_A_original_CA_coordinates.csv,376,5,0.5,15.8935
pdb4xoe_A_original_CA_coordinates.csv,279,5,0.5,33.5856
pdb6vuo_A_original_CA_coordinates.csv,230,5,0.5,84.5786
pdb1q4w_A_original_CA_coordinates.csv,364,5,0.5,150.432
pdb3n9h_A_original_CA_coordinates.csv,654,5,0.5,1638.71
pdb6t4j_A_original_CA_coordinates.csv,241,5,0.5,341.7
pdb5b7f_A_original_CA_coordinates.csv,463,5,0.5,1.22553
pdb5sys_A_original_CA_coordinates.csv,258,5,0.5,172.087
pdb6asn_A_original_CA_coordinates.csv,527,5,0.5,70.3922
pdb6fek_A_original_CA_coordinates.csv,294,5,0.5,6.52323
pdb1h13_A_original_CA_coordinates.csv,404,5,0.5,7.79639
pdb3h02_A_original_CA_coordinates.csv,255,5,0.5,38.5169
pdb5kur_A_original_CA_coordinates.csv,164,5,0.5,19.1056
pdb1whb_A_original_CA_coordinates.csv,157,5,0.5,9.7243
pdb6bow_A_original_CA_coordinates.csv,266,5,0.5,62.5729
pdb6rr9_A_original_CA_coordinates.csv,311,5,0.5,36.0184
pdb8bz6_A_original_CA_coordinates.csv,606,5,0.5,29.328
pdb4j0l_A_original_CA_coordinates.csv,243,5,0.5,35.2911
pdb5zye_A_original_CA_coordinates.csv,384,5,0.5,149.132
pdb5tlz_A_original_CA_coordinates.csv,346,5,0.5,101.227
pdb4nrv_A_original_CA_coordinates.csv,283,5,0.5,8.97031
pdb4clh_A_original_CA_coordinates.csv,252,5,0.5,28.4426
pdb6pnl_A_original_CA_coordinates.csv,334,5,0.5,8.62119
pdb2w5a_A_original_CA_coordinates.csv,267,5,0.5,2.6398
pdb8v4a_A_original_CA_coordinates.csv,466,5,0.5,242.863
pdb7uy0_A_original_CA_coordinates.csv,447,5,0.5,36.8542
pdb7n9l_A_original_CA_coordinates.csv,282,5,0.5,32.6988
pdb3ml2_A_original_CA_coordinates.csv,257,5,0.5,12.4109
pdb4yxu_A_original_CA_coordinates.csv,258,5,0.5,60.4256
pdb6bea_A_original_CA_coordinates.csv,433,5,0.5,1.65055
pdb3lws_A_original_CA_coordinates.csv,346,5,0.5,10.1686
pdb3sug_A_original_CA_coordinates.csv,201,5,0.5,4.43885
pdb3jz9_A_original_CA_coordinates.csv,189,5,0.5,66.4405
pdb7u4z_A_original_CA_coordinates.csv,153,5,0.5,4.91775
pdb6nyr_A_original_CA_coordinates.csv,681,5,0.5,0.881861
pdb3n4j_A_original_CA_coordinates.csv,161,5,0.5,25.3108
pdb5cj6_A_original_CA_coordinates.csv,244,5,0.5,26.2941
pdb5hia_A_original_CA_coordinates.csv,202,5,0.5,25.5927
pdb6vw9_A_original_CA_coordinates.csv,231,5,0.5,52.1581
pdb3sxu_A_original_CA_coordinates.csv,146,5,0.5,10.0464
pdb5qxz_A_original_CA_coordinates.csv,130,5,0.5,3.47344
pdb6oin_A_original_CA_coordinates.csv,271,5,0.5,100.035
pdb2v9o_A_original_CA_coordinates.csv,274,5,0.5,101.675
pdb2zl7_A_original_CA_coordinates.csv,285,5,0.5,19.6391
pdb4e2z_A_original_CA_coordinates.csv,405,5,0.5,66.9608
pdb4zcs_A_original_CA_coordinates.csv,141,5,0.5,30.5599
pdb2gme_A_original_CA_coordinates.csv,225,5,0.5,6.52674
pdb4d5b_A_original_CA_coordinates.csv,312,5,0.5,1.4478
pdb5x7h_A_original_CA_coordinates.csv,700,5,0.5,6.02791
pdb4ftt_A_original_CA_coordinates.csv,266,5,0.5,22.8609
pdb5t7k_A_original_CA_coordinates.csv,232,5,0.5,8.7069
pdb6qhm_A_original_CA_coordinates.csv,235,5,0.5,13.6952
pdb3tx4_A_original_CA_coordinates.csv,267,5,0.5,142.013
pdb4bfd_A_original_CA_coordinates.csv,372,5,0.5,319.651
pdb4gib_A_original_CA_coordinates.csv,225,5,0.5,34.3387
pdb8sdf_Z_original_CA_coordinates.csv,195,5,0.5,2.83588
pdb8d60_A_original_CA_coordinates.csv,129,5,0.5,30.2472
pdb4gkt_A_original_CA_coordinates.csv,354,5,0.5,35.3382
pdb8g64_A_original_CA_coordinates.csv,169,5,0.5,19.7291
pdb7gnw_A_original_CA_coordinates.csv,182,5,0.5,171.344
pdb7frj_A_original_CA_coordinates.csv,281,5,0.5,52.9492
pdb7gbd_A_original_CA_coordinates.csv,304,5,0.5,47.4282
pdb2k07_A_original_CA_coordinates.csv,175,5,0.5,20.1257
pdb8hz6_A_original_CA_coordinates.csv,377,5,0.5,360.99
pdb5lgh_H_original_CA_coordinates.csv,200,5,0.5,141.249
pdb5jjh_A_original_CA_coordinates.csv,704,5,0.5,2.13948
pdb2x7s_A_original_CA_coordinates.csv,256,5,0.5,10.3759
pdb5qyn_A_original_CA_coordinates.csv,237,5,0.5,438.949
pdb6cjs_A_original_CA_coordinates.csv,218,5,0.5,28.8364
pdb4y3h_A_original_CA_coordinates.csv,330,5,0.5,15.7724
pdb8asn_A_original_CA_coordinates.csv,426,5,0.5,49.1191
pdb7me9_A_original_CA_coordinates.csv,249,5,0.5,3.64073
pdb5trw_A_original_CA_coordinates.csv,278,5,0.5,177.864
pdb4xob_A_original_CA_coordinates.csv,279,5,0.5,38.4641
pdb5t38_A_original_CA_coordinates.csv,238,5,0.5,25.4429
pdb6wci_A_original_CA_coordinates.csv,400,5,0.5,167.908
pdb4wct_A_original_CA_coordinates.csv,441,5,0.5,283.018
pdb6ss3_A_original_CA_coordinates.csv,305,5,0.5,262.998
pdb6hsa_A_original_CA_coordinates.csv,145,5,0.5,102.319
pdb8q00_A_original_CA_coordinates.csv,295,5,0.5,11.4247
pdb5hzq_A_original_CA_coordinates.csv,139,5,0.5,15.5889
pdb5tny_A_original_CA_coordinates.csv,283,5,0.5,25.3225
pdb6ude_A_original_CA_coordinates.csv,493,5,0.5,13.9567
pdb1b4m_A_original_CA_coordinates.csv,134,5,0.5,7.3364
pdb4kev_A_original_CA_coordinates.csv,313,5,0.5,11.3362
pdb2h4l_X_original_CA_coordinates.csv,454,5,0.5,31.1709
pdb2jj7_A_original_CA_coordinates.csv,177,5,0.5,9.4177
pdb6y0d_A_original_CA_coordinates.csv,214,5,0.5,34.1503
pdb7tbh_A_original_CA_coordinates.csv,243,5,0.5,207.447
pdb5sts_A_original_CA_coordinates.csv,237,5,0.5,68.3588
pdb2z9u_A_original_CA_coordinates.csv,392,5,0.5,472.243
pdb1rch_A_original_CA_coordinates.csv,155,5,0.5,9.5139
pdb6thv_A_original_CA_coordinates.csv,354,5,0.5,80.4448
pdb4jzz_A_original_CA_coordinates.csv,336,5,0.5,86.5547
pdb4k9o_A_original_CA_coordinates.csv,525,5,0.5,27.5701
pdb5sae_A_original_CA_coordinates.csv,348,5,0.5,2.45026
pdb7qbt_A_original_CA_coordinates.csv,411,5,0.5,3.62635
pdb3kzz_A_original_CA_coordinates.csv,158,5,0.5,1.13031
pdb8j16_X_original_CA_coordinates.csv,173,5,0.5,461.464
pdb5v37_A_original_CA_coordinates.csv,424,5,0.5,442.619
pdb5s3i_A_original_CA_coordinates.csv,164,5,0.5,17.6455
pdb8crd_A_original_CA_coordinates.csv,500,5,0.5,935.859
pdb7qcm_A_original_CA_coordinates.csv,314,5,0.5,6.67697
pdb5f60_A_original_CA_coordinates.csv,127,5,0.5,8.62685
pdb4qgf_A_original_CA_coordinates.csv,196,5,0.5,58.7614
pdb6an3_A_original_CA_coordinates.csv,305,5,0.5,13.5784
pdb7tse_A_original_CA_coordinates.csv,411,5,0.5,416.395
pdb6e51_A_original_CA_coordinates.csv,133,5,0.5,5.20649
pdb5vim_A_original_CA_coordinates.csv,261,5,0.5,29.6351
pdb7ncy_A_original_CA_coordinates.csv,126,5,0.5,6.25655
pdb1gwh_A_original_CA_coordinates.csv,498,5,0.5,17.7137
pdb5t4j_B_original_CA_coordinates.csv,360,5,0.5,7.67552
pdb6pp4_A_original_CA_coordinates.csv,404,5,0.5,143.216
pdb7zx2_A_original_CA_coordinates.csv,434,5,0.5,1664.14
pdb4xnu_A_original_CA_coordinates.csv,532,5,0.5,35.4785
pdb4wh9_A_original_CA_coordinates.csv,177,5,0.5,157.763
pdb7uqm_A_original_CA_coordinates.csv,142,5,0.5,12.349
pdb4g7t_A_original_CA_coordinates.csv,212,5,0.5,25.5604
pdb8fgz_A_original_CA_coordinates.csv,243,5,0.5,42.906
pdb4wej_A_original_CA_coordinates.csv,500,5,0.5,97.8856
pdb7ji2_A_original_CA_coordinates.csv,278,5,0.5,10.4935
pdb2ka9_A_original_CA_coordinates.csv,189,5,0.5,1.6576
pdb2y7l_A_original_CA_coordinates.csv,312,5,0.5,50.3402
pdb4yt9_A_original_CA_coordinates.csv,418,5,0.5,25.0386
pdb4hxa_L_original_CA_coordinates.csv,213,5,0.5,36.8754
pdb4uin_H_original_CA_coordinates.csv,221,5,0.5,27.5703
pdb3baa_A_original_CA_coordinates.csv,312,5,0.5,9.26666
pdb7wg3_A_original_CA_coordinates.csv,213,5,0.5,45.0052
pdb7vjx_A_original_CA_coordinates.csv,300,5,0.5,3.35718
pdb5qz8_A_original_CA_coordinates.csv,237,5,0.5,19.889
pdb5i9u_A_original_CA_coordinates.csv,281,5,0.5,1.89186
pdb2zse_A_original_CA_coordinates.csv,307,5,0.5,22.9627
pdb2x38_A_original_CA_coordinates.csv,822,5,0.5,0.867644
pdb5ti0_A_original_CA_coordinates.csv,257,5,0.5,122.586
pdb4q0w_A_original_CA_coordinates.csv,316,5,0.5,32.9922
pdb3ood_A_original_CA_coordinates.csv,328,5,0.5,31.5256
pdb6kgu_A_original_CA_coordinates.csv,448,5,0.5,36.6932
pdb5fnh_A_original_CA_coordinates.csv,257,5,0.5,170.517
pdb3imf_A_original_CA_coordinates.csv,238,5,0.5,11.5488
pdb6tl3_A_original_CA_coordinates.csv,227,5,0.5,9.39862
pdb6cbr_A_original_CA_coordinates.csv,144,5,0.5,5.04117
pdb8gsj_A_original_CA_coordinates.csv,336,5,0.5,4.67208
pdb7zjp_A_original_CA_coordinates.csv,215,5,0.5,7.38447
pdb5hwq_A_original_CA_coordinates.csv,417,5,0.5,0.703426
pdb4mho_A_original_CA_coordinates.csv,806,5,0.5,0.921305
pdb4qa5_A_original_CA_coordinates.csv,364,5,0.5,34.3151
pdb7jz5_A_original_CA_coordinates.csv,134,5,0.5,73.83
pdb3e29_A_original_CA_coordinates.csv,128,5,0.5,22.3242
pdb5q2p_A_original_CA_coordinates.csv,341,5,0.5,43.9493
pdb4o8q_A_original_CA_coordinates.csv,242,5,0.5,60.8932
pdb6ep7_A_original_CA_coordinates.csv,210,5,0.5,10.0525
pdb2gq2_A_original_CA_coordinates.csv,238,5,0.5,105.436
pdb5cp1_A_original_CA_coordinates.csv,245,5,0.5,162.932
pdb7suw_A_original_CA_coordinates.csv,257,5,0.5,8.49104
pdb3cav_A_original_CA_coordinates.csv,325,5,0.5,68.055
pdb1vl4_A_original_CA_coordinates.csv,428,5,0.5,244.018
pdb3rwl_A_original_CA_coordinates.csv,404,5,0.5,137.143
pdb8avn_A_original_CA_coordinates.csv,202,5,0.5,11.4473
pdb5r17_A_original_CA_coordinates.csv,237,5,0.5,22.5223
pdb8dxh_A_original_CA_coordinates.csv,556,5,0.5,72.2872
pdb5a0y_A_original_CA_coordinates.csv,542,5,0.5,12.3604
pdb1g03_A_original_CA_coordinates.csv,134,5,0.5,95.5292
pdb8e7q_A_original_CA_coordinates.csv,138,5,0.5,26.3284
pdb5v8s_A_original_CA_coordinates.csv,399,5,0.5,78.0386
pdb4de2_A_original_CA_coordinates.csv,260,5,0.5,140.568
pdb5v2w_A_original_CA_coordinates.csv,166,5,0.5,0.528452
pdb4nqx_A_original_CA_coordinates.csv,274,5,0.5,9.16821
pdb4ehc_A_original_CA_coordinates.csv,275,5,0.5,0.477271
pdb6loy_A_original_CA_coordinates.csv,246,5,0.5,4.88912
pdb7pa4_A_original_CA_coordinates.csv,524,5,0.5,166.395
pdb5sig_A_original_CA_coordinates.csv,312,5,0.5,31.2921
pdb6jyv_A_original_CA_coordinates.csv,329,5,0.5,11.3574
pdb3rlh_A_original_CA_coordinates.csv,277,5,0.5,39.6196
pdb3ca3_A_original_CA_coordinates.csv,257,5,0.5,62.3823
pdb6jbe_A_original_CA_coordinates.csv,404,5,0.5,1242.71
pdb6l4p_A_original_CA_coordinates.csv,195,5,0.5,31.5507
pdb3w7l_A_original_CA_coordinates.csv,313,5,0.5,140.324
pdb6zm2_A_original_CA_coordinates.csv,626,5,0.5,2.98695
pdb7vzp_A_original_CA_coordinates.csv,565,5,0.5,51.1041
pdb3itp_A_original_CA_coordinates.csv,129,5,0.5,51.7863
pdb8cou_A_original_CA_coordinates.csv,413,5,0.5,293.539
pdb4d3j_A_original_CA_coordinates.csv,362,5,0.5,333.312
pdb6vmx_A_original_CA_coordinates.csv,276,5,0.5,33.5749
pdb6pnd_A_original_CA_coordinates.csv,414,5,0.5,34.8229
pdb7sg5_H_original_CA_coordinates.csv,213,5,0.5,33.2863
pdb5hph_A_original_CA_coordinates.csv,482,5,0.5,413.178
pdb4izo_A_original_CA_coordinates.csv,376,5,0.5,43.632
pdb6uqz_A_original_CA_coordinates.csv,287,5,0.5,50.7993
pdb5clh_A_original_CA_coordinates.csv,159,5,0.5,12.6877
pdb5d0g_A_original_CA_coordinates.csv,162,5,0.5,142.438
pdb2pnw_A_original_CA_coordinates.csv,354,5,0.5,2005.77
pdb3rja_A_original_CA_coordinates.csv,473,5,0.5,9.13786
pdb8bxh_A_original_CA_coordinates.csv,298,5,0.5,11.7299
pdb5qr3_B_original_CA_coordinates.csv,428,5,0.5,39.5508
pdb8f5n_A_original_CA_coordinates.csv,282,5,0.5,115.995
pdb2qoc_A_original_CA_coordinates.csv,283,5,0.5,9.62346
pdb3e8s_A_original_CA_coordinates.csv,216,5,0.5,55.2088
pdb2zl5_A_original_CA_coordinates.csv,289,5,0.5,8.86776
pdb6p6z_A_original_CA_coordinates.csv,158,5,0.5,42.8425
pdb5nxi_A_original_CA_coordinates.csv,259,5,0.5,29.7066
pdb4ru1_A_original_CA_coordinates.csv,288,5,0.5,86.9223
pdb3ecp_A_original_CA_coordinates.csv,458,5,0.5,60.8392
pdb6mt6_A_original_CA_coordinates.csv,276,5,0.5,88.2715
pdb8dsd_A_original_CA_coordinates.csv,467,5,0.5,14.6364
pdb5ucs_A_original_CA_coordinates.csv,290,5,0.5,32.4206
pdb8swr_A_original_CA_coordinates.csv,295,5,0.5,93.4351
pdb9av7_A_original_CA_coordinates.csv,304,5,0.5,6.49703
pdb2ypo_A_original_CA_coordinates.csv,458,5,0.5,69.0016
pdb7bv3_A_original_CA_coordinates.csv,457,5,0.5,338.506
pdb3mhu_A_original_CA_coordinates.csv,307,5,0.5,65.1692
pdb6dp1_A_original_CA_coordinates.csv,135,5,0.5,0.364551
pdb4jft_A_original_CA_coordinates.csv,438,5,0.5,100.67
pdb7die_A_original_CA_coordinates.csv,164,5,0.5,2.88929
pdb8szs_A_original_CA_coordinates.csv,856,5,0.5,4.81714
pdb5uzp_A_original_CA_coordinates.csv,436,5,0.5,63.9788
pdb3ks6_A_original_CA_coordinates.csv,241,5,0.5,11.4398
pdb5pik_A_original_CA_coordinates.csv,331,5,0.5,14.8888
pdb5j2j_A_original_CA_coordinates.csv,326,5,0.5,2.38859
pdb6nnc_A_original_CA_coordinates.csv,159,5,0.5,21.5273
pdb5g39_A_original_CA_coordinates.csv,172,5,0.5,172.947
pdb5rdl_A_original_CA_coordinates.csv,330,5,0.5,150.713
pdb5lgx_A_original_CA_coordinates.csv,363,5,0.5,23.3221
pdb2x7c_A_original_CA_coordinates.csv,332,5,0.5,22.5454
pdb3uhb_A_original_CA_coordinates.csv,145,5,0.5,5.42487
pdb4h4j_A_original_CA_coordinates.csv,229,5,0.5,564.794
pdb6rez_A_original_CA_coordinates.csv,273,5,0.5,150.529
pdb7dqt_A_original_CA_coordinates.csv,154,5,0.5,4.95726
pdb4jr2_A_original_CA_coordinates.csv,224,5,0.5,12.5418
pdb5cty_A_original_CA_coordinates.csv,192,5,0.5,30.194
pdb4liz_A_original_CA_coordinates.csv,137,5,0.5,27.8594
pdb2l9n_A_original_CA_coordinates.csv,250,5,0.5,6.75148
pdb8coz_A_original_CA_coordinates.csv,335,5,0.5,18.2434
pdb3h22_A_original_CA_coordinates.csv,261,5,0.5,20.0828
pdb5bxy_A_original_CA_coordinates.csv,152,5,0.5,1.23359
pdb4ohw_A_original_CA_coordinates.csv,399,5,0.5,46.8831
pdb6h6i_A_original_CA_coordinates.csv,144,5,0.5,4.60457
pdb8r95_A_original_CA_coordinates.csv,152,5,0.5,1.32229
pdb2i5z_O_original_CA_coordinates.csv,246,5,0.5,171.175
pdb3uqp_A_original_CA_coordinates.csv,370,5,0.5,4.68652
pdb6lko_A_original_CA_coordinates.csv,408,5,0.5,71.9976
pdb2pev_A_original_CA_coordinates.csv,316,5,0.5,19.7483
pdb7jvu_A_original_CA_coordinates.csv,365,5,0.5,6.03231
pdb5o1h_A_original_CA_coordinates.csv,196,5,0.5,116.976
pdb3u41_A_original_CA_coordinates.csv,204,5,0.5,40.8639
pdb7yxe_A_original_CA_coordinates.csv,148,5,0.5,10.8346
pdb5pws_A_original_CA_coordinates.csv,178,5,0.5,16.8332
pdb3prp_A_original_CA_coordinates.csv,161,5,0.5,1.15986
pdb4df1_A_original_CA_coordinates.csv,199,5,0.5,10.7426
pdb4f0l_A_original_CA_coordinates.csv,448,5,0.5,5.46581
pdb2rke_A_original_CA_coordinates.csv,612,5,0.5,21.1657
pdb4lc4_A_original_CA_coordinates.csv,320,5,0.5,89.0654
pdb6ydx_A_original_CA_coordinates.csv,856,5,0.5,4.56475
pdb2osm_A_original_CA_coordinates.csv,258,5,0.5,13.3248
pdb7zp7_A_original_CA_coordinates.csv,305,5,0.5,74.3427
pdb7kvo_A_original_CA_coordinates.csv,457,5,0.5,46.2796
pdb3bq9_A_original_CA_coordinates.csv,446,5,0.5,19.5718
pdb6cia_A_original_CA_coordinates.csv,284,5,0.5,4.38648
pdb3pp4_H_original_CA_coordinates.csv,220,5,0.5,58.607
pdb3zl4_H_original_CA_coordinates.csv,231,5,0.5,157.502
pdb4j5u_A_original_CA_coordinates.csv,419,5,0.5,29.8203
pdb5pi5_A_original_CA_coordinates.csv,331,5,0.5,135.817
pdb7x2m_E_original_CA_coordinates.csv,196,5,0.5,61.1931
pdb4uzq_A_original_CA_coordinates.csv,355,5,0.5,6.78445
pdb3v0j_A_original_CA_coordinates.csv,319,5,0.5,36.5456
pdb4n0h_A_original_CA_coordinates.csv,446,5,0.5,11.5362
pdb8oge_A_original_CA_coordinates.csv,257,5,0.5,4.90563
pdb7z8n_A_original_CA_coordinates.csv,286,5,0.5,7.72806
pdb6iyy_A_original_CA_coordinates.csv,312,5,0.5,19.3368
pdb2qei_A_original_CA_coordinates.csv,511,5,0.5,0.666214
pdb6blf_A_original_CA_coordinates.csv,348,5,0.5,90.4603
pdb5hvn_A_original_CA_coordinates.csv,354,5,0.5,32.05
pdb3q67_A_original_CA_coordinates.csv,316,5,0.5,11.3054
pdb5s88_A_original_CA_coordinates.csv,283,5,0.5,3.16809
pdb2lpc_A_original_CA_coordinates.csv,185,5,0.5,0.660382
pdb8dxg_A_original_CA_coordinates.csv,556,5,0.5,398.211
pdb5mnp_A_original_CA_coordinates.csv,220,5,0.5,33.1386
pdb3fa2_A_original_CA_coordinates.csv,203,5,0.5,37.9748
pdb1eye_A_original_CA_coordinates.csv,256,5,0.5,15.236
pdb4nif_A_original_CA_coordinates.csv,313,5,0.5,43.0778
pdb6tcu_A_original_CA_coordinates.csv,349,5,0.5,66.4778
pdb6d1j_A_original_CA_coordinates.csv,229,5,0.5,206.712
pdb4dzu_A_original_CA_coordinates.csv,188,5,0.5,23.4891
pdb8as7_A_original_CA_coordinates.csv,1575,5,0.5,19.0248
pdb5jep_B_original_CA_coordinates.csv,258,5,0.5,10.2739
pdb3oc8_A_original_CA_coordinates.csv,134,5,0.5,1.14808
pdb5th2_A_original_CA_coordinates.csv,213,5,0.5,19.8824
pdb5tfb_A_original_CA_coordinates.csv,215,5,0.5,7.65385
pdb5mbc_A_original_CA_coordinates.csv,342,5,0.5,0.245072
pdb4rw4_A_original_CA_coordinates.csv,538,5,0.5,248.87
pdb3hn5_A_original_CA_coordinates.csv,199,5,0.5,26.6767
pdb5lwx_A_original_CA_coordinates.csv,554,5,0.5,51.6828
pdb5fmr_A_original_CA_coordinates.csv,242,5,0.5,76.4216
pdb6w39_A_original_CA_coordinates.csv,374,5,0.5,84.2109
pdb2y6r_A_original_CA_coordinates.csv,366,5,0.5,33.4641
pdb5r19_A_original_CA_coordinates.csv,237,5,0.5,256.379
pdb8fgs_A_original_CA_coordinates.csv,401,5,0.5,97.5242
pdb5dr1_A_original_CA_coordinates.csv,330,5,0.5,6.11441
pdb5d2r_A_original_CA_coordinates.csv,420,5,0.5,130.101
pdb2vqp_A_original_CA_coordinates.csv,254,5,0.5,56.2631
pdb5lqd_A_original_CA_coordinates.csv,446,5,0.5,45.3423
pdb6svu_A_original_CA_coordinates.csv,220,5,0.5,0.114632
pdb7m1z_A_original_CA_coordinates.csv,358,5,0.5,228.287
pdb4j5q_A_original_CA_coordinates.csv,146,5,0.5,1.41528
pdb7l1z_A_original_CA_coordinates.csv,221,5,0.5,77.9302
pdb2gzo_A_original_CA_coordinates.csv,187,5,0.5,22.9214
pdb5qow_A_original_CA_coordinates.csv,149,5,0.5,102.27
pdb7zy9_A_original_CA_coordinates.csv,303,5,0.5,2.69502
pdb3pzb_A_original_CA_coordinates.csv,357,5,0.5,36.7682
pdb7sv4_A_original_CA_coordinates.csv,170,5,0.5,0.315895
pdb8fll_A_original_CA_coordinates.csv,264,5,0.5,98.4443
pdb6tyk_A_original_CA_coordinates.csv,185,5,0.5,146.329
pdb6toy_A_original_CA_coordinates.csv,481,5,0.5,4.69527
pdb4d8b_A_original_CA_coordinates.csv,254,5,0.5,573.373
pdb5o2n_A_original_CA_coordinates.csv,564,5,0.5,94.2553
pdb7qcb_A_original_CA_coordinates.csv,240,5,0.5,48.431
pdb6lj6_A_original_CA_coordinates.csv,229,5,0.5,89.6226
pdb3p5g_A_original_CA_coordinates.csv,128,5,0.5,3.03
pdb2a40_A_original_CA_coordinates.csv,361,5,0.5,99.8992
pdb4y6g_A_original_CA_coordinates.csv,257,5,0.5,41.728
pdb6sf8_A_original_CA_coordinates.csv,361,5,0.5,23.1011
pdb3uwd_A_original_CA_coordinates.csv,380,5,0.5,11.8818
pdb4jld_A_original_CA_coordinates.csv,203,5,0.5,39.1096
pdb5k45_A_original_CA_coordinates.csv,328,5,0.5,313.952
pdb8r8i_A_original_CA_coordinates.csv,152,5,0.5,13.868
pdb4brq_A_original_CA_coordinates.csv,359,5,0.5,113.863
pdb5fsn_A_original_CA_coordinates.csv,154,5,0.5,7.98293
pdb5ufg_A_original_CA_coordinates.csv,464,5,0.5,956.534
pdb5e5h_A_original_CA_coordinates.csv,510,5,0.5,156.047
pdb8rnv_A_original_CA_coordinates.csv,129,5,0.5,21.0109
pdb6uwq_A_original_CA_coordinates.csv,163,5,0.5,26.2617
pdb5eh8_A_original_CA_coordinates.csv,258,5,0.5,6.39755
pdb8f9s_H_original_CA_coordinates.csv,216,5,0.5,37.542
pdb2vfe_A_original_CA_coordinates.csv,247,5,0.5,262.149
pdb3bcb_A_original_CA_coordinates.csv,444,5,0.5,21.339
pdb6igy_A_original_CA_coordinates.csv,391,5,0.5,74.248
pdb3oo5_A_original_CA_coordinates.csv,140,5,0.5,0.0941155
pdb7tqe_A_original_CA_coordinates.csv,273,5,0.5,21.2422
pdb4cbx_A_original_CA_coordinates.csv,358,5,0.5,19.7465
pdb6g6p_A_original_CA_coordinates.csv,318,5,0.5,34.9641
pdb4e5w_A_original_CA_coordinates.csv,292,5,0.5,152.135
pdb7fiv_A_original_CA_coordinates.csv,408,5,0.5,96.0675
pdb3dn2_A_original_CA_coordinates.csv,164,5,0.5,21.6303
pdb5hq8_A_original_CA_coordinates.csv,426,5,0.5,1.24519
pdb2oh5_A_original_CA_coordinates.csv,247,5,0.5,12.8391
pdb1yb7_A_original_CA_coordinates.csv,256,5,0.5,107.879
pdb6b1m_B_original_CA_coordinates.csv,378,5,0.5,48.8516
pdb6ri6_A_original_CA_coordinates.csv,497,5,0.5,20.6552
pdb4j89_A_original_CA_coordinates.csv,228,5,0.5,17.6851
pdb4cp8_A_original_CA_coordinates.csv,448,5,0.5,14.4562
pdb2w4j_A_original_CA_coordinates.csv,276,5,0.5,24.9792
pdb4eiu_A_original_CA_coordinates.csv,238,5,0.5,137.897
pdb3ek3_A_original_CA_coordinates.csv,184,5,0.5,17.492
pdb3kkn_A_original_CA_coordinates.csv,166,5,0.5,37.426
pdb4mzk_A_original_CA_coordinates.csv,142,5,0.5,3.94124
pdb1o1w_A_original_CA_coordinates.csv,138,5,0.5,24.536
pdb7cml_A_original_CA_coordinates.csv,334,5,0.5,18.0667
pdb6xrv_A_original_CA_coordinates.csv,269,5,0.5,77.6623
pdb3sbq_A_original_CA_coordinates.csv,581,5,0.5,0.206984
pdb5zp1_A_original_CA_coordinates.csv,619,5,0.5,56.9478
pdb1i1w_A_original_CA_coordinates.csv,302,5,0.5,8.00405
pdb6nec_A_original_CA_coordinates.csv,287,5,0.5,53.9788
pdb5obi_A_original_CA_coordinates.csv,445,5,0.5,12.7707
pdb4mst_A_original_CA_coordinates.csv,241,5,0.5,35.9433
pdb7kxl_A_original_CA_coordinates.csv,267,5,0.5,67.1662
pdb5q5d_A_original_CA_coordinates.csv,341,5,0.5,887.981
pdb7kz6_A_original_CA_coordinates.csv,438,5,0.5,10.0227
pdb3hn4_A_original_CA_coordinates.csv,256,5,0.5,54.2567
pdb6b9h_A_original_CA_coordinates.csv,151,5,0.5,32.0769
pdb6wtp_A_original_CA_coordinates.csv,274,5,0.5,5.89586
pdb7g03_A_original_CA_coordinates.csv,133,5,0.5,44.1828
pdb5nqf_A_original_CA_coordinates.csv,298,5,0.5,187.526
pdb6gqu_A_original_CA_coordinates.csv,232,5,0.5,277.365
pdb2l0i_A_original_CA_coordinates.csv,136,5,0.5,29.9026
pdb5sh7_A_original_CA_coordinates.csv,312,5,0.5,95.5994
pdb2y2v_A_original_CA_coordinates.csv,530,5,0.5,4.82477
pdb1v06_A_original_CA_coordinates.csv,138,5,0.5,10.8805
pdb3tid_A_original_CA_coordinates.csv,277,5,0.5,81.4001
pdb2m2a_A_original_CA_coordinates.csv,148,5,0.5,15.8346
pdb7g91_A_original_CA_coordinates.csv,178,5,0.5,2.4091
pdb6s0u_A_original_CA_coordinates.csv,276,5,0.5,104.464
pdb5vl0_A_original_CA_coordinates.csv,374,5,0.5,23.4331
pdb7rzk_A_original_CA_coordinates.csv,208,5,0.5,1.952
pdb7g9j_A_original_CA_coordinates.csv,178,5,0.5,58.3
pdb5uwo_A_original_CA_coordinates.csv,205,5,0.5,21.4273
pdb4mp3_A_original_CA_coordinates.csv,321,5,0.5,16.1853
pdb3bhg_A_original_CA_coordinates.csv,437,5,0.5,50.2592
pdb4u0j_A_original_CA_coordinates.csv,268,5,0.5,6.17677
pdb4fj7_A_original_CA_coordinates.csv,901,5,0.5,9.19446
pdb6q50_A_original_CA_coordinates.csv,318,5,0.5,1.26961
pdb5szt_A_original_CA_coordinates.csv,540,5,0.5,169.774
pdb4lmw_A_original_CA_coordinates.csv,250,5,0.5,108.691
pdb8a1b_A_original_CA_coordinates.csv,295,5,0.5,161.932
pdb7g96_A_original_CA_coordinates.csv,178,5,0.5,2.90406
pdb3n61_A_original_CA_coordinates.csv,407,5,0.5,11.739
pdb6en5_A_original_CA_coordinates.csv,605,5,0.5,4.75626
pdb5sdb_A_original_CA_coordinates.csv,186,5,0.5,4.7078
pdb7oul_A_original_CA_coordinates.csv,1032,5,0.5,0.923642
pdb3ct5_A_original_CA_coordinates.csv,159,5,0.5,87.344
pdb5am2_A_original_CA_coordinates.csv,537,5,0.5,225.379
pdb3b4w_A_original_CA_coordinates.csv,483,5,0.5,23.576
pdb5s3f_A_original_CA_coordinates.csv,165,5,0.5,1.21454
pdb4ix6_A_original_CA_coordinates.csv,346,5,0.5,57.0127
pdb1irp_A_original_CA_coordinates.csv,153,5,0.5,2.86718
pdb4yjt_A_original_CA_coordinates.csv,268,5,0.5,15.6772
pdb4f64_A_original_CA_coordinates.csv,278,5,0.5,50.3694
pdb7lub_A_original_CA_coordinates.csv,460,5,0.5,67.9043
pdb1x53_A_original_CA_coordinates.csv,145,5,0.5,2.00936
pdb5w80_A_original_CA_coordinates.csv,453,5,0.5,39.8706
pdb6jiz_A_original_CA_coordinates.csv,293,5,0.5,1.27623
pdb5fvp_A_original_CA_coordinates.csv,407,5,0.5,46.6893
pdb5r1t_A_original_CA_coordinates.csv,330,5,0.5,78.335
pdb4x12_A_original_CA_coordinates.csv,257,5,0.5,52.1709
pdb5n9x_A_original_CA_coordinates.csv,489,5,0.5,1.75299
pdb7l2f_A_original_CA_coordinates.csv,1088,5,0.5,51.189
pdb7q6n_A_original_CA_coordinates.csv,197,5,0.5,11.1574
pdb5nin_B_original_CA_coordinates.csv,141,5,0.5,103.089
pdb2wfz_A_original_CA_coordinates.csv,532,5,0.5,94.7391
pdb5mgi_A_original_CA_coordinates.csv,264,5,0.5,17.9805
pdb5emk_A_original_CA_coordinates.csv,625,5,0.5,91.462
pdb5k1l_A_original_CA_coordinates.csv,137,5,0.5,1.8171
pdb4g89_A_original_CA_coordinates.csv,233,5,0.5,20.5969
pdb4uac_A_original_CA_coordinates.csv,383,5,0.5,42.634
pdb4l3n_A_original_CA_coordinates.csv,209,5,0.5,9.23472
pdb7z57_A_original_CA_coordinates.csv,581,5,0.5,0.461801
pdb3atb_A_original_CA_coordinates.csv,196,5,0.5,34.7689
pdb1rky_A_original_CA_coordinates.csv,734,5,0.5,60.7737
pdb4r8x_A_original_CA_coordinates.csv,315,5,0.5,179.043
pdb3zo3_A_original_CA_coordinates.csv,337,5,0.5,93.7549
pdb7skw_A_original_CA_coordinates.csv,129,5,0.5,0.107922
pdb7nnx_A_original_CA_coordinates.csv,240,5,0.5,185.943
pdb1e4d_A_original_CA_coordinates.csv,242,5,0.5,42.8341
pdb3o1t_A_original_CA_coordinates.csv,202,5,0.5,198.141
pdb1rkt_A_original_CA_coordinates.csv,201,5,0.5,23.6218
pdb5eif_A_original_CA_coordinates.csv,256,5,0.5,88.5892
pdb4g0i_A_original_CA_coordinates.csv,327,5,0.5,6.27257
pdb2h8m_A_original_CA_coordinates.csv,215,5,0.5,29.7624
pdb6n6l_A_original_CA_coordinates.csv,348,5,0.5,194.959
pdb8one_A_original_CA_coordinates.csv,696,5,0.5,12.2559
pdb5rh0_A_original_CA_coordinates.csv,304,5,0.5,95.8068
pdb4y4x_A_original_CA_coordinates.csv,330,5,0.5,2.51531
pdb5cf1_A_original_CA_coordinates.csv,139,5,0.5,51.0725
pdb2kxv_A_original_CA_coordinates.csv,174,5,0.5,47.7119
pdb2yv9_A_original_CA_coordinates.csv,285,5,0.5,11.0814
pdb7ak3_A_original_CA_coordinates.csv,337,5,0.5,12.5075
pdb5njq_A_original_CA_coordinates.csv,129,5,0.5,9.8736
pdb2hib_X_original_CA_coordinates.csv,274,5,0.5,162.432
pdb7c0o_A_original_CA_coordinates.csv,397,5,0.5,6.17407
pdb4xo8_A_original_CA_coordinates.csv,158,5,0.5,115.69
pdb4kxq_A_original_CA_coordinates.csv,279,5,0.5,7.26256
pdb3bfm_A_original_CA_coordinates.csv,225,5,0.5,18.1369
pdb7f6f_A_original_CA_coordinates.csv,337,5,0.5,14.0853
pdb5nr8_A_original_CA_coordinates.csv,377,5,0.5,27.9907
pdb5m60_A_original_CA_coordinates.csv,754,5,0.5,16.734
pdb4be5_A_original_CA_coordinates.csv,224,5,0.5,93.7733
pdb4m1j_C_original_CA_coordinates.csv,548,5,0.5,139.476
pdb6xuq_A_original_CA_coordinates.csv,514,5,0.5,8.13866
pdb5ot5_A_original_CA_coordinates.csv,326,5,0.5,20.2026
pdb8dpq_A_original_CA_coordinates.csv,262,5,0.5,20.9343
pdb2mbc_A_original_CA_coordinates.csv,162,5,0.5,68.5713
pdb8adc_B_original_CA_coordinates.csv,201,5,0.5,4.18851
pdb3kv6_A_original_CA_coordinates.csv,447,5,0.5,46.0407
pdb3g3k_A_original_CA_coordinates.csv,254,5,0.5,71.0139
pdb8pd6_A_original_CA_coordinates.csv,181,5,0.5,10.9039
pdb4rjx_A_original_CA_coordinates.csv,425,5,0.5,689.624
pdb5nrm_A_original_CA_coordinates.csv,141,5,0.5,93.146
pdb2d9j_A_original_CA_coordinates.csv,139,5,0.5,12.8571
pdb6rg7_A_original_CA_coordinates.csv,257,5,0.5,5.82951
pdb3it2_A_original_CA_coordinates.csv,329,5,0.5,7.3441
pdb6s3c_A_original_CA_coordinates.csv,229,5,0.5,27.6339
pdb5mzr_A_original_CA_coordinates.csv,311,5,0.5,1033.06
pdb6fqz_A_original_CA_coordinates.csv,468,5,0.5,1104.2
pdb3o5c_A_original_CA_coordinates.csv,308,5,0.5,6.45374
pdb2fr2_A_original_CA_coordinates.csv,161,5,0.5,3.25256
pdb5y53_A_original_CA_coordinates.csv,132,5,0.5,12.8117
pdb8gfn_A_original_CA_coordinates.csv,301,5,0.5,26.7705
pdb5pio_A_original_CA_coordinates.csv,331,5,0.5,10.2011
pdb6t6y_A_original_CA_coordinates.csv,253,5,0.5,9.90209
pdb4xbk_A_original_CA_coordinates.csv,217,5,0.5,1.71039
pdb6jmp_A_original_CA_coordinates.csv,469,5,0.5,471.899
pdb7ker_A_original_CA_coordinates.csv,250,5,0.5,9.04128
pdb3k5j_A_original_CA_coordinates.csv,178,5,0.5,6.25919
pdb7tl3_A_original_CA_coordinates.csv,184,5,0.5,2.26876
pdb3pxw_A_original_CA_coordinates.csv,354,5,0.5,74.4659
pdb4nc5_A_original_CA_coordinates.csv,354,5,0.5,45.9486
pdb5n02_A_original_CA_coordinates.csv,262,5,0.5,0.223949
pdb6hrg_A_original_CA_coordinates.csv,233,5,0.5,1.79663
pdb7dvk_A_original_CA_coordinates.csv,163,5,0.5,101.247
pdb2hrm_A_original_CA_coordinates.csv,137,5,0.5,104.517
pdb4jla_A_original_CA_coordinates.csv,203,5,0.5,3.48018
pdb3a96_A_original_CA_coordinates.csv,129,5,0.5,0.720517
pdb6fae_A_original_CA_coordinates.csv,335,5,0.5,180.811
pdb7mzr_A_original_CA_coordinates.csv,192,5,0.5,46.0378
pdb3l0g_A_original_CA_coordinates.csv,272,5,0.5,2.78158
pdb5pkt_A_original_CA_coordinates.csv,331,5,0.5,129.787
pdb3uny_A_original_CA_coordinates.csv,391,5,0.5,13.3933
pdb4zx0_A_original_CA_coordinates.csv,257,5,0.5,736.428
pdb5ska_A_original_CA_coordinates.csv,312,5,0.5,308.924
pdb4uvn_A_original_CA_coordinates.csv,209,5,0.5,11.9785
pdb7s0l_A_original_CA_coordinates.csv,304,5,0.5,111.039
pdb2w3w_A_original_CA_coordinates.csv,164,5,0.5,28.911
pdb4exl_A_original_CA_coordinates.csv,261,5,0.5,2.52902
pdb5zma_B_original_CA_coordinates.csv,253,5,0.5,10.6075
pdb4gtr_A_original_CA_coordinates.csv,315,5,0.5,100.032
pdb5sgv_A_original_CA_coordinates.csv,311,5,0.5,89.89
pdb5c4z_A_original_CA_coordinates.csv,129,5,0.5,7.35875
pdb6n97_A_original_CA_coordinates.csv,260,5,0.5,32.8726
pdb5hgn_A_original_CA_coordinates.csv,205,5,0.5,6.63742
pdb8bj1_A_original_CA_coordinates.csv,358,5,0.5,10.421
pdb3kvm_A_original_CA_coordinates.csv,366,5,0.5,117.003
pdb5e2c_A_original_CA_coordinates.csv,129,5,0.5,86.4975
pdb2x63_A_original_CA_coordinates.csv,258,5,0.5,3.12436
pdb2pke_A_original_CA_coordinates.csv,228,5,0.5,13.1115
pdb8d3v_A_original_CA_coordinates.csv,960,5,0.5,0.339414
pdb3ozf_A_original_CA_coordinates.csv,233,5,0.5,2.60408
pdb7t5e_A_original_CA_coordinates.csv,223,5,0.5,152.884
pdb7z1y_A_original_CA_coordinates.csv,195,5,0.5,9.23413
pdb7avt_A_original_CA_coordinates.csv,466,5,0.5,645.697
pdb4att_A_original_CA_coordinates.csv,158,5,0.5,0.59004
pdb4x9s_A_original_CA_coordinates.csv,241,5,0.5,106.849
pdb4e17_A_original_CA_coordinates.csv,246,5,0.5,16.8737
pdb2q7i_A_original_CA_coordinates.csv,241,5,0.5,40.2162
pdb4ejm_A_original_CA_coordinates.csv,339,5,0.5,27.235
pdb1tf9_A_original_CA_coordinates.csv,275,5,0.5,20.7187
pdb3olp_A_original_CA_coordinates.csv,543,5,0.5,63.7503
pdb6mss_A_original_CA_coordinates.csv,181,5,0.5,158.108
pdb5ucr_A_original_CA_coordinates.csv,271,5,0.5,66.8515
pdb7axx_A_original_CA_coordinates.csv,309,5,0.5,17.723
pdb5k4j_A_original_CA_coordinates.csv,282,5,0.5,14.4712
pdb6x5h_A_original_CA_coordinates.csv,467,5,0.5,1.3879
pdb6cbn_A_original_CA_coordinates.csv,409,5,0.5,69.7282
pdb3it5_A_original_CA_coordinates.csv,182,5,0.5,11.9266
pdb6kqf_A_original_CA_coordinates.csv,231,5,0.5,13.045
pdb6o3k_L_original_CA_coordinates.csv,213,5,0.5,52.3832
pdb2hej_A_original_CA_coordinates.csv,318,5,0.5,6.19549
pdb4g7p_A_original_CA_coordinates.csv,213,5,0.5,22.6218
pdb4jjj_A_original_CA_coordinates.csv,636,5,0.5,332.714
pdb3r17_B_original_CA_coordinates.csv,257,5,0.5,238.109
pdb5i6o_A_original_CA_coordinates.csv,332,5,0.5,214.699
pdb8gv3_A_original_CA_coordinates.csv,373,5,0.5,47.8404
pdb4uav_A_original_CA_coordinates.csv,246,5,0.5,114.396
pdb7p4l_A_original_CA_coordinates.csv,477,5,0.5,11.3649
pdb4fp3_A_original_CA_coordinates.csv,658,5,0.5,2.06381
pdb3sr3_A_original_CA_coordinates.csv,333,5,0.5,151.827
pdb6yw4_A_original_CA_coordinates.csv,210,5,0.5,190.445
pdb3tar_A_original_CA_coordinates.csv,580,5,0.5,85.5693
pdb6ia1_A_original_CA_coordinates.csv,295,5,0.5,74.1483
pdb6s67_A_original_CA_coordinates.csv,223,5,0.5,372.191
pdb2bw9_M_original_CA_coordinates.csv,153,5,0.5,27.3067
pdb3dx3_A_original_CA_coordinates.csv,1015,5,0.5,12.3848
pdb7n3v_A_original_CA_coordinates.csv,266,5,0.5,8.55494
pdb5eqc_A_original_CA_coordinates.csv,426,5,0.5,11.1894
pdb8g9d_A_original_CA_coordinates.csv,135,5,0.5,7.79867
pdb6thm_A_original_CA_coordinates.csv,364,5,0.5,106.514
pdb5tgd_A_original_CA_coordinates.csv,249,5,0.5,3.28814
pdb2y5z_A_original_CA_coordinates.csv,393,5,0.5,213.66
pdb4ee6_A_original_CA_coordinates.csv,280,5,0.5,67.3849
pdb6cam_A_original_CA_coordinates.csv,351,5,0.5,534.355
pdb3frs_A_original_CA_coordinates.csv,175,5,0.5,27.796
pdb6wcp_A_original_CA_coordinates.csv,440,5,0.5,638.915
pdb5myd_A_original_CA_coordinates.csv,160,5,0.5,40.8388
pdb5swa_A_original_CA_coordinates.csv,448,5,0.5,99.6718
pdb4gfq_A_original_CA_coordinates.csv,186,5,0.5,9.62464
pdb7fn3_A_original_CA_coordinates.csv,237,5,0.5,48.2233
pdb1w5n_A_original_CA_coordinates.csv,322,5,0.5,7.22839
pdb7b4d_A_original_CA_coordinates.csv,197,5,0.5,313.207
pdb3gs9_A_original_CA_coordinates.csv,300,5,0.5,1.75145
pdb6lx8_A_original_CA_coordinates.csv,264,5,0.5,18.2851
pdb5dem_A_original_CA_coordinates.csv,257,5,0.5,21.8757
pdb6q7r_A_original_CA_coordinates.csv,228,5,0.5,22.8598
pdb6nvf_A_original_CA_coordinates.csv,227,5,0.5,45.0108
pdb4g7a_A_original_CA_coordinates.csv,224,5,0.5,22.8775
pdb7owm_A_original_CA_coordinates.csv,392,5,0.5,75.5052
pdb5fr0_A_original_CA_coordinates.csv,576,5,0.5,15.7734
pdb5scp_A_original_CA_coordinates.csv,168,5,0.5,12.4004
pdb7tpv_A_original_CA_coordinates.csv,277,5,0.5,25.0153
pdb4wqj_A_original_CA_coordinates.csv,367,5,0.5,41.5025
pdb6igh_A_original_CA_coordinates.csv,168,5,0.5,67.9734
pdb5q5s_A_original_CA_coordinates.csv,341,5,0.5,1.14854
pdb3ngi_A_original_CA_coordinates.csv,903,5,0.5,3.86893
pdb3nqo_A_original_CA_coordinates.csv,176,5,0.5,1.70016
pdb5ne5_A_original_CA_coordinates.csv,432,5,0.5,47.8317
pdb2m49_A_original_CA_coordinates.csv,126,5,0.5,0.190864
pdb7nzu_A_original_CA_coordinates.csv,257,5,0.5,39.4136
pdb3py8_A_original_CA_coordinates.csv,539,5,0.5,2.20617
pdb4p0d_A_original_CA_coordinates.csv,471,5,0.5,28.4938
pdb8q9y_A_original_CA_coordinates.csv,471,5,0.5,268.564
pdb6atj_A_original_CA_coordinates.csv,306,5,0.5,61.9636
pdb3vg2_A_original_CA_coordinates.csv,129,5,0.5,4.29914
pdb2p10_A_original_CA_coordinates.csv,258,5,0.5,55.0213
pdb4gue_A_original_CA_coordinates.csv,286,5,0.5,16.7302
pdb7o6o_A_original_CA_coordinates.csv,227,5,0.5,37.9991
pdb4qgv_B_original_CA_coordinates.csv,137,5,0.5,42.2178
pdb4jll_A_original_CA_coordinates.csv,161,5,0.5,1.80667
pdb7gdl_A_original_CA_coordinates.csv,304,5,0.5,26.204
pdb7zqr_A_original_CA_coordinates.csv,411,5,0.5,18.5835
pdb7d3i_A_original_CA_coordinates.csv,305,5,0.5,1.44771
pdb5btw_A_original_CA_coordinates.csv,132,5,0.5,9.7063
pdb3gzi_A_original_CA_coordinates.csv,196,5,0.5,18.2134
pdb3as0_A_original_CA_coordinates.csv,570,5,0.5,0.112295
pdb8bwu_A_original_CA_coordinates.csv,261,5,0.5,10.4189
pdb5olr_A_original_CA_coordinates.csv,425,5,0.5,14.4707
pdb6f75_A_original_CA_coordinates.csv,323,5,0.5,3.44048
pdb3fn6_A_original_CA_coordinates.csv,174,5,0.5,2.43305
pdb2xwh_A_original_CA_coordinates.csv,561,5,0.5,87.8499
pdb1wfm_A_original_CA_coordinates.csv,138,5,0.5,92.1899
pdb7oli_A_original_CA_coordinates.csv,242,5,0.5,97.036
pdb4dx2_A_original_CA_coordinates.csv,247,5,0.5,3.91538
pdb2vpn_A_original_CA_coordinates.csv,306,5,0.5,59.0383
pdb3meh_A_original_CA_coordinates.csv,129,5,0.5,3.67381
pdb6r52_A_original_CA_coordinates.csv,194,5,0.5,17.8056
pdb5sd5_A_original_CA_coordinates.csv,166,5,0.5,1.64848
pdb3afn_B_original_CA_coordinates.csv,257,5,0.5,17.1539
pdb2j9m_A_original_CA_coordinates.csv,275,5,0.5,9.76646
pdb3wu5_A_original_CA_coordinates.csv,182,5,0.5,66.1686
pdb8dxt_L_original_CA_coordinates.csv,211,5,0.5,47.0611
pdb5qh8_A_original_CA_coordinates.csv,184,5,0.5,11.6888
pdb5b2w_A_original_CA_coordinates.csv,452,5,0.5,532.737
pdb7ggm_A_original_CA_coordinates.csv,304,5,0.5,144.273
pdb2nmx_A_original_CA_coordinates.csv,258,5,0.5,81.2176
pdb6nkg_A_original_CA_coordinates.csv,236,5,0.5,1.75015
pdb6rbs_A_original_CA_coordinates.csv,261,5,0.5,13.9621
pdb6g0n_A_original_CA_coordinates.csv,392,5,0.5,0.179891
pdb3d0k_A_original_CA_coordinates.csv,283,5,0.5,14.911
pdb4eo3_A_original_CA_coordinates.csv,321,5,0.5,83.5509
pdb5mnx_A_original_CA_coordinates.csv,220,5,0.5,28.5173
pdb4elz_A_original_CA_coordinates.csv,143,5,0.5,22.5483
pdb5cdv_A_original_CA_coordinates.csv,349,5,0.5,76.4342
pdb4js0_A_original_CA_coordinates.csv,178,5,0.5,58.2177
pdb3v12_A_original_CA_coordinates.csv,220,5,0.5,43.5909
pdb5uyj_A_original_CA_coordinates.csv,281,5,0.5,51.7118
pdb4hhr_A_original_CA_coordinates.csv,640,5,0.5,6.04743
pdb2b6c_A_original_CA_coordinates.csv,209,5,0.5,42.7639
pdb7c84_A_original_CA_coordinates.csv,189,5,0.5,3.486
pdb5kts_A_original_CA_coordinates.csv,303,5,0.5,283.46
pdb5kzl_A_original_CA_coordinates.csv,205,5,0.5,5.09408
pdb4h9a_A_original_CA_coordinates.csv,129,5,0.5,10.7921
pdb6m8v_A_original_CA_coordinates.csv,183,5,0.5,96.7157
pdb6a19_A_original_CA_coordinates.csv,334,5,0.5,84.0586
pdb2yjr_A_original_CA_coordinates.csv,278,5,0.5,42.8635
pdb3rbb_A_original_CA_coordinates.csv,137,5,0.5,77.4732
pdb6so2_A_original_CA_coordinates.csv,345,5,0.5,250.706
pdb5zcj_A_original_CA_coordinates.csv,199,5,0.5,9.74906
pdb7gru_A_original_CA_coordinates.csv,301,5,0.5,52.0952
pdb7nyq_A_original_CA_coordinates.csv,273,5,0.5,154.573
pdb4r6y_A_original_CA_coordinates.csv,317,5,0.5,16.6415
pdb1w31_A_original_CA_coordinates.csv,340,5,0.5,744.985
pdb8onc_A_original_CA_coordinates.csv,145,5,0.5,40.7006
pdb3loc_A_original_CA_coordinates.csv,197,5,0.5,15.2425
pdb7nml_A_original_CA_coordinates.csv,130,5,0.5,34.7876
pdb3mho_A_original_CA_coordinates.csv,256,5,0.5,1076.28
pdb8pp4_A_original_CA_coordinates.csv,172,5,0.5,9.67209
pdb2y1e_A_original_CA_coordinates.csv,372,5,0.5,12.6809
pdb7m0d_A_original_CA_coordinates.csv,339,5,0.5,23.6922
pdb4d7g_A_original_CA_coordinates.csv,218,5,0.5,15.1798
pdb6yir_A_original_CA_coordinates.csv,366,5,0.5,7.09924
pdb3rag_A_original_CA_coordinates.csv,223,5,0.5,11.3923
pdb5jiz_A_original_CA_coordinates.csv,151,5,0.5,4.99589
pdb4ycy_A_original_CA_coordinates.csv,323,5,0.5,6.68158
pdb6jhj_A_original_CA_coordinates.csv,231,5,0.5,8.49354
pdb6nih_A_original_CA_coordinates.csv,519,5,0.5,5.1353
pdb2qpv_A_original_CA_coordinates.csv,128,5,0.5,5.21114
pdb6l4w_A_original_CA_coordinates.csv,408,5,0.5,61.3207
pdb4hz2_A_original_CA_coordinates.csv,205,5,0.5,43.0257
pdb2rli_A_original_CA_coordinates.csv,170,5,0.5,172.546
pdb8wjy_A_original_CA_coordinates.csv,291,5,0.5,5.89769
pdb8c2z_A_original_CA_coordinates.csv,333,5,0.5,63.9148
pdb6z0z_A_original_CA_coordinates.csv,180,5,0.5,3.39693
pdb8su4_A_original_CA_coordinates.csv,340,5,0.5,8.33102
pdb6f9v_A_original_CA_coordinates.csv,605,5,0.5,1.76661
pdb6xrc_A_original_CA_coordinates.csv,595,5,0.5,70.7928
pdb8ra6_A_original_CA_coordinates.csv,152,5,0.5,48.0822
pdb5iby_A_original_CA_coordinates.csv,321,5,0.5,76.7302
pdb5qi7_A_original_CA_coordinates.csv,182,5,0.5,160.026
pdb7zb1_A_original_CA_coordinates.csv,719,5,0.5,0.268775
pdb7rac_A_original_CA_coordinates.csv,299,5,0.5,134.383
pdb3iqz_A_original_CA_coordinates.csv,282,5,0.5,20.2713
pdb3nc7_A_original_CA_coordinates.csv,379,5,0.5,12.2023
pdb7cen_A_original_CA_coordinates.csv,153,5,0.5,10.8001
pdb5mdj_L_original_CA_coordinates.csv,598,5,0.5,9.15971
pdb6z0v_A_original_CA_coordinates.csv,452,5,0.5,32.6193
pdb7kkz_L_original_CA_coordinates.csv,214,5,0.5,38.7091
pdb5nly_A_original_CA_coordinates.csv,349,5,0.5,38.4053
pdb3sg1_A_original_CA_coordinates.csv,419,5,0.5,19.2027
pdb6o55_A_original_CA_coordinates.csv,161,5,0.5,22.8841
pdb1zq5_A_original_CA_coordinates.csv,314,5,0.5,6.94284
pdb8vsy_A_original_CA_coordinates.csv,318,5,0.5,96.7968
pdb7yz0_A_original_CA_coordinates.csv,437,5,0.5,34.1898
pdb7frm_A_original_CA_coordinates.csv,281,5,0.5,5.50233
pdb3bxe_A_original_CA_coordinates.csv,248,5,0.5,12.3554
pdb5g36_A_original_CA_coordinates.csv,242,5,0.5,118.176
pdb3gby_A_original_CA_coordinates.csv,126,5,0.5,2.4778
pdb4xjl_A_original_CA_coordinates.csv,429,5,0.5,64.1977
pdb4y5e_A_original_CA_coordinates.csv,330,5,0.5,77.6999
pdb4tvv_A_original_CA_coordinates.csv,285,5,0.5,17.8079
pdb4odn_A_original_CA_coordinates.csv,150,5,0.5,20.6522
pdb6zqh_A_original_CA_coordinates.csv,1005,5,0.5,101.841
pdb6nx8_A_original_CA_coordinates.csv,313,5,0.5,11.2597
pdb7gs6_A_original_CA_coordinates.csv,301,5,0.5,100.923
pdb3qee_A_original_CA_coordinates.csv,298,5,0.5,9.55054
pdb4fti_A_original_CA_coordinates.csv,270,5,0.5,6.42193
pdb4g0w_A_original_CA_coordinates.csv,664,5,0.5,12.6132
pdb6g8b_A_original_CA_coordinates.csv,868,5,0.5,7.25982
pdb6zyc_A_original_CA_coordinates.csv,148,5,0.5,5.27456
pdb7snk_A_original_CA_coordinates.csv,564,5,0.5,256.121
pdb8fgj_A_original_CA_coordinates.csv,409,5,0.5,231.194
pdb7kqm_A_original_CA_coordinates.csv,596,5,0.5,51.5225
pdb4o71_A_original_CA_coordinates.csv,127,5,0.5,8.55536
pdb4e0p_A_original_CA_coordinates.csv,317,5,0.5,7.76112
pdb6ts5_A_original_CA_coordinates.csv,218,5,0.5,7.37704
pdb3fvk_A_original_CA_coordinates.csv,256,5,0.5,2.9175
pdb3sw6_A_original_CA_coordinates.csv,214,5,0.5,4.27911
pdb6c0d_A_original_CA_coordinates.csv,404,5,0.5,23.5184
pdb3s30_A_original_CA_coordinates.csv,250,5,0.5,67.0631
pdb3r8e_A_original_CA_coordinates.csv,290,5,0.5,29.305
pdb7th7_A_original_CA_coordinates.csv,163,5,0.5,437.543
pdb7zxc_X_original_CA_coordinates.csv,635,5,0.5,17.5145
pdb7wci_A_original_CA_coordinates.csv,133,5,0.5,77.0908
pdb4nno_A_original_CA_coordinates.csv,278,5,0.5,76.439
pdb2qkf_A_original_CA_coordinates.csv,251,5,0.5,29.3308
pdb4rxt_A_original_CA_coordinates.csv,295,5,0.5,108.698
pdb3fjn_A_original_CA_coordinates.csv,315,5,0.5,111.456
pdb4mp4_A_original_CA_coordinates.csv,198,5,0.5,30.2672
pdb8d69_A_original_CA_coordinates.csv,129,5,0.5,37.3234
pdb5ufw_A_original_CA_coordinates.csv,237,5,0.5,7.48397
pdb5mng_A_original_CA_coordinates.csv,220,5,0.5,0.526077
pdb5c1m_A_original_CA_coordinates.csv,295,5,0.5,204.911
pdb3r6g_A_original_CA_coordinates.csv,157,5,0.5,148.159
pdb2yhc_A_original_CA_coordinates.csv,209,5,0.5,0.918336
pdb8gpd_A_original_CA_coordinates.csv,240,5,0.5,18.0581
pdb4r6w_A_original_CA_coordinates.csv,258,5,0.5,140.355
pdb3x1m_A_original_CA_coordinates.csv,158,5,0.5,0.153918
pdb5rv9_A_original_CA_coordinates.csv,167,5,0.5,11.6081
pdb5vk7_A_original_CA_coordinates.csv,413,5,0.5,2.23151
pdb3g25_A_original_CA_coordinates.csv,488,5,0.5,56.972
pdb1m5b_A_original_CA_coordinates.csv,258,5,0.5,25.4843
pdb6bxp_A_original_CA_coordinates.csv,275,5,0.5,8.87483
pdb7uu7_A_original_CA_coordinates.csv,298,5,0.5,75.9164
pdb2bys_A_original_CA_coordinates.csv,205,5,0.5,60.721
pdb5zfl_A_original_CA_coordinates.csv,260,5,0.5,0.1011
pdb2w61_A_original_CA_coordinates.csv,470,5,0.5,731.509
pdb4m5g_A_original_CA_coordinates.csv,159,5,0.5,8.50332
pdb6qvs_A_original_CA_coordinates.csv,269,5,0.5,30.883
pdb5v7d_A_original_CA_coordinates.csv,161,5,0.5,6.70058
pdb4lpq_A_original_CA_coordinates.csv,198,5,0.5,8.11228
pdb2hq9_A_original_CA_coordinates.csv,132,5,0.5,21.2042
pdb5ulj_A_original_CA_coordinates.csv,381,5,0.5,127.761
pdb8b92_A_original_CA_coordinates.csv,253,5,0.5,0.775672
pdb6nt1_A_original_CA_coordinates.csv,682,5,0.5,72.6487
pdb4ezt_A_original_CA_coordinates.csv,217,5,0.5,56.4479
pdb3az6_A_original_CA_coordinates.csv,129,5,0.5,17.4155
pdb4p5a_A_original_CA_coordinates.csv,226,5,0.5,39.4115
pdb7lvj_A_original_CA_coordinates.csv,185,5,0.5,23.5794
pdb5r1h_A_original_CA_coordinates.csv,237,5,0.5,134.808
pdb5fzb_A_original_CA_coordinates.csv,454,5,0.5,167.21
pdb5s9v_A_original_CA_coordinates.csv,486,5,0.5,12.3675
pdb3pfv_A_original_CA_coordinates.csv,302,5,0.5,34.3782
pdb4o5l_L_original_CA_coordinates.csv,210,5,0.5,21.043
pdb1z7a_A_original_CA_coordinates.csv,290,5,0.5,7.02749
pdb3m1l_A_original_CA_coordinates.csv,364,5,0.5,80.9747
pdb6otv_A_original_CA_coordinates.csv,350,5,0.5,81.2527
pdb6exd_A_original_CA_coordinates.csv,203,5,0.5,34.4183
pdb4otl_A_original_CA_coordinates.csv,409,5,0.5,63.4712
pdb5c5m_A_original_CA_coordinates.csv,129,5,0.5,9.34046
pdb7yxy_A_original_CA_coordinates.csv,1739,5,0.5,1.34514
pdb6pyb_A_original_CA_coordinates.csv,172,5,0.5,4.98107
pdb4pdd_A_original_CA_coordinates.csv,302,5,0.5,48.9239
pdb2q5p_A_original_CA_coordinates.csv,256,5,0.5,46.4521
pdb4lc5_A_original_CA_coordinates.csv,189,5,0.5,10.4265
pdb1tey_A_original_CA_coordinates.csv,156,5,0.5,47.5983
pdb3fjl_A_original_CA_coordinates.csv,361,5,0.5,1719.8
pdb4g0u_A_original_CA_coordinates.csv,655,5,0.5,149.877
pdb3qlq_A_original_CA_coordinates.csv,236,5,0.5,0.559236
pdb5err_A_original_CA_coordinates.csv,414,5,0.5,4.62396
pdb4usk_A_original_CA_coordinates.csv,345,5,0.5,63.7743
pdb5iay_A_original_CA_coordinates.csv,152,5,0.5,1.06417
pdb3zl1_A_original_CA_coordinates.csv,158,5,0.5,210.999
pdb2v6o_A_original_CA_coordinates.csv,586,5,0.5,22.2784
pdb5k4x_A_original_CA_coordinates.csv,330,5,0.5,118.006
pdb5grs_A_original_CA_coordinates.csv,375,5,0.5,13.4426
pdb6qfo_A_original_CA_coordinates.csv,1348,5,0.5,0.448115
pdb6lfj_A_original_CA_coordinates.csv,133,5,0.5,169.914
pdb1tqw_A_original_CA_coordinates.csv,1014,5,0.5,0.031988
pdb6myn_A_original_CA_coordinates.csv,322,5,0.5,83.7879
pdb8axy_A_original_CA_coordinates.csv,296,5,0.5,466.907
pdb6q4z_A_original_CA_coordinates.csv,310,5,0.5,40.6534
pdb2i9w_A_original_CA_coordinates.csv,173,5,0.5,6.18917
pdb5f1k_A_original_CA_coordinates.csv,244,5,0.5,119.369
pdb6d30_A_original_CA_coordinates.csv,188,5,0.5,99.2403
pdb6nsn_A_original_CA_coordinates.csv,194,5,0.5,13.7673
pdb6vfz_A_original_CA_coordinates.csv,416,5,0.5,361.134
pdb2vtw_A_original_CA_coordinates.csv,205,5,0.5,72.0855
pdb4tqf_A_original_CA_coordinates.csv,258,5,0.5,120.973
pdb3i0p_A_original_CA_coordinates.csv,361,5,0.5,3.80096
pdb6wqp_A_original_CA_coordinates.csv,347,5,0.5,140.934
pdb7mu7_A_original_CA_coordinates.csv,263,5,0.5,40.5105
pdb5egv_A_original_CA_coordinates.csv,229,5,0.5,2.31062
pdb6qqw_A_original_CA_coordinates.csv,212,5,0.5,115.39
pdb8szo_A_original_CA_coordinates.csv,233,5,0.5,70.8399
pdb2mf7_A_original_CA_coordinates.csv,127,5,0.5,1.08205
pdb3juc_A_original_CA_coordinates.csv,149,5,0.5,29.389
pdb1o2z_A_original_CA_coordinates.csv,219,5,0.5,10.9868
pdb5dyg_A_original_CA_coordinates.csv,446,5,0.5,51.5692
pdb1o1h_A_original_CA_coordinates.csv,386,5,0.5,36.002
pdb5oqe_A_original_CA_coordinates.csv,216,5,0.5,28.694
pdb6mx0_A_original_CA_coordinates.csv,169,5,0.5,32.3194
pdb6w88_A_original_CA_coordinates.csv,276,5,0.5,6.19062
pdb6bg5_A_original_CA_coordinates.csv,366,5,0.5,8.9213
pdb6hw2_A_original_CA_coordinates.csv,127,5,0.5,99.4724
pdb7ahs_A_original_CA_coordinates.csv,271,5,0.5,23.6947
pdb7pqt_A_original_CA_coordinates.csv,318,5,0.5,62.5414
pdb3on6_A_original_CA_coordinates.csv,428,5,0.5,1.05516
pdb5ma2_A_original_CA_coordinates.csv,445,5,0.5,14.6118
pdb2kbw_A_original_CA_coordinates.csv,160,5,0.5,154.982
pdb5t4l_A_original_CA_coordinates.csv,396,5,0.5,12.225
pdb5w2q_A_original_CA_coordinates.csv,414,5,0.5,30.5139
pdb7bhl_A_original_CA_coordinates.csv,129,5,0.5,41.1254
pdb7wn9_A_original_CA_coordinates.csv,339,5,0.5,14.9248
pdb6z1y_A_original_CA_coordinates.csv,244,5,0.5,24.8232
pdb7k33_A_original_CA_coordinates.csv,395,5,0.5,326.058
pdb8ad3_A_original_CA_coordinates.csv,277,5,0.5,0.725051
pdb2xb4_A_original_CA_coordinates.csv,223,5,0.5,20.7363
pdb4bcn_A_original_CA_coordinates.csv,296,5,0.5,6.65538
pdb7zej_A_original_CA_coordinates.csv,341,5,0.5,4.26409
pdb6krg_A_original_CA_coordinates.csv,218,5,0.5,26.7358
pdb4s35_A_original_CA_coordinates.csv,195,5,0.5,22.8854
pdb2loz_A_original_CA_coordinates.csv,147,5,0.5,30.6007
pdb7frr_A_original_CA_coordinates.csv,297,5,0.5,9.24727
pdb6pjv_A_original_CA_coordinates.csv,152,5,0.5,25.7421
pdb8oyf_A_original_CA_coordinates.csv,310,5,0.5,35.4611
pdb4q0h_A_original_CA_coordinates.csv,321,5,0.5,149.887
pdb4nf8_A_original_CA_coordinates.csv,285,5,0.5,633.474
pdb5akx_A_original_CA_coordinates.csv,546,5,0.5,349.524
pdb8pxc_A_original_CA_coordinates.csv,252,5,0.5,24.4463
pdb5oim_A_original_CA_coordinates.csv,267,5,0.5,66.3682
pdb5hht_A_original_CA_coordinates.csv,662,5,0.5,612.507
pdb4ajn_A_original_CA_coordinates.csv,329,5,0.5,175.895
pdb5q0i_A_original_CA_coordinates.csv,227,5,0.5,20.2797
pdb4cfb_A_original_CA_coordinates.csv,149,5,0.5,20.6423
pdb3e2t_A_original_CA_coordinates.csv,307,5,0.5,5.82027
pdb8glz_A_original_CA_coordinates.csv,393,5,0.5,5.77091
pdb1ezy_A_original_CA_coordinates.csv,129,5,0.5,15.7744
pdb3u2e_A_original_CA_coordinates.csv,251,5,0.5,55.5274
pdb3ew1_A_original_CA_coordinates.csv,134,5,0.5,135.609
pdb3e1q_A_original_CA_coordinates.csv,158,5,0.5,0.213977
pdb7psw_A_original_CA_coordinates.csv,330,5,0.5,21.3194
pdb5eto_A_original_CA_coordinates.csv,159,5,0.5,6.30007
pdb5lgq_A_original_CA_coordinates.csv,344,5,0.5,69.124
pdb4bn2_A_original_CA_coordinates.csv,326,5,0.5,38.266
pdb2jyb_A_original_CA_coordinates.csv,162,5,0.5,0.647208
pdb5o1g_A_original_CA_coordinates.csv,196,5,0.5,64.2276
pdb5bke_A_original_CA_coordinates.csv,275,5,0.5,136.754
pdb4tu6_A_original_CA_coordinates.csv,130,5,0.5,5.63649
pdb3o43_A_original_CA_coordinates.csv,198,5,0.5,88.1027
pdb4mj4_A_original_CA_coordinates.csv,603,5,0.5,10.6297
pdb6zqo_A_original_CA_coordinates.csv,229,5,0.5,147.069
pdb3qvs_A_original_CA_coordinates.csv,392,5,0.5,74.7646
pdb5wt7_A_original_CA_coordinates.csv,140,5,0.5,69.9123
pdb3tfe_A_original_CA_coordinates.csv,183,5,0.5,405.222
pdb7qm4_A_original_CA_coordinates.csv,330,5,0.5,5.57049
pdb5z2j_A_original_CA_coordinates.csv,270,5,0.5,452.705
pdb5xqj_A_original_CA_coordinates.csv,896,5,0.5,1.55087
pdb3eua_A_original_CA_coordinates.csv,319,5,0.5,4.2677
pdb6xkf_A_original_CA_coordinates.csv,305,5,0.5,532.358
pdb3nhy_A_original_CA_coordinates.csv,230,5,0.5,16.3175
pdb7xqk_A_original_CA_coordinates.csv,285,5,0.5,15.5591
pdb5u5w_A_original_CA_coordinates.csv,289,5,0.5,20.1898
pdb7kh7_A_original_CA_coordinates.csv,317,5,0.5,22.575
pdb2i59_A_original_CA_coordinates.csv,138,5,0.5,17.7086
pdb4cqc_A_original_CA_coordinates.csv,401,5,0.5,17.7993
pdb2w39_A_original_CA_coordinates.csv,298,5,0.5,10.0337
pdb8c5k_A_original_CA_coordinates.csv,141,5,0.5,17.6794
pdb5skr_A_original_CA_coordinates.csv,312,5,0.5,327.235
pdb3av9_A_original_CA_coordinates.csv,150,5,0.5,1.65219
pdb7bbb_A_original_CA_coordinates.csv,251,5,0.5,4.12478
pdb6gha_A_original_CA_coordinates.csv,325,5,0.5,388.75
pdb6bff_A_original_CA_coordinates.csv,178,5,0.5,265.265
pdb5rwc_A_original_CA_coordinates.csv,460,5,0.5,463.58
pdb3pig_A_original_CA_coordinates.csv,523,5,0.5,101.605
pdb5wi5_A_original_CA_coordinates.csv,422,5,0.5,0.83793
pdb5r9v_A_original_CA_coordinates.csv,348,5,0.5,8.59441
pdb3sf0_A_original_CA_coordinates.csv,247,5,0.5,31.5486
pdb5w05_L_original_CA_coordinates.csv,219,5,0.5,271.095
pdb6aqh_A_original_CA_coordinates.csv,487,5,0.5,33.4133
pdb3dal_A_original_CA_coordinates.csv,179,5,0.5,3.16929
pdb4p9i_A_original_CA_coordinates.csv,163,5,0.5,13.0116
pdb3wg2_A_original_CA_coordinates.csv,152,5,0.5,28.7244
pdb6f6u_A_original_CA_coordinates.csv,328,5,0.5,11.2058
pdb6f9t_A_original_CA_coordinates.csv,585,5,0.5,157.008
pdb4n2b_A_original_CA_coordinates.csv,653,5,0.5,2.06432
pdb2itq_A_original_CA_coordinates.csv,300,5,0.5,31.0117
pdb4d1p_A_original_CA_coordinates.csv,401,5,0.5,228.005
pdb2n47_A_original_CA_coordinates.csv,197,5,0.5,390.075
pdb5fh4_A_original_CA_coordinates.csv,612,5,0.5,1967.27
pdb4o3w_A_original_CA_coordinates.csv,546,5,0.5,52.2233
pdb8oil_A_original_CA_coordinates.csv,127,5,0.5,1.81719
pdb6q8k_A_original_CA_coordinates.csv,338,5,0.5,13.8778
pdb3c32_A_original_CA_coordinates.csv,254,5,0.5,32.3543
pdb8bcr_A_original_CA_coordinates.csv,257,5,0.5,99.0368
pdb4oyw_A_original_CA_coordinates.csv,467,5,0.5,102.239
pdb3t13_A_original_CA_coordinates.csv,130,5,0.5,120.895
pdb5f6u_A_original_CA_coordinates.csv,156,5,0.5,4.21281
pdb8ch3_A_original_CA_coordinates.csv,479,5,0.5,21.2058
pdb4ip7_A_original_CA_coordinates.csv,506,5,0.5,0.661918
pdb1j0s_A_original_CA_coordinates.csv,157,5,0.5,19.0665
pdb6yl9_A_original_CA_coordinates.csv,156,5,0.5,8.04744
pdb5plu_A_original_CA_coordinates.csv,331,5,0.5,132.576
pdb4p4m_A_original_CA_coordinates.csv,270,5,0.5,69.3924
pdb7bj8_A_original_CA_coordinates.csv,265,5,0.5,6.97153
pdb4cw2_A_original_CA_coordinates.csv,300,5,0.5,8.44783
pdb3zsj_A_original_CA_coordinates.csv,138,5,0.5,11.2163
pdb5pm8_A_original_CA_coordinates.csv,331,5,0.5,13.0667
pdb8a4x_A_original_CA_coordinates.csv,220,5,0.5,37.6797
pdb7fuq_A_original_CA_coordinates.csv,345,5,0.5,36.1124
pdb5owt_A_original_CA_coordinates.csv,203,5,0.5,3.46062
pdb6ek6_A_original_CA_coordinates.csv,451,5,0.5,970.618
pdb6bdi_A_original_CA_coordinates.csv,462,5,0.5,669.986
pdb5ibt_H_original_CA_coordinates.csv,218,5,0.5,42.5212
pdb5qxr_A_original_CA_coordinates.csv,130,5,0.5,7.6475
pdb6d0o_A_original_CA_coordinates.csv,274,5,0.5,124.076
pdb5rtw_A_original_CA_coordinates.csv,167,5,0.5,27.3084
pdb2wbo_A_original_CA_coordinates.csv,336,5,0.5,27.5019
pdb3kjq_A_original_CA_coordinates.csv,152,5,0.5,29.4058
pdb7yji_A_original_CA_coordinates.csv,225,5,0.5,26.5053
pdb3rpe_A_original_CA_coordinates.csv,196,5,0.5,195.15
pdb6k1s_A_original_CA_coordinates.csv,625,5,0.5,8.39599
pdb2v78_A_original_CA_coordinates.csv,311,5,0.5,45.6687
pdb3gr3_A_original_CA_coordinates.csv,218,5,0.5,17.6216
pdb4mru_A_original_CA_coordinates.csv,458,5,0.5,44.5901
pdb7lnn_A_original_CA_coordinates.csv,375,5,0.5,91.2038
pdb4mm2_A_original_CA_coordinates.csv,396,5,0.5,60.8515
pdb2yfe_A_original_CA_coordinates.csv,264,5,0.5,116.654
pdb6h77_A_original_CA_coordinates.csv,301,5,0.5,8.62393
pdb2a6b_A_original_CA_coordinates.csv,216,5,0.5,119.549
pdb8pbh_A_original_CA_coordinates.csv,361,5,0.5,72.4725
pdb6f4j_A_original_CA_coordinates.csv,175,5,0.5,32.8704
pdb8pbt_A_original_CA_coordinates.csv,361,5,0.5,146.386
pdb5ghi_A_original_CA_coordinates.csv,156,5,0.5,6.23925
pdb2jsz_A_original_CA_coordinates.csv,167,5,0.5,47.6873
pdb2zi6_A_original_CA_coordinates.csv,217,5,0.5,39.4371
pdb4egn_A_original_CA_coordinates.csv,393,5,0.5,709.489
pdb3oha_A_original_CA_coordinates.csv,516,5,0.5,50.8441
pdb5w2p_A_original_CA_coordinates.csv,414,5,0.5,253.89
pdb8pqe_A_original_CA_coordinates.csv,277,5,0.5,14.5511
pdb5y2x_A_original_CA_coordinates.csv,295,5,0.5,5.86044
pdb8bpl_A_original_CA_coordinates.csv,316,5,0.5,12.5274
pdb6w4y_A_original_CA_coordinates.csv,210,5,0.5,167.459
pdb7ou9_A_original_CA_coordinates.csv,181,5,0.5,8.67541
pdb6dbm_A_original_CA_coordinates.csv,273,5,0.5,234.475
pdb7a41_A_original_CA_coordinates.csv,354,5,0.5,76.2173
pdb5hnp_A_original_CA_coordinates.csv,161,5,0.5,3.69149
pdb7lnb_A_original_CA_coordinates.csv,207,5,0.5,0.306817
pdb6qrt_A_original_CA_coordinates.csv,387,5,0.5,31.3621
pdb5oog_A_original_CA_coordinates.csv,205,5,0.5,143.37
pdb2f57_A_original_CA_coordinates.csv,297,5,0.5,21.0626
pdb5ll4_A_original_CA_coordinates.csv,260,5,0.5,242.51
pdb6ap8_A_original_CA_coordinates.csv,266,5,0.5,12.962
pdb5qrl_A_original_CA_coordinates.csv,171,5,0.5,35.461
pdb7r8v_B_original_CA_coordinates.csv,370,5,0.5,3.77152
pdb3qnv_A_original_CA_coordinates.csv,323,5,0.5,125.637
pdb6fb3_A_original_CA_coordinates.csv,1836,5,0.5,22.0762
pdb3sbx_A_original_CA_coordinates.csv,177,5,0.5,37.6283
pdb7yx8_A_original_CA_coordinates.csv,440,5,0.5,7.92488
pdb4ygg_A_original_CA_coordinates.csv,137,5,0.5,51.0916
pdb8ok5_A_original_CA_coordinates.csv,366,5,0.5,147.605
pdb7ycr_A_original_CA_coordinates.csv,456,5,0.5,136.141
pdb7o60_A_original_CA_coordinates.csv,133,5,0.5,7.65533
pdb4fai_A_original_CA_coordinates.csv,302,5,0.5,16.6708
pdb5uk6_A_original_CA_coordinates.csv,228,5,0.5,179.658
pdb5ivh_A_original_CA_coordinates.csv,566,5,0.5,257.132
pdb7fze_A_original_CA_coordinates.csv,131,5,0.5,21.0272
pdb3u65_B_original_CA_coordinates.csv,317,5,0.5,43.0932
pdb2m3s_A_original_CA_coordinates.csv,151,5,0.5,4.16064
pdb6ri2_A_original_CA_coordinates.csv,497,5,0.5,43.686
pdb7ue5_A_original_CA_coordinates.csv,352,5,0.5,645.08
pdb3fuv_A_original_CA_coordinates.csv,260,5,0.5,55.3421
pdb5npp_B_original_CA_coordinates.csv,672,5,0.5,27.5637
pdb8qd1_A_original_CA_coordinates.csv,398,5,0.5,87.6496
pdb6t87_A_original_CA_coordinates.csv,454,5,0.5,6.59016
pdb4jqr_A_original_CA_coordinates.csv,218,5,0.5,32.6506
pdb7sah_A_original_CA_coordinates.csv,226,5,0.5,8.65753
pdb4iix_A_original_CA_coordinates.csv,338,5,0.5,7.05251
pdb3lcc_A_original_CA_coordinates.csv,216,5,0.5,12.9968
pdb6e3i_A_original_CA_coordinates.csv,152,5,0.5,5.14974
pdb4bw7_A_original_CA_coordinates.csv,137,5,0.5,12.9669
pdb3zkm_A_original_CA_coordinates.csv,375,5,0.5,28.1987
pdb5wjn_A_original_CA_coordinates.csv,274,5,0.5,6.97849
pdb3tv3_L_original_CA_coordinates.csv,203,5,0.5,141.856
pdb6kh3_A_original_CA_coordinates.csv,170,5,0.5,5.46568
pdb4wvz_A_original_CA_coordinates.csv,195,5,0.5,2.78271
pdb1uoz_A_original_CA_coordinates.csv,300,5,0.5,7.00924
pdb2heh_A_original_CA_coordinates.csv,324,5,0.5,33.8607
pdb5pip_A_original_CA_coordinates.csv,331,5,0.5,148.289
pdb3v4b_A_original_CA_coordinates.csv,384,5,0.5,14.0643
pdb5ph3_A_original_CA_coordinates.csv,331,5,0.5,20.5215
pdb5wlr_A_original_CA_coordinates.csv,257,5,0.5,78.3739
pdb4fq3_A_original_CA_coordinates.csv,834,5,0.5,24.9158
pdb3fpz_A_original_CA_coordinates.csv,310,5,0.5,7.87606
pdb7fcw_A_original_CA_coordinates.csv,129,5,0.5,1.42554
pdb7wqq_A_original_CA_coordinates.csv,228,5,0.5,15.7614
pdb7x7e_C_original_CA_coordinates.csv,194,5,0.5,32.561
pdb4py2_A_original_CA_coordinates.csv,495,5,0.5,61.315
pdb3dha_A_original_CA_coordinates.csv,254,5,0.5,2.40995
pdb3p2u_A_original_CA_coordinates.csv,249,5,0.5,55.3926
pdb6pqz_A_original_CA_coordinates.csv,451,5,0.5,23.9469
pdb2i3u_A_original_CA_coordinates.csv,276,5,0.5,115.672
pdb3l6g_A_original_CA_coordinates.csv,256,5,0.5,34.2648
pdb4ib2_A_original_CA_coordinates.csv,247,5,0.5,14.893
pdb5k8c_A_original_CA_coordinates.csv,358,5,0.5,838.291
pdb4dxl_A_original_CA_coordinates.csv,304,5,0.5,13.1193
pdb5hxm_A_original_CA_coordinates.csv,1030,5,0.5,0.80834
pdb6bz5_A_original_CA_coordinates.csv,418,5,0.5,383.907
pdb4cvc_A_original_CA_coordinates.csv,562,5,0.5,16.1725
pdb6fzr_H_original_CA_coordinates.csv,226,5,0.5,99.1349
pdb3w88_A_original_CA_coordinates.csv,314,5,0.5,92.9495
pdb6jtn_A_original_CA_coordinates.csv,273,5,0.5,4.04574
pdb5mnc_A_original_CA_coordinates.csv,220,5,0.5,2.50236
pdb6i39_A_original_CA_coordinates.csv,251,5,0.5,53.7938
pdb7nsa_A_original_CA_coordinates.csv,175,5,0.5,8.87909
pdb6qdd_A_original_CA_coordinates.csv,411,5,0.5,223.691
pdb5vpk_A_original_CA_coordinates.csv,223,5,0.5,20.5586
pdb5sfh_A_original_CA_coordinates.csv,312,5,0.5,184.999
pdb5zw7_A_original_CA_coordinates.csv,383,5,0.5,10.0204
pdb6tku_A_original_CA_coordinates.csv,534,5,0.5,172.949
pdb5x5o_A_original_CA_coordinates.csv,291,5,0.5,41.1796
pdb4zrr_A_original_CA_coordinates.csv,310,5,0.5,28.0714
pdb6vh6_A_original_CA_coordinates.csv,141,5,0.5,29.511
pdb4mjy_A_original_CA_coordinates.csv,171,5,0.5,241.316
pdb5dtb_A_original_CA_coordinates.csv,263,5,0.5,99.2385
pdb4dlg_A_original_CA_coordinates.csv,540,5,0.5,12.1457
pdb5cbr_A_original_CA_coordinates.csv,258,5,0.5,64.1896
pdb6ggg_A_original_CA_coordinates.csv,233,5,0.5,22.8369
pdb6lfw_A_original_CA_coordinates.csv,231,5,0.5,4.72406
pdb7psh_A_original_CA_coordinates.csv,448,5,0.5,1.30061
pdb5qb9_A_original_CA_coordinates.csv,330,5,0.5,0.424534
pdb4kpe_A_original_CA_coordinates.csv,482,5,0.5,12.3742
pdb5x1x_A_original_CA_coordinates.csv,130,5,0.5,24.3241
pdb8cf0_A_original_CA_coordinates.csv,341,5,0.5,897.92
pdb3pbt_A_original_CA_coordinates.csv,501,5,0.5,8.92836
pdb3rf3_A_original_CA_coordinates.csv,257,5,0.5,431.638
pdb5vps_A_original_CA_coordinates.csv,260,5,0.5,28.6286
pdb7lzx_A_original_CA_coordinates.csv,299,5,0.5,9.93572
pdb8biz_E_original_CA_coordinates.csv,389,5,0.5,12.3638
pdb5kst_A_original_CA_coordinates.csv,257,5,0.5,102.454
pdb6ezx_A_original_CA_coordinates.csv,217,5,0.5,1.91118
pdb5f2k_A_original_CA_coordinates.csv,358,5,0.5,70.5034
pdb3poh_A_original_CA_coordinates.csv,425,5,0.5,30.4978
pdb7lmr_A_original_CA_coordinates.csv,210,5,0.5,85.7258
pdb4dzy_A_original_CA_coordinates.csv,309,5,0.5,1.58287
pdb5ok2_A_original_CA_coordinates.csv,218,5,0.5,9.63862
pdb3e9n_A_original_CA_coordinates.csv,189,5,0.5,15.7533
pdb5igp_A_original_CA_coordinates.csv,300,5,0.5,181.618
pdb8dmq_A_original_CA_coordinates.csv,368,5,0.5,20.076
pdb7yee_A_original_CA_coordinates.csv,456,5,0.5,4.44165
pdb5kr5_A_original_CA_coordinates.csv,455,5,0.5,560.607
pdb1zbf_A_original_CA_coordinates.csv,132,5,0.5,3.16916
pdb5r57_A_original_CA_coordinates.csv,291,5,0.5,166.393
pdb4pbq_A_original_CA_coordinates.csv,298,5,0.5,24.8838
pdb3zgl_A_original_CA_coordinates.csv,309,5,0.5,2.85045
pdb3fxk_A_original_CA_coordinates.csv,363,5,0.5,100.305
pdb5qqu_B_original_CA_coordinates.csv,428,5,0.5,21.5044
pdb4m0h_A_original_CA_coordinates.csv,209,5,0.5,30.2844
pdb7aha_A_original_CA_coordinates.csv,305,5,0.5,55.2422
pdb2p7u_A_original_CA_coordinates.csv,215,5,0.5,29.4455
pdb4d5r_A_original_CA_coordinates.csv,151,5,0.5,80.2373
pdb4idq_A_original_CA_coordinates.csv,417,5,0.5,121.236
pdb6r2o_A_original_CA_coordinates.csv,141,5,0.5,27.3906
pdb6v6a_A_original_CA_coordinates.csv,317,5,0.5,138.657
pdb4hkl_A_original_CA_coordinates.csv,189,5,0.5,27.3156
pdb8xox_A_original_CA_coordinates.csv,261,5,0.5,64.7455
pdb5nn4_A_original_CA_coordinates.csv,847,5,0.5,113.556
pdb5a8o_A_original_CA_coordinates.csv,336,5,0.5,0.710806
pdb2jh7_A_original_CA_coordinates.csv,225,5,0.5,41.5482
pdb3nqe_A_original_CA_coordinates.csv,219,5,0.5,40.3689
pdb4ehi_A_original_CA_coordinates.csv,472,5,0.5,0.238578
pdb4rtf_D_original_CA_coordinates.csv,349,5,0.5,21.2853
pdb5dw5_A_original_CA_coordinates.csv,512,5,0.5,147.028
pdb2at8_X_original_CA_coordinates.csv,184,5,0.5,19.2719
pdb3fi3_A_original_CA_coordinates.csv,328,5,0.5,428.401
pdb4ebu_A_original_CA_coordinates.csv,306,5,0.5,2.91894
pdb5ot8_A_original_CA_coordinates.csv,256,5,0.5,5.29037
pdb5t0m_A_original_CA_coordinates.csv,260,5,0.5,279.728
pdb8cy2_A_original_CA_coordinates.csv,544,5,0.5,43.2445
pdb7jrc_A_original_CA_coordinates.csv,501,5,0.5,1680.46
pdb2yi6_A_original_CA_coordinates.csv,209,5,0.5,26.6746
pdb3btn_A_original_CA_coordinates.csv,394,5,0.5,37.5069
pdb4r2m_A_original_CA_coordinates.csv,142,5,0.5,88.4446
pdb7pva_A_original_CA_coordinates.csv,495,5,0.5,257.31
pdb7a0t_A_original_CA_coordinates.csv,325,5,0.5,270.395
pdb5w3x_A_original_CA_coordinates.csv,335,5,0.5,231.927
pdb6xxl_A_original_CA_coordinates.csv,336,5,0.5,36.7204
pdb6xtg_L_original_CA_coordinates.csv,214,5,0.5,22.262
pdb7e6a_A_original_CA_coordinates.csv,411,5,0.5,1.6748
pdb7z41_A_original_CA_coordinates.csv,196,5,0.5,50.4049
pdb4wqm_A_original_CA_coordinates.csv,326,5,0.5,9.49499
pdb4w91_A_original_CA_coordinates.csv,403,5,0.5,220.998
pdb7bab_A_original_CA_coordinates.csv,236,5,0.5,3.74028
pdb3ukx_B_original_CA_coordinates.csv,426,5,0.5,52.6199
pdb4zlh_A_original_CA_coordinates.csv,323,5,0.5,23.7679
pdb7vto_A_original_CA_coordinates.csv,261,5,0.5,8.9331
pdb2xxt_A_original_CA_coordinates.csv,248,5,0.5,5.65724
pdb7bur_A_original_CA_coordinates.csv,386,5,0.5,108.341
pdb5oja_A_original_CA_coordinates.csv,152,5,0.5,85.2148
pdb2evz_A_original_CA_coordinates.csv,208,5,0.5,24.3965
pdb8p7v_A_original_CA_coordinates.csv,330,5,0.5,40.1699
pdb3v0p_A_original_CA_coordinates.csv,296,5,0.5,13.2576
pdb6aif_A_original_CA_coordinates.csv,309,5,0.5,161.072
pdb5pk7_A_original_CA_coordinates.csv,331,5,0.5,98.4663
pdb7lsc_A_original_CA_coordinates.csv,161,5,0.5,29.0407
pdb3ug9_A_original_CA_coordinates.csv,280,5,0.5,149.075
pdb6uhw_A_original_CA_coordinates.csv,139,5,0.5,9.23621
pdb7a87_A_original_CA_coordinates.csv,234,5,0.5,96.4102
pdb4db8_A_original_CA_coordinates.csv,247,5,0.5,0.690391
pdb3c11_A_original_CA_coordinates.csv,214,5,0.5,3.48914
pdb6szr_A_original_CA_coordinates.csv,159,5,0.5,131.477
pdb7axh_A_original_CA_coordinates.csv,272,5,0.5,106.989
pdb7o83_A_original_CA_coordinates.csv,168,5,0.5,49.7672
pdb4yq5_A_original_CA_coordinates.csv,244,5,0.5,23.9033
pdb1qrw_A_original_CA_coordinates.csv,198,5,0.5,96.718
pdb5q3x_A_original_CA_coordinates.csv,341,5,0.5,113.874
pdb6jef_A_original_CA_coordinates.csv,171,5,0.5,250.589
pdb7zsv_A_original_CA_coordinates.csv,136,5,0.5,3.45682
pdb5a93_A_original_CA_coordinates.csv,260,5,0.5,89.002
pdb2wlt_A_original_CA_coordinates.csv,326,5,0.5,26.7337
pdb3eof_A_original_CA_coordinates.csv,238,5,0.5,422.932
pdb5xj9_A_original_CA_coordinates.csv,200,5,0.5,2.15827
pdb6bxy_A_original_CA_coordinates.csv,468,5,0.5,80.8277
pdb3mok_A_original_CA_coordinates.csv,182,5,0.5,2.9842
pdb3gzs_A_original_CA_coordinates.csv,481,5,0.5,0.891674
pdb6i7e_A_original_CA_coordinates.csv,760,5,0.5,19.3143
pdb4zp1_A_original_CA_coordinates.csv,565,5,0.5,70.3864
pdb4pct_A_original_CA_coordinates.csv,438,5,0.5,63.8279
pdb5v44_A_original_CA_coordinates.csv,223,5,0.5,7.13856
pdb2rdn_A_original_CA_coordinates.csv,275,5,0.5,168.826
pdb2vzc_A_original_CA_coordinates.csv,127,5,0.5,35.0546
pdb6hf2_A_original_CA_coordinates.csv,325,5,0.5,160.853
pdb6eaw_A_original_CA_coordinates.csv,220,5,0.5,15.9935
pdb4jq9_A_original_CA_coordinates.csv,471,5,0.5,111.309
pdb7lha_A_original_CA_coordinates.csv,501,5,0.5,15.6152
pdb5ivf_A_original_CA_coordinates.csv,308,5,0.5,288.01
pdb5oo7_A_original_CA_coordinates.csv,257,5,0.5,24.0443
pdb5ncs_A_original_CA_coordinates.csv,374,5,0.5,28.4489
pdb3e28_A_original_CA_coordinates.csv,215,5,0.5,67.9717
pdb6q55_A_original_CA_coordinates.csv,461,5,0.5,4.86475
pdb6jt0_A_original_CA_coordinates.csv,542,5,0.5,12.9857
pdb3ql0_A_original_CA_coordinates.csv,159,5,0.5,98.0549
pdb1w9m_A_original_CA_coordinates.csv,552,5,0.5,56.4456
pdb4mso_A_original_CA_coordinates.csv,383,5,0.5,23.2935
pdb6qv5_A_original_CA_coordinates.csv,289,5,0.5,127.627
pdb5mcq_A_original_CA_coordinates.csv,393,5,0.5,162.544
pdb3pmf_A_original_CA_coordinates.csv,129,5,0.5,0.184505
pdb3urm_A_original_CA_coordinates.csv,329,5,0.5,23.1731
pdb2rqy_A_original_CA_coordinates.csv,171,5,0.5,23.59
pdb6zyi_A_original_CA_coordinates.csv,375,5,0.5,48.3797
pdb7jty_A_original_CA_coordinates.csv,851,5,0.5,26.2697
pdb2vm3_A_original_CA_coordinates.csv,333,5,0.5,105.532
pdb3kx7_A_original_CA_coordinates.csv,133,5,0.5,21.4564
pdb5fvt_A_original_CA_coordinates.csv,407,5,0.5,1.26643
pdb4b1i_A_original_CA_coordinates.csv,507,5,0.5,247.148
pdb5oya_A_original_CA_coordinates.csv,460,5,0.5,17.714
pdb4lv0_A_original_CA_coordinates.csv,358,5,0.5,3.12405
pdb7adn_A_original_CA_coordinates.csv,376,5,0.5,27.6557
pdb4zg4_B_original_CA_coordinates.csv,705,5,0.5,3.45787
pdb2uye_A_original_CA_coordinates.csv,215,5,0.5,16.6349
pdb5ucu_A_original_CA_coordinates.csv,140,5,0.5,451.208
pdb3jw9_A_original_CA_coordinates.csv,395,5,0.5,0.102395
pdb1u3d_A_original_CA_coordinates.csv,485,5,0.5,39.365
pdb3ki0_A_original_CA_coordinates.csv,199,5,0.5,3.34301
pdb5bk6_A_original_CA_coordinates.csv,230,5,0.5,187.588
pdb5u79_A_original_CA_coordinates.csv,208,5,0.5,16.792
pdb3k29_A_original_CA_coordinates.csv,157,5,0.5,1.55739
pdb4jth_A_original_CA_coordinates.csv,250,5,0.5,0.585314
pdb7ejj_A_original_CA_coordinates.csv,250,5,0.5,16.601
pdb4ne4_A_original_CA_coordinates.csv,278,5,0.5,15.0699
pdb7ul1_A_original_CA_coordinates.csv,196,5,0.5,23.3923
pdb8u37_A_original_CA_coordinates.csv,318,5,0.5,356.254
pdb6xw7_A_original_CA_coordinates.csv,303,5,0.5,6.74827
pdb3noz_X_original_CA_coordinates.csv,174,5,0.5,17.921
pdb4gca_A_original_CA_coordinates.csv,315,5,0.5,10.5931
pdb6dy7_A_original_CA_coordinates.csv,304,5,0.5,66.1156
pdb5u83_A_original_CA_coordinates.csv,208,5,0.5,4.55647
pdb3qzb_A_original_CA_coordinates.csv,131,5,0.5,5.27722
pdb3zln_A_original_CA_coordinates.csv,143,5,0.5,6.21931
pdb8oxv_A_original_CA_coordinates.csv,681,5,0.5,18.0013
pdb3s7t_A_original_CA_coordinates.csv,209,5,0.5,5.01273
pdb5l2o_A_original_CA_coordinates.csv,494,5,0.5,266.577
pdb5iob_A_original_CA_coordinates.csv,308,5,0.5,6.24483
pdb7kkm_A_original_CA_coordinates.csv,205,5,0.5,35.4012
pdb3l60_A_original_CA_coordinates.csv,229,5,0.5,16.7624
pdb7la1_A_original_CA_coordinates.csv,412,5,0.5,91.9036
pdb4zu7_A_original_CA_coordinates.csv,137,5,0.5,5.85077
pdb3ge7_A_original_CA_coordinates.csv,359,5,0.5,6.35374
pdb6fur_A_original_CA_coordinates.csv,202,5,0.5,197.16
pdb6ycg_A_original_CA_coordinates.csv,215,5,0.5,33.5615
pdb5jah_A_original_CA_coordinates.csv,371,5,0.5,236.039
pdb6eve_A_original_CA_coordinates.csv,500,5,0.5,33.9025
pdb6n87_A_original_CA_coordinates.csv,314,5,0.5,91.4789
pdb4h39_A_original_CA_coordinates.csv,340,5,0.5,4.02454
pdb6ye6_A_original_CA_coordinates.csv,341,5,0.5,42.5767
pdb7o4n_A_original_CA_coordinates.csv,226,5,0.5,0.461594
pdb6e06_A_original_CA_coordinates.csv,227,5,0.5,148.564
pdb8eg6_A_original_CA_coordinates.csv,147,5,0.5,5.05483
pdb2fhx_A_original_CA_coordinates.csv,234,5,0.5,134.45
pdb2mf9_A_original_CA_coordinates.csv,157,5,0.5,54.1691
pdb8c7y_A_original_CA_coordinates.csv,275,5,0.5,37.1384
pdb4g2f_A_original_CA_coordinates.csv,275,5,0.5,179.878
pdb4j0t_A_original_CA_coordinates.csv,381,5,0.5,20.738
pdb6gg6_A_original_CA_coordinates.csv,509,5,0.5,1.99831
pdb5soy_A_original_CA_coordinates.csv,167,5,0.5,56.9965
pdb3uk1_A_original_CA_coordinates.csv,650,5,0.5,0.61916
pdb8jyf_A_original_CA_coordinates.csv,191,5,0.5,512.188
pdb4wha_A_original_CA_coordinates.csv,822,5,0.5,65.5998
pdb7fpm_A_original_CA_coordinates.csv,158,5,0.5,6.50976
pdb3mu7_A_original_CA_coordinates.csv,273,5,0.5,257.726
pdb4oc9_A_original_CA_coordinates.csv,419,5,0.5,11.1996
pdb2vzq_A_original_CA_coordinates.csv,126,5,0.5,2.6734
pdb4lzg_A_original_CA_coordinates.csv,325,5,0.5,42.9001
pdb5sjr_A_original_CA_coordinates.csv,312,5,0.5,23.9026
pdb2blu_A_original_CA_coordinates.csv,206,5,0.5,196.902
pdb1v9w_A_original_CA_coordinates.csv,130,5,0.5,22.2829
pdb4fgx_A_original_CA_coordinates.csv,374,5,0.5,54.161
pdb6vpw_A_original_CA_coordinates.csv,151,5,0.5,25.6135
pdb5i49_A_original_CA_coordinates.csv,471,5,0.5,284.843
pdb6z6u_A_original_CA_coordinates.csv,172,5,0.5,303.007
pdb5o45_A_original_CA_coordinates.csv,129,5,0.5,12.3809
pdb3zmh_A_original_CA_coordinates.csv,180,5,0.5,76.0095
pdb5gk3_A_original_CA_coordinates.csv,334,5,0.5,10.2558
pdb6f6o_A_original_CA_coordinates.csv,190,5,0.5,2.70742
pdb6q2m_A_original_CA_coordinates.csv,544,5,0.5,36.6313
pdb3dn7_A_original_CA_coordinates.csv,143,5,0.5,1.77423
pdb3o74_A_original_CA_coordinates.csv,268,5,0.5,85.2597
pdb5c5r_A_original_CA_coordinates.csv,161,5,0.5,6.53536
pdb4oa8_A_original_CA_coordinates.csv,214,5,0.5,11.5702
pdb8af1_A_original_CA_coordinates.csv,179,5,0.5,26.7955
pdb4bu0_A_original_CA_coordinates.csv,182,5,0.5,47.5514
pdb6wkc_A_original_CA_coordinates.csv,303,5,0.5,6.18438
pdb8a9r_A_original_CA_coordinates.csv,129,5,0.5,7.20232
pdb6iah_A_original_CA_coordinates.csv,240,5,0.5,45.0889
pdb4hfm_A_original_CA_coordinates.csv,333,5,0.5,15.8463
pdb8dhj_A_original_CA_coordinates.csv,236,5,0.5,0.443477
pdb6slx_A_original_CA_coordinates.csv,230,5,0.5,0.560522
pdb7a21_A_original_CA_coordinates.csv,296,5,0.5,19.0883
pdb2j7q_A_original_CA_coordinates.csv,226,5,0.5,17.3196
pdb4x2v_A_original_CA_coordinates.csv,174,5,0.5,5.32142
pdb8c3n_A_original_CA_coordinates.csv,214,5,0.5,122.355
pdb7r28_A_original_CA_coordinates.csv,304,5,0.5,8.0521
pdb7jq4_A_original_CA_coordinates.csv,304,5,0.5,56.2127
pdb4f5t_A_original_CA_coordinates.csv,583,5,0.5,63.1235
pdb5i1q_A_original_CA_coordinates.csv,135,5,0.5,1.69772
pdb4jk8_A_original_CA_coordinates.csv,220,5,0.5,8.3495
pdb7b3t_A_original_CA_coordinates.csv,261,5,0.5,15.062
pdb3uvi_A_original_CA_coordinates.csv,373,5,0.5,10.2177
pdb6njc_A_original_CA_coordinates.csv,197,5,0.5,14.4251
pdb6d64_A_original_CA_coordinates.csv,282,5,0.5,148.424
pdb3has_A_original_CA_coordinates.csv,226,5,0.5,18.6952
pdb6fn5_A_original_CA_coordinates.csv,335,5,0.5,7.04799
pdb4cjq_A_original_CA_coordinates.csv,148,5,0.5,3.78437
pdb6i1i_A_original_CA_coordinates.csv,322,5,0.5,56.848
pdb5wr6_A_original_CA_coordinates.csv,316,5,0.5,30.8302
pdb5tms_A_original_CA_coordinates.csv,234,5,0.5,10.6452
pdb8e8k_A_original_CA_coordinates.csv,425,5,0.5,12.7448
pdb5lxm_A_original_CA_coordinates.csv,266,5,0.5,18.5454
pdb5qe6_A_original_CA_coordinates.csv,282,5,0.5,113.131
pdb4bjk_A_original_CA_coordinates.csv,450,5,0.5,1884.38
pdb3a35_A_original_CA_coordinates.csv,184,5,0.5,15.2271
pdb3qwd_A_original_CA_coordinates.csv,187,5,0.5,504.661
pdb5gpk_A_original_CA_coordinates.csv,203,5,0.5,7.85925
pdb7eat_A_original_CA_coordinates.csv,337,5,0.5,386.232
pdb5nfj_A_original_CA_coordinates.csv,178,5,0.5,71.6305
pdb4qod_A_original_CA_coordinates.csv,229,5,0.5,6.7255
pdb5hsi_A_original_CA_coordinates.csv,602,5,0.5,252.733
pdb5bjw_A_original_CA_coordinates.csv,340,5,0.5,1.95131
pdb6q8t_A_original_CA_coordinates.csv,129,5,0.5,3.73318
pdb5ocv_A_original_CA_coordinates.csv,129,5,0.5,8.4852
pdb5u8u_A_original_CA_coordinates.csv,472,5,0.5,81.4821
pdb3ryp_A_original_CA_coordinates.csv,202,5,0.5,3.01456
pdb4hqz_A_original_CA_coordinates.csv,141,5,0.5,22.572
pdb8tor_A_original_CA_coordinates.csv,590,5,0.5,297.084
pdb7g86_A_original_CA_coordinates.csv,179,5,0.5,20.5071
pdb3nt9_A_original_CA_coordinates.csv,223,5,0.5,40.9262
pdb5vrb_A_original_CA_coordinates.csv,626,5,0.5,0.196895
pdb3n04_A_original_CA_coordinates.csv,637,5,0.5,28.259
pdb7zee_A_original_CA_coordinates.csv,282,5,0.5,0.603908
pdb2ycj_A_original_CA_coordinates.csv,271,5,0.5,43.5797
pdb3v20_A_original_CA_coordinates.csv,290,5,0.5,82.5834
pdb4l8g_A_original_CA_coordinates.csv,157,5,0.5,18.5794
pdb2wl5_A_original_CA_coordinates.csv,388,5,0.5,44.2991
pdb5hti_A_original_CA_coordinates.csv,290,5,0.5,717.92
pdb4lsm_A_original_CA_coordinates.csv,331,5,0.5,59.0504
pdb4y4z_A_original_CA_coordinates.csv,330,5,0.5,198.931
pdb4fn7_A_original_CA_coordinates.csv,231,5,0.5,381.217
pdb5k1u_A_original_CA_coordinates.csv,348,5,0.5,219.19
pdb4hew_A_original_CA_coordinates.csv,257,5,0.5,1.04755
pdb6wgz_A_original_CA_coordinates.csv,365,5,0.5,409.94
pdb8a7s_A_original_CA_coordinates.csv,655,5,0.5,5.27327
pdb2nrm_A_original_CA_coordinates.csv,145,5,0.5,0.104088
pdb4idb_A_original_CA_coordinates.csv,321,5,0.5,11.3763
pdb5sby_A_original_CA_coordinates.csv,150,5,0.5,7.32452
pdb6pvd_A_original_CA_coordinates.csv,265,5,0.5,197.416
pdb2f9n_A_original_CA_coordinates.csv,224,5,0.5,12.1937
pdb4g2t_A_original_CA_coordinates.csv,346,5,0.5,1.51574
pdb8fds_A_original_CA_coordinates.csv,178,5,0.5,0.512914
pdb2kbb_A_original_CA_coordinates.csv,174,5,0.5,7.7484
pdb1e5d_A_original_CA_coordinates.csv,401,5,0.5,80.1404
pdb8fam_A_original_CA_coordinates.csv,130,5,0.5,4.25493
pdb2y6m_A_original_CA_coordinates.csv,262,5,0.5,9.81458
pdb7sv3_A_original_CA_coordinates.csv,171,5,0.5,0.0537451
pdb7qpp_A_original_CA_coordinates.csv,255,5,0.5,47.6275
pdb2vxi_A_original_CA_coordinates.csv,157,5,0.5,14.6433
pdb3d8r_A_original_CA_coordinates.csv,253,5,0.5,4.38425
pdb6wop_A_original_CA_coordinates.csv,417,5,0.5,76.3813
pdb3s7o_A_original_CA_coordinates.csv,315,5,0.5,19.5302
pdb4opv_A_original_CA_coordinates.csv,307,5,0.5,67.5906
pdb2oer_A_original_CA_coordinates.csv,178,5,0.5,1.21678
pdb6gh9_A_original_CA_coordinates.csv,331,5,0.5,66.6394
pdb7gdd_A_original_CA_coordinates.csv,304,5,0.5,26.5503
pdb7jqa_A_original_CA_coordinates.csv,374,5,0.5,760.054
pdb3c7h_A_original_CA_coordinates.csv,487,5,0.5,15.9931
pdb7ut5_A_original_CA_coordinates.csv,324,5,0.5,34.9304
pdb4cm1_A_original_CA_coordinates.csv,251,5,0.5,3.25274
pdb8a1a_A_original_CA_coordinates.csv,1345,5,0.5,2.21083
pdb3k9w_A_original_CA_coordinates.csv,163,5,0.5,1.85295
pdb5f4e_A_original_CA_coordinates.csv,233,5,0.5,6.71278
pdb7f98_A_original_CA_coordinates.csv,495,5,0.5,3.39482
pdb5o8w_A_original_CA_coordinates.csv,447,5,0.5,334.234
pdb7riv_A_original_CA_coordinates.csv,270,5,0.5,115.87
pdb6ouv_A_original_CA_coordinates.csv,595,5,0.5,0.938073
pdb5g1b_A_original_CA_coordinates.csv,371,5,0.5,81.3414
pdb4ezv_A_original_CA_coordinates.csv,219,5,0.5,32.7744
pdb7cqo_A_original_CA_coordinates.csv,129,5,0.5,0.68889
pdb6q0f_A_original_CA_coordinates.csv,219,5,0.5,112.897
pdb3v4f_A_original_CA_coordinates.csv,166,5,0.5,33.1493
pdb3ef2_A_original_CA_coordinates.csv,291,5,0.5,132.372
pdb4djt_A_original_CA_coordinates.csv,186,5,0.5,76.1964
pdb4neh_A_original_CA_coordinates.csv,1084,5,0.5,35.2176
pdb7udo_A_original_CA_coordinates.csv,172,5,0.5,97.226
pdb6ywu_A_original_CA_coordinates.csv,254,5,0.5,28.6221
pdb5phq_A_original_CA_coordinates.csv,331,5,0.5,3.13716
pdb6jb5_A_original_CA_coordinates.csv,126,5,0.5,63.9514
pdb4dzi_A_original_CA_coordinates.csv,384,5,0.5,136.455
pdb5qfj_A_original_CA_coordinates.csv,282,5,0.5,484.682
pdb3oo8_A_original_CA_coordinates.csv,390,5,0.5,5.86987
pdb7lvq_A_original_CA_coordinates.csv,441,5,0.5,393.733
pdb2lxm_A_original_CA_coordinates.csv,163,5,0.5,84.4346
pdb4ith_A_original_CA_coordinates.csv,247,5,0.5,11.5043
pdb2h2w_A_original_CA_coordinates.csv,289,5,0.5,22.2174
pdb4agq_A_original_CA_coordinates.csv,195,5,0.5,49.8899
pdb6aub_A_original_CA_coordinates.csv,264,5,0.5,12.0042
pdb1kpq_A_original_CA_coordinates.csv,144,5,0.5,67.3224
pdb8ivj_A_original_CA_coordinates.csv,356,5,0.5,173.607
pdb7alr_A_original_CA_coordinates.csv,425,5,0.5,39.2627
pdb6czd_A_original_CA_coordinates.csv,227,5,0.5,4.53132
pdb5tn3_A_original_CA_coordinates.csv,238,5,0.5,12.1265
pdb7zob_A_original_CA_coordinates.csv,134,5,0.5,11.5577
pdb2vft_A_original_CA_coordinates.csv,415,5,0.5,46.8886
pdb4mia_A_original_CA_coordinates.csv,546,5,0.5,22.5576
pdb6jmk_A_original_CA_coordinates.csv,142,5,0.5,41.8739
pdb7cuf_A_original_CA_coordinates.csv,303,5,0.5,327.885
pdb6i3k_A_original_CA_coordinates.csv,534,5,0.5,34.2744
pdb2ebz_A_original_CA_coordinates.csv,155,5,0.5,44.297
pdb6pg1_A_original_CA_coordinates.csv,188,5,0.5,2.08192
pdb8cpb_A_original_CA_coordinates.csv,363,5,0.5,90.151
pdb8jt1_A_original_CA_coordinates.csv,532,5,0.5,393.561
pdb6afi_A_original_CA_coordinates.csv,187,5,0.5,3.27256
pdb3zzm_A_original_CA_coordinates.csv,520,5,0.5,1718.32
pdb3es1_A_original_CA_coordinates.csv,160,5,0.5,12.0723
pdb5i06_A_original_CA_coordinates.csv,355,5,0.5,45.6609
pdb7qp3_A_original_CA_coordinates.csv,391,5,0.5,40.6711
pdb7b57_B_original_CA_coordinates.csv,303,5,0.5,46.2812
pdb4nvn_B_original_CA_coordinates.csv,289,5,0.5,246.221
pdb2v5c_A_original_CA_coordinates.csv,584,5,0.5,2.62198
pdb7lk1_A_original_CA_coordinates.csv,404,5,0.5,22.3333
pdb8duh_A_original_CA_coordinates.csv,230,5,0.5,16.4985
pdb5g3a_A_original_CA_coordinates.csv,172,5,0.5,35.0207
pdb5qui_A_original_CA_coordinates.csv,222,5,0.5,17.6613
pdb2cnw_A_original_CA_coordinates.csv,290,5,0.5,39.2506
pdb6zrw_A_original_CA_coordinates.csv,126,5,0.5,13.8279
pdb5sbr_A_original_CA_coordinates.csv,150,5,0.5,0.714913
pdb4tx8_A_original_CA_coordinates.csv,374,5,0.5,77.9699
pdb6spu_A_original_CA_coordinates.csv,335,5,0.5,39.1662
pdb8d8s_A_original_CA_coordinates.csv,413,5,0.5,47.1019
pdb6gtu_A_original_CA_coordinates.csv,268,5,0.5,189.522
pdb3ggj_A_original_CA_coordinates.csv,214,5,0.5,36.4576
pdb5pma_A_original_CA_coordinates.csv,331,5,0.5,41.7456
pdb2jcy_A_original_CA_coordinates.csv,379,5,0.5,8.71263
pdb6rzk_A_original_CA_coordinates.csv,138,5,0.5,7.86174
pdb2pq8_A_original_CA_coordinates.csv,260,5,0.5,1.02221
pdb3qy9_A_original_CA_coordinates.csv,239,5,0.5,143.599
pdb5pmn_A_original_CA_coordinates.csv,331,5,0.5,141.806
pdb4boq_A_original_CA_coordinates.csv,175,5,0.5,12.0694
pdb8c2i_A_original_CA_coordinates.csv,139,5,0.5,0.372053
pdb5s36_A_original_CA_coordinates.csv,165,5,0.5,9.64964
pdb5qir_A_original_CA_coordinates.csv,225,5,0.5,151.849
pdb1z28_A_original_CA_coordinates.csv,289,5,0.5,53.2477
pdb7z42_A_original_CA_coordinates.csv,721,5,0.5,1507.53
pdb2vcn_A_original_CA_coordinates.csv,249,5,0.5,24.0201
pdb5jrc_A_original_CA_coordinates.csv,186,5,0.5,4.47859
pdb3lpr_A_original_CA_coordinates.csv,178,5,0.5,5.10297
pdb2vei_A_original_CA_coordinates.csv,238,5,0.5,31.4718
pdb2qy1_A_original_CA_coordinates.csv,330,5,0.5,25.8889
pdb5rf2_A_original_CA_coordinates.csv,304,5,0.5,164.567
pdb5pxm_A_original_CA_coordinates.csv,178,5,0.5,5.21074
pdb2d51_A_original_CA_coordinates.csv,404,5,0.5,6.78642
pdb5cei_A_original_CA_coordinates.csv,345,5,0.5,2.29083
pdb5lpo_A_original_CA_coordinates.csv,362,5,0.5,33.1355
pdb3m78_A_original_CA_coordinates.csv,307,5,0.5,22.3899
pdb5lnu_A_original_CA_coordinates.csv,277,5,0.5,14.2394
pdb6wrl_A_original_CA_coordinates.csv,129,5,0.5,0.966771
pdb5utx_A_original_CA_coordinates.csv,303,5,0.5,1.54931
pdb2vxt_H_original_CA_coordinates.csv,203,5,0.5,182.96
pdb3ve7_A_original_CA_coordinates.csv,206,5,0.5,10.5121
pdb2r9f_A_original_CA_coordinates.csv,322,5,0.5,5.07863
pdb4ry1_A_original_CA_coordinates.csv,410,5,0.5,69.0647
pdb3of3_A_original_CA_coordinates.csv,240,5,0.5,6.23674
pdb8bgj_A_original_CA_coordinates.csv,203,5,0.5,1.69931
pdb4n3u_A_original_CA_coordinates.csv,153,5,0.5,0.985862
pdb2yla_A_original_CA_coordinates.csv,416,5,0.5,1002.93
pdb5x2b_C_original_CA_coordinates.csv,282,5,0.5,55.0579
pdb5ooo_A_original_CA_coordinates.csv,166,5,0.5,8.76835
pdb1ugj_A_original_CA_coordinates.csv,141,5,0.5,130.873
pdb5kdy_A_original_CA_coordinates.csv,393,5,0.5,32.5337
pdb6s19_A_original_CA_coordinates.csv,207,5,0.5,60.7561
pdb3dzl_A_original_CA_coordinates.csv,157,5,0.5,72.6928
pdb5rwz_A_original_CA_coordinates.csv,460,5,0.5,29.4544
pdb2cdc_A_original_CA_coordinates.csv,359,5,0.5,15.4378
pdb4ybr_A_original_CA_coordinates.csv,197,5,0.5,20.9065
pdb5uju_A_original_CA_coordinates.csv,558,5,0.5,59.2942
pdb5ho2_A_original_CA_coordinates.csv,803,5,0.5,0.0022923
pdb3rry_A_original_CA_coordinates.csv,166,5,0.5,10.6172
pdb8og5_A_original_CA_coordinates.csv,297,5,0.5,10.2001
pdb1h0h_A_original_CA_coordinates.csv,977,5,0.5,2.34591
pdb5cph_A_original_CA_coordinates.csv,192,5,0.5,2.78675
pdb7nnz_A_original_CA_coordinates.csv,308,5,0.5,5.10293
pdb7jtb_A_original_CA_coordinates.csv,371,5,0.5,61.4944
pdb4xk9_A_original_CA_coordinates.csv,210,5,0.5,190.814
pdb5y2r_A_original_CA_coordinates.csv,257,5,0.5,15.0449
pdb4p9w_A_original_CA_coordinates.csv,237,5,0.5,155.614
pdb2keq_A_original_CA_coordinates.csv,139,5,0.5,20.0363
pdb6yeo_A_original_CA_coordinates.csv,358,5,0.5,14.3624
pdb5ivd_A_original_CA_coordinates.csv,566,5,0.5,11.4917
pdb6uvp_A_original_CA_coordinates.csv,391,5,0.5,1010.17
pdb6fra_A_original_CA_coordinates.csv,201,5,0.5,6.08891
pdb7m2o_A_original_CA_coordinates.csv,335,5,0.5,27.5793
pdb3mp6_A_original_CA_coordinates.csv,508,5,0.5,6.8923
pdb2jec_A_original_CA_coordinates.csv,238,5,0.5,127.564
pdb3i4p_A_original_CA_coordinates.csv,147,5,0.5,0.297723
pdb4hzn_A_original_CA_coordinates.csv,296,5,0.5,133.228
pdb5v2q_A_original_CA_coordinates.csv,298,5,0.5,44.165
pdb4ly0_A_original_CA_coordinates.csv,271,5,0.5,21.7131
pdb6m81_A_original_CA_coordinates.csv,239,5,0.5,157.313
pdb2ixm_A_original_CA_coordinates.csv,300,5,0.5,83.5989
pdb4i05_A_original_CA_coordinates.csv,276,5,0.5,5.66598
pdb5n3e_A_original_CA_coordinates.csv,348,5,0.5,18.5055
pdb2arf_A_original_CA_coordinates.csv,165,5,0.5,18.2849
pdb7pyw_A_original_CA_coordinates.csv,235,5,0.5,4.97854
pdb7chl_A_original_CA_coordinates.csv,498,5,0.5,38.4328
pdb3b6p_A_original_CA_coordinates.csv,217,5,0.5,3.86319
pdb5qan_A_original_CA_coordinates.csv,241,5,0.5,17.8088
pdb2h0k_A_original_CA_coordinates.csv,318,5,0.5,0.426435
pdb2fqe_A_original_CA_coordinates.csv,463,5,0.5,87.7208
pdb2y2k_A_original_CA_coordinates.csv,469,5,0.5,443.522
pdb8cwf_A_original_CA_coordinates.csv,129,5,0.5,2.13324
pdb7o53_A_original_CA_coordinates.csv,207,5,0.5,261.481
pdb3ty7_A_original_CA_coordinates.csv,445,5,0.5,3.66686
pdb8fnx_A_original_CA_coordinates.csv,762,5,0.5,34.9104
pdb3unv_A_original_CA_coordinates.csv,513,5,0.5,24.4656
pdb5cdn_A_original_CA_coordinates.csv,480,5,0.5,231.119
pdb5sgu_A_original_CA_coordinates.csv,315,5,0.5,12.0296
pdb6s06_A_original_CA_coordinates.csv,294,5,0.5,95.1778
pdb8b3w_A_original_CA_coordinates.csv,353,5,0.5,67.2517
pdb4ufy_A_original_CA_coordinates.csv,208,5,0.5,20.6877
pdb7r6a_A_original_CA_coordinates.csv,329,5,0.5,19.3865
pdb4dfw_A_original_CA_coordinates.csv,219,5,0.5,11.1816
pdb4n26_A_original_CA_coordinates.csv,655,5,0.5,14.9574
pdb4jwh_A_original_CA_coordinates.csv,185,5,0.5,28.2152
pdb7fpk_A_original_CA_coordinates.csv,237,5,0.5,34.5281
pdb5f9e_A_original_CA_coordinates.csv,334,5,0.5,105.868
pdb4v38_A_original_CA_coordinates.csv,388,5,0.5,40.6438
pdb5rzf_A_original_CA_coordinates.csv,284,5,0.5,27.8288
pdb5qr5_B_original_CA_coordinates.csv,428,5,0.5,13.6748
pdb4wuk_H_original_CA_coordinates.csv,213,5,0.5,10.8469
pdb4r4k_A_original_CA_coordinates.csv,150,5,0.5,8.08728
pdb7es2_A_original_CA_coordinates.csv,405,5,0.5,13.095
pdb1qx1_A_original_CA_coordinates.csv,1014,5,0.5,0.253756
pdb2wog_A_original_CA_coordinates.csv,333,5,0.5,6.40451
pdb2fiq_A_original_CA_coordinates.csv,400,5,0.5,9.86057
pdb3jt7_A_original_CA_coordinates.csv,407,5,0.5,41.1798
pdb1q7r_A_original_CA_coordinates.csv,194,5,0.5,1.6756
pdb6g92_A_original_CA_coordinates.csv,343,5,0.5,5.07288
pdb2m47_A_original_CA_coordinates.csv,163,5,0.5,15.2518
pdb6o0n_A_original_CA_coordinates.csv,523,5,0.5,46.8475
pdb5e9q_A_original_CA_coordinates.csv,255,5,0.5,81.4424
pdb6kb1_A_original_CA_coordinates.csv,269,5,0.5,4.26523
pdb4v3l_A_original_CA_coordinates.csv,146,5,0.5,9.19213
pdb2ooq_A_original_CA_coordinates.csv,278,5,0.5,441.052
pdb7ysm_A_original_CA_coordinates.csv,311,5,0.5,88.0609
pdb5way_A_original_CA_coordinates.csv,482,5,0.5,8.00042
pdb2jld_A_original_CA_coordinates.csv,349,5,0.5,60.7083
pdb2o6i_A_original_CA_coordinates.csv,436,5,0.5,307.272
pdb8a74_A_original_CA_coordinates.csv,334,5,0.5,155.657
pdb6nxs_A_original_CA_coordinates.csv,249,5,0.5,35.5681
pdb4ou3_A_original_CA_coordinates.csv,902,5,0.5,2.33756
pdb3ntn_A_original_CA_coordinates.csv,211,5,0.5,91.5476
pdb2oec_A_original_CA_coordinates.csv,252,5,0.5,197.004
pdb3pxs_A_original_CA_coordinates.csv,354,5,0.5,376.12
pdb5q1l_A_original_CA_coordinates.csv,341,5,0.5,352.542
pdb6z24_A_original_CA_coordinates.csv,258,5,0.5,13.6076
pdb5og5_A_original_CA_coordinates.csv,332,5,0.5,15.7648
pdb4qfy_A_original_CA_coordinates.csv,480,5,0.5,20.1412
pdb3npx_A_original_CA_coordinates.csv,249,5,0.5,82.4179
pdb5exg_A_original_CA_coordinates.csv,142,5,0.5,15.3699
pdb5b70_A_original_CA_coordinates.csv,209,5,0.5,41.5302
pdb7kbr_G_original_CA_coordinates.csv,151,5,0.5,2.35303
pdb4c5m_A_original_CA_coordinates.csv,273,5,0.5,11.3596
pdb4re5_A_original_CA_coordinates.csv,574,5,0.5,6.64744
pdb5d4h_A_original_CA_coordinates.csv,337,5,0.5,28.9647
pdb3pu3_A_original_CA_coordinates.csv,363,5,0.5,14.4536
pdb3h4y_A_original_CA_coordinates.csv,147,5,0.5,8.33521
pdb3dlc_A_original_CA_coordinates.csv,215,5,0.5,16.8247
pdb6i4f_A_original_CA_coordinates.csv,350,5,0.5,172.873
pdb6dc2_A_original_CA_coordinates.csv,625,5,0.5,0.652348
pdb3sp4_A_original_CA_coordinates.csv,202,5,0.5,49.6083
pdb4xtz_A_original_CA_coordinates.csv,266,5,0.5,13.4423
pdb3b37_A_original_CA_coordinates.csv,866,5,0.5,46.0471
pdb4eko_A_original_CA_coordinates.csv,207,5,0.5,29.9116
pdb3rvp_A_original_CA_coordinates.csv,130,5,0.5,31.7575
pdb5qyi_A_original_CA_coordinates.csv,237,5,0.5,42.2655
pdb4mlj_A_original_CA_coordinates.csv,294,5,0.5,22.0061
pdb3bw9_A_original_CA_coordinates.csv,276,5,0.5,11.2486
pdb6w89_A_original_CA_coordinates.csv,285,5,0.5,33.7112
pdb7n38_A_original_CA_coordinates.csv,174,5,0.5,67.2644
pdb4fvl_A_original_CA_coordinates.csv,368,5,0.5,4.63032
pdb7ggn_A_original_CA_coordinates.csv,304,5,0.5,1.96627
pdb8dxu_R_original_CA_coordinates.csv,193,5,0.5,37.4585
pdb5w4s_A_original_CA_coordinates.csv,139,5,0.5,15.4028
pdb6qda_A_original_CA_coordinates.csv,411,5,0.5,31.3609
pdb5qs1_A_original_CA_coordinates.csv,171,5,0.5,17.5025
pdb5inp_A_original_CA_coordinates.csv,255,5,0.5,37.3603
pdb2y7e_A_original_CA_coordinates.csv,274,5,0.5,114.411
pdb3lw0_A_original_CA_coordinates.csv,292,5,0.5,13.1164
pdb7n8j_A_original_CA_coordinates.csv,422,5,0.5,2.57539
pdb3oca_A_original_CA_coordinates.csv,179,5,0.5,5.95994
pdb1ofw_A_original_CA_coordinates.csv,292,5,0.5,48.5344
pdb3iww_A_original_CA_coordinates.csv,694,5,0.5,22.8104
pdb7cy7_A_original_CA_coordinates.csv,872,5,0.5,58.5838
pdb3wl1_A_original_CA_coordinates.csv,383,5,0.5,2.3627
pdb3bkp_A_original_CA_coordinates.csv,179,5,0.5,1.00322
pdb4rzm_A_original_CA_coordinates.csv,274,5,0.5,104.407
pdb2qx6_A_original_CA_coordinates.csv,230,5,0.5,9.70404
pdb5j1w_A_original_CA_coordinates.csv,338,5,0.5,159.595
pdb2kmv_A_original_CA_coordinates.csv,185,5,0.5,0.0350844
pdb1dxw_A_original_CA_coordinates.csv,165,5,0.5,11.4634
pdb7yui_A_original_CA_coordinates.csv,305,5,0.5,82.1256
pdb6ng4_A_original_CA_coordinates.csv,414,5,0.5,6.66421
pdb3pk3_A_original_CA_coordinates.csv,295,5,0.5,11.6072
pdb7nx2_A_original_CA_coordinates.csv,210,5,0.5,24.8394
pdb5q3o_A_original_CA_coordinates.csv,341,5,0.5,13.9263
pdb7g9h_A_original_CA_coordinates.csv,179,5,0.5,92.5241
pdb4xd8_A_original_CA_coordinates.csv,216,5,0.5,3.80505
pdb2jm5_A_original_CA_coordinates.csv,134,5,0.5,19.3661
pdb4ohy_A_original_CA_coordinates.csv,398,5,0.5,687.334
pdb5ply_A_original_CA_coordinates.csv,331,5,0.5,79.2664
pdb3zr5_A_original_CA_coordinates.csv,641,5,0.5,1.31822
pdb5hye_A_original_CA_coordinates.csv,208,5,0.5,53.3466
pdb1ax0_A_original_CA_coordinates.csv,239,5,0.5,14.2341
pdb3w9w_A_original_CA_coordinates.csv,376,5,0.5,11.3384
pdb6pag_A_original_CA_coordinates.csv,277,5,0.5,8.80897
pdb5d16_A_original_CA_coordinates.csv,161,5,0.5,20.2637
pdb4qyp_A_original_CA_coordinates.csv,133,5,0.5,3.12403
pdb3b0q_A_original_CA_coordinates.csv,262,5,0.5,44.4761
pdb2qhp_A_original_CA_coordinates.csv,282,5,0.5,72.8513
pdb4x6h_A_original_CA_coordinates.csv,215,5,0.5,7.32773
pdb4gek_A_original_CA_coordinates.csv,230,5,0.5,37.5107
pdb3aem_A_original_CA_coordinates.csv,387,5,0.5,11.0608
pdb3csr_A_original_CA_coordinates.csv,159,5,0.5,37.2774
pdb5rd3_A_original_CA_coordinates.csv,330,5,0.5,98.4963
pdb5fp8_A_original_CA_coordinates.csv,330,5,0.5,329.968
pdb2e56_A_original_CA_coordinates.csv,144,5,0.5,2.27983
pdb5qyj_A_original_CA_coordinates.csv,237,5,0.5,96.8191
pdb4psf_A_original_CA_coordinates.csv,134,5,0.5,10.3974
pdb3w76_A_original_CA_coordinates.csv,313,5,0.5,36.6295
pdb5qza_A_original_CA_coordinates.csv,237,5,0.5,89.1582
pdb5sev_A_original_CA_coordinates.csv,312,5,0.5,756.203
pdb2ihp_A_original_CA_coordinates.csv,275,5,0.5,307.388
pdb4h7n_A_original_CA_coordinates.csv,462,5,0.5,176.543
pdb5ocg_A_original_CA_coordinates.csv,172,5,0.5,63.8728
pdb5zmj_H_original_CA_coordinates.csv,227,5,0.5,51.6299
pdb3i76_A_original_CA_coordinates.csv,223,5,0.5,81.5446
pdb5hf0_X_original_CA_coordinates.csv,157,5,0.5,13.6846
pdb4etp_A_original_CA_coordinates.csv,379,5,0.5,38.4878
pdb4yw4_A_original_CA_coordinates.csv,659,5,0.5,11.3647
pdb4ged_A_original_CA_coordinates.csv,268,5,0.5,4.59951
pdb2x76_A_original_CA_coordinates.csv,342,5,0.5,101.908
pdb5on1_A_original_CA_coordinates.csv,498,5,0.5,83.956
pdb5dyr_A_original_CA_coordinates.csv,139,5,0.5,41.7284
pdb4yj2_A_original_CA_coordinates.csv,437,5,0.5,162.39
pdb7fs2_A_original_CA_coordinates.csv,422,5,0.5,44.6937
pdb4zlu_A_original_CA_coordinates.csv,432,5,0.5,391.15
pdb3m2n_A_original_CA_coordinates.csv,258,5,0.5,47.5228
pdb5quc_A_original_CA_coordinates.csv,222,5,0.5,19.2263
pdb7gh5_A_original_CA_coordinates.csv,304,5,0.5,26.7049
pdb6ekt_A_original_CA_coordinates.csv,419,5,0.5,54.6406
pdb2dmg_A_original_CA_coordinates.csv,142,5,0.5,73.9232
pdb5sxr_A_original_CA_coordinates.csv,712,5,0.5,292.862
pdb5m4d_A_original_CA_coordinates.csv,439,5,0.5,12.8998
pdb3rj8_A_original_CA_coordinates.csv,473,5,0.5,41.5647
pdb6xys_A_original_CA_coordinates.csv,535,5,0.5,152.673
pdb4p2f_A_original_CA_coordinates.csv,189,5,0.5,27.6202
pdb4yjq_A_original_CA_coordinates.csv,264,5,0.5,23.559
pdb1g42_A_original_CA_coordinates.csv,293,5,0.5,42.1299
pdb5sow_A_original_CA_coordinates.csv,167,5,0.5,79.1003
pdb8erd_A_original_CA_coordinates.csv,290,5,0.5,41.3791
pdb6a50_A_original_CA_coordinates.csv,527,5,0.5,144.304
pdb6emu_A_original_CA_coordinates.csv,170,5,0.5,30.523
pdb6bh0_A_original_CA_coordinates.csv,291,5,0.5,4.58249
pdb5qpd_A_original_CA_coordinates.csv,359,5,0.5,31.1877
pdb6s61_A_original_CA_coordinates.csv,172,5,0.5,100.474
pdb5xcy_A_original_CA_coordinates.csv,358,5,0.5,45.9416
pdb6fih_A_original_CA_coordinates.csv,379,5,0.5,88.9866
pdb7jxq_D_original_CA_coordinates.csv,298,5,0.5,211.146
pdb3ey7_A_original_CA_coordinates.csv,127,5,0.5,12.8343
pdb3g2q_A_original_CA_coordinates.csv,247,5,0.5,707.578
pdb2kli_A_original_CA_coordinates.csv,172,5,0.5,4.35106
pdb6ky9_A_original_CA_coordinates.csv,143,5,0.5,5.59022
pdb4wvf_A_original_CA_coordinates.csv,209,5,0.5,14.1074
pdb7oft_A_original_CA_coordinates.csv,315,5,0.5,14.4523
pdb4y3b_A_original_CA_coordinates.csv,229,5,0.5,20.4139
pdb7flh_A_original_CA_coordinates.csv,237,5,0.5,3.70299
pdb5kb5_A_original_CA_coordinates.csv,341,5,0.5,9.59809
pdb6gx6_A_original_CA_coordinates.csv,159,5,0.5,119.222
pdb6p9v_A_original_CA_coordinates.csv,380,5,0.5,211.427
pdb4k02_A_original_CA_coordinates.csv,127,5,0.5,79.9195
pdb6kod_A_original_CA_coordinates.csv,440,5,0.5,1.71374
pdb6uvg_A_original_CA_coordinates.csv,145,5,0.5,114.153
pdb3lsn_A_original_CA_coordinates.csv,273,5,0.5,16.2749
pdb2kxf_A_original_CA_coordinates.csv,199,5,0.5,160.84
pdb4yrn_A_original_CA_coordinates.csv,415,5,0.5,4.14051
pdb5uo5_A_original_CA_coordinates.csv,415,5,0.5,90.9832
pdb4pxw_A_original_CA_coordinates.csv,292,5,0.5,17.0399
pdb6yv6_A_original_CA_coordinates.csv,200,5,0.5,25.7708
pdb5ia5_A_original_CA_coordinates.csv,273,5,0.5,10.148
pdb7kuh_X_original_CA_coordinates.csv,283,5,0.5,436.565
pdb2cr4_A_original_CA_coordinates.csv,126,5,0.5,9.77908
pdb3eiz_A_original_CA_coordinates.csv,182,5,0.5,55.3339
pdb4du6_A_original_CA_coordinates.csv,219,5,0.5,2.50556
pdb2w4w_C_original_CA_coordinates.csv,772,5,0.5,2.72263
pdb6q4s_A_original_CA_coordinates.csv,308,5,0.5,420.272
pdb7v1g_A_original_CA_coordinates.csv,259,5,0.5,74.9215
pdb7c5f_O_original_CA_coordinates.csv,335,5,0.5,69.692
pdb5xmc_A_original_CA_coordinates.csv,409,5,0.5,15.7721
pdb5sex_A_original_CA_coordinates.csv,312,5,0.5,29.4277
pdb4kyw_A_original_CA_coordinates.csv,254,5,0.5,91.4268
pdb7eze_A_original_CA_coordinates.csv,170,5,0.5,30.87
pdb3dkr_A_original_CA_coordinates.csv,241,5,0.5,17.4819
pdb3fi2_A_original_CA_coordinates.csv,326,5,0.5,17.2549
pdb6yqg_A_original_CA_coordinates.csv,162,5,0.5,18.902
pdb6km1_A_original_CA_coordinates.csv,257,5,0.5,2.9106
pdb4iw7_A_original_CA_coordinates.csv,334,5,0.5,18.1459
pdb6l08_A_original_CA_coordinates.csv,285,5,0.5,76.5517
pdb2gs3_A_original_CA_coordinates.csv,171,5,0.5,15.5599
pdb7r61_A_original_CA_coordinates.csv,266,5,0.5,29.2723
pdb6qr1_A_original_CA_coordinates.csv,213,5,0.5,20.3546
pdb6ipn_A_original_CA_coordinates.csv,331,5,0.5,1.98304
pdb3e84_A_original_CA_coordinates.csv,164,5,0.5,11.9006
pdb7cww_A_original_CA_coordinates.csv,350,5,0.5,20.4493
pdb2cjs_A_original_CA_coordinates.csv,163,5,0.5,1.57757
pdb5mv9_A_original_CA_coordinates.csv,480,5,0.5,153.818
pdb3gov_A_original_CA_coordinates.csv,147,5,0.5,85.5907
pdb8bjv_A_original_CA_coordinates.csv,321,5,0.5,201.081
pdb4k6x_A_original_CA_coordinates.csv,199,5,0.5,11.1205
pdb2qe3_A_original_CA_coordinates.csv,140,5,0.5,23.4935
pdb2i0h_A_original_CA_coordinates.csv,349,5,0.5,463.561
pdb2x1z_M_original_CA_coordinates.csv,151,5,0.5,47.057
pdb6n35_L_original_CA_coordinates.csv,211,5,0.5,16.6516
pdb8asd_A_original_CA_coordinates.csv,1826,5,0.5,4.04946
pdb7ttj_B_original_CA_coordinates.csv,590,5,0.5,10.9507
pdb2n4b_A_original_CA_coordinates.csv,138,5,0.5,92.8281
pdb7ghz_A_original_CA_coordinates.csv,306,5,0.5,59.2413
pdb3eu9_A_original_CA_coordinates.csv,232,5,0.5,3.70299
pdb4hmu_A_original_CA_coordinates.csv,202,5,0.5,109.929
pdb4gp7_A_original_CA_coordinates.csv,167,5,0.5,53.0566
pdb8djc_A_original_CA_coordinates.csv,331,5,0.5,181.274
pdb1t1i_A_original_CA_coordinates.csv,357,5,0.5,59.5487
pdb6v2q_A_original_CA_coordinates.csv,276,5,0.5,9.1421
pdb2poj_A_original_CA_coordinates.csv,164,5,0.5,33.1554
pdb4tof_A_original_CA_coordinates.csv,157,5,0.5,23.09
pdb4lbm_A_original_CA_coordinates.csv,139,5,0.5,12.7212
pdb8ewr_A_original_CA_coordinates.csv,446,5,0.5,78.8417
pdb8btu_A_original_CA_coordinates.csv,262,5,0.5,3.7438
pdb6skk_A_original_CA_coordinates.csv,220,5,0.5,70.2557
pdb5vnr_A_original_CA_coordinates.csv,164,5,0.5,27.5829
pdb3sbj_A_original_CA_coordinates.csv,252,5,0.5,10.526
pdb3t8d_A_original_CA_coordinates.csv,316,5,0.5,270.724
pdb8c8w_A_original_CA_coordinates.csv,1032,5,0.5,8.16275
pdb7cpq_A_original_CA_coordinates.csv,438,5,0.5,33.1998
pdb5zwa_A_original_CA_coordinates.csv,262,5,0.5,8.99232
pdb4cb7_A_original_CA_coordinates.csv,159,5,0.5,53.6665
pdb7bcc_A_original_CA_coordinates.csv,352,5,0.5,30.7676
pdb6l5o_A_original_CA_coordinates.csv,372,5,0.5,25.6533
pdb5y65_B_original_CA_coordinates.csv,233,5,0.5,6.44612
pdb4ece_A_original_CA_coordinates.csv,282,5,0.5,43.5939
pdb6o91_A_original_CA_coordinates.csv,374,5,0.5,3.27192
pdb1zk0_A_original_CA_coordinates.csv,251,5,0.5,0.545385
pdb3dn6_A_original_CA_coordinates.csv,164,5,0.5,12.7295
pdb3nra_A_original_CA_coordinates.csv,384,5,0.5,12.1984
pdb3znx_A_original_CA_coordinates.csv,260,5,0.5,23.1763
pdb2p8g_A_original_CA_coordinates.csv,155,5,0.5,16.4216
pdb4tvs_A_original_CA_coordinates.csv,224,5,0.5,5.00714
pdb5xlz_A_original_CA_coordinates.csv,437,5,0.5,2.03361
pdb3sqn_A_original_CA_coordinates.csv,463,5,0.5,1357.67
pdb6i41_A_original_CA_coordinates.csv,139,5,0.5,13.8892
pdb1evu_A_original_CA_coordinates.csv,707,5,0.5,678.795
pdb8cuq_B_original_CA_coordinates.csv,360,5,0.5,2.76314
pdb5o1a_A_original_CA_coordinates.csv,196,5,0.5,49.8978
pdb6ccx_A_original_CA_coordinates.csv,198,5,0.5,0.0259176
pdb7jx1_A_original_CA_coordinates.csv,263,5,0.5,3.41088
pdb4ts6_A_original_CA_coordinates.csv,126,5,0.5,12.6818
pdb7xb7_B_original_CA_coordinates.csv,246,5,0.5,10.1108
pdb7dpj_A_original_CA_coordinates.csv,166,5,0.5,17.3093
pdb5qhu_A_original_CA_coordinates.csv,182,5,0.5,39.9569
pdb3l4o_A_original_CA_coordinates.csv,353,5,0.5,279.418
pdb3bk0_A_original_CA_coordinates.csv,257,5,0.5,18.207
pdb8cfh_A_original_CA_coordinates.csv,462,5,0.5,160.602
pdb1usc_A_original_CA_coordinates.csv,178,5,0.5,181.409
pdb5e4n_A_original_CA_coordinates.csv,459,5,0.5,56.5485
pdb5zo5_A_original_CA_coordinates.csv,205,5,0.5,25.8458
pdb4mfk_A_original_CA_coordinates.csv,323,5,0.5,376.709
pdb8dcu_A_original_CA_coordinates.csv,129,5,0.5,1.88168
pdb6b9i_A_original_CA_coordinates.csv,283,5,0.5,13.4815
pdb2ww4_A_original_CA_coordinates.csv,283,5,0.5,3.94919
pdb3rv9_A_original_CA_coordinates.csv,420,5,0.5,263.727
pdb3g7q_A_original_CA_coordinates.csv,373,5,0.5,188.545
pdb4ram_A_original_CA_coordinates.csv,239,5,0.5,296.465
pdb5rfe_A_original_CA_coordinates.csv,304,5,0.5,17.1752
pdb4tqe_L_original_CA_coordinates.csv,218,5,0.5,77.5136
pdb5o6r_A_original_CA_coordinates.csv,218,5,0.5,191.117
pdb2g4k_A_original_CA_coordinates.csv,339,5,0.5,3.29503
pdb1uto_A_original_CA_coordinates.csv,220,5,0.5,106.728
pdb5icw_A_original_CA_coordinates.csv,180,5,0.5,34.6263
pdb4boe_A_original_CA_coordinates.csv,154,5,0.5,32.0092
pdb4r14_A_original_CA_coordinates.csv,153,5,0.5,45.2444
pdb3c5i_A_original_CA_coordinates.csv,343,5,0.5,32.2985
pdb6t9s_A_original_CA_coordinates.csv,526,5,0.5,349.498
pdb5vi6_A_original_CA_coordinates.csv,353,5,0.5,103.875
pdb7ck0_A_original_CA_coordinates.csv,386,5,0.5,10.6501
pdb8t1t_A_original_CA_coordinates.csv,262,5,0.5,9.04606
pdb4ls5_A_original_CA_coordinates.csv,413,5,0.5,174.65
pdb3vvy_A_original_CA_coordinates.csv,184,5,0.5,251.758
pdb3ciw_A_original_CA_coordinates.csv,344,5,0.5,10.5187
pdb4fu7_A_original_CA_coordinates.csv,246,5,0.5,190.614
pdb2hrb_A_original_CA_coordinates.csv,273,5,0.5,340.61
pdb8b9n_A_original_CA_coordinates.csv,239,5,0.5,22.9279
pdb5g4l_A_original_CA_coordinates.csv,265,5,0.5,16.562
pdb6ehq_S_original_CA_coordinates.csv,267,5,0.5,17.5366
pdb6g34_A_original_CA_coordinates.csv,327,5,0.5,9.46713
pdb7mlr_A_original_CA_coordinates.csv,126,5,0.5,75.4522
pdb3zrh_A_original_CA_coordinates.csv,428,5,0.5,63.0499
pdb6nev_A_original_CA_coordinates.csv,431,5,0.5,1.4207
pdb3bvx_A_original_CA_coordinates.csv,1016,5,0.5,5.40076
pdb2b67_A_original_CA_coordinates.csv,198,5,0.5,9.5171
pdb2fhq_A_original_CA_coordinates.csv,131,5,0.5,0.906988
pdb2hr9_A_original_CA_coordinates.csv,174,5,0.5,59.1998
pdb6fzo_A_original_CA_coordinates.csv,133,5,0.5,0.77703
pdb6pzj_A_original_CA_coordinates.csv,264,5,0.5,49.5904
pdb6jrc_A_original_CA_coordinates.csv,268,5,0.5,1.84652
pdb7l1i_A_original_CA_coordinates.csv,169,5,0.5,14.684
pdb5mno_A_original_CA_coordinates.csv,220,5,0.5,20.8162
pdb3mu0_A_original_CA_coordinates.csv,229,5,0.5,5.23079
pdb4g75_A_original_CA_coordinates.csv,286,5,0.5,124.978
pdb4j8p_A_original_CA_coordinates.csv,155,5,0.5,17.0347
pdb6joe_A_original_CA_coordinates.csv,242,5,0.5,21.4914
pdb3vd8_A_original_CA_coordinates.csv,467,5,0.5,20.4159
pdb3hu9_A_original_CA_coordinates.csv,162,5,0.5,29.6928
pdb7kwu_A_original_CA_coordinates.csv,556,5,0.5,92.7775
pdb4w8k_A_original_CA_coordinates.csv,289,5,0.5,0.295067
pdb7yq6_E_original_CA_coordinates.csv,799,5,0.5,2.7159
pdb6emr_A_original_CA_coordinates.csv,206,5,0.5,161.13
pdb3tfu_A_original_CA_coordinates.csv,417,5,0.5,159.219
pdb5rx3_A_original_CA_coordinates.csv,460,5,0.5,145.696
pdb8bk5_A_original_CA_coordinates.csv,134,5,0.5,16.0001
pdb5sqy_A_original_CA_coordinates.csv,167,5,0.5,18.6091
pdb3bwk_A_original_CA_coordinates.csv,242,5,0.5,39.1829
pdb4nl4_H_original_CA_coordinates.csv,698,5,0.5,0.185437
pdb5ah2_A_original_CA_coordinates.csv,380,5,0.5,598.361
pdb1kw3_B_original_CA_coordinates.csv,288,5,0.5,32.3575
pdb8ke1_A_original_CA_coordinates.csv,260,5,0.5,11.3919
pdb2q7j_A_original_CA_coordinates.csv,247,5,0.5,8.47908
pdb4noh_A_original_CA_coordinates.csv,159,5,0.5,14.4361
pdb6m4l_A_original_CA_coordinates.csv,496,5,0.5,151.459
pdb7wfw_A_original_CA_coordinates.csv,998,5,0.5,274.703
pdb4n1i_A_original_CA_coordinates.csv,312,5,0.5,24.6859
pdb4afj_A_original_CA_coordinates.csv,343,5,0.5,17.8786
pdb4j2v_A_original_CA_coordinates.csv,581,5,0.5,1.47156
pdb7b7a_A_original_CA_coordinates.csv,391,5,0.5,99.1589
pdb3u6d_A_original_CA_coordinates.csv,252,5,0.5,295.002
pdb4gy7_A_original_CA_coordinates.csv,827,5,0.5,24.4286
pdb5y6b_A_original_CA_coordinates.csv,145,5,0.5,31.5608
pdb7miy_A_original_CA_coordinates.csv,1326,5,0.5,88.7073
pdb3jz0_A_original_CA_coordinates.csv,266,5,0.5,178.386
pdb5qh4_A_original_CA_coordinates.csv,184,5,0.5,20.3292
pdb6mp8_A_original_CA_coordinates.csv,308,5,0.5,5.73096
pdb6ssc_A_original_CA_coordinates.csv,149,5,0.5,1.01935
pdb7bd5_A_original_CA_coordinates.csv,338,5,0.5,1.50074
pdb2ibp_A_original_CA_coordinates.csv,407,5,0.5,13.7762
pdb6hxa_A_original_CA_coordinates.csv,375,5,0.5,63.7128
pdb2xkf_A_original_CA_coordinates.csv,250,5,0.5,44.8203
pdb4gw6_A_original_CA_coordinates.csv,144,5,0.5,19.2325
pdb3mux_A_original_CA_coordinates.csv,247,5,0.5,36.8637
pdb6vb8_A_original_CA_coordinates.csv,233,5,0.5,123.022
pdb7u0u_A_original_CA_coordinates.csv,195,5,0.5,4.54258
pdb5z5n_A_original_CA_coordinates.csv,231,5,0.5,2.80724
pdb6w8a_A_original_CA_coordinates.csv,276,5,0.5,49.475
pdb3w1w_A_original_CA_coordinates.csv,359,5,0.5,7.70653
pdb5vg0_A_original_CA_coordinates.csv,142,5,0.5,16.7232
pdb8gbw_H_original_CA_coordinates.csv,214,5,0.5,6.65463
pdb7tkv_A_original_CA_coordinates.csv,631,5,0.5,64.2959
pdb4bve_A_original_CA_coordinates.csv,274,5,0.5,0.573875
pdb4nga_H_original_CA_coordinates.csv,231,5,0.5,18.6041
pdb4xez_A_original_CA_coordinates.csv,186,5,0.5,13.1332
pdb6coi_A_original_CA_coordinates.csv,260,5,0.5,30.3936
pdb6zij_A_original_CA_coordinates.csv,277,5,0.5,23.4991
pdb7cj5_A_original_CA_coordinates.csv,292,5,0.5,63.9572
pdb5jkf_A_original_CA_coordinates.csv,369,5,0.5,462.305
pdb6h1s_A_original_CA_coordinates.csv,453,5,0.5,3.83131
pdb3m5u_A_original_CA_coordinates.csv,346,5,0.5,1.64932
pdb7kl1_A_original_CA_coordinates.csv,268,5,0.5,25.9981
pdb4bw3_A_original_CA_coordinates.csv,127,5,0.5,30.9417
pdb5vyr_A_original_CA_coordinates.csv,244,5,0.5,12.2368
pdb3prc_C_original_CA_coordinates.csv,332,5,0.5,39.9306
pdb6bd9_A_original_CA_coordinates.csv,542,5,0.5,35.9804
pdb5e7z_A_original_CA_coordinates.csv,459,5,0.5,135.634
pdb2own_A_original_CA_coordinates.csv,252,5,0.5,24.154
pdb4yec_A_original_CA_coordinates.csv,126,5,0.5,4.0563
pdb5fzf_A_original_CA_coordinates.csv,457,5,0.5,45.7794
pdb6lxc_A_original_CA_coordinates.csv,257,5,0.5,16.6416
pdb7apn_A_original_CA_coordinates.csv,269,5,0.5,24.6345
pdb8gc8_A_original_CA_coordinates.csv,253,5,0.5,66.6827
pdb4mxr_A_original_CA_coordinates.csv,297,5,0.5,0.329347
pdb4zj2_A_original_CA_coordinates.csv,264,5,0.5,40.2268
pdb2oy0_A_original_CA_coordinates.csv,262,5,0.5,5.591
pdb3ieo_A_original_CA_coordinates.csv,256,5,0.5,107.59
pdb6fbf_A_original_CA_coordinates.csv,538,5,0.5,108.788
pdb8aqf_A_original_CA_coordinates.csv,289,5,0.5,58.3352
pdb6uqs_A_original_CA_coordinates.csv,363,5,0.5,38.9171
pdb6c7w_A_original_CA_coordinates.csv,259,5,0.5,385.236
pdb6nw7_A_original_CA_coordinates.csv,216,5,0.5,14.67
pdb6guh_A_original_CA_coordinates.csv,284,5,0.5,6.65022
pdb4mtd_A_original_CA_coordinates.csv,149,5,0.5,4.54498
pdb5rtj_A_original_CA_coordinates.csv,167,5,0.5,8.52616
pdb8by5_A_original_CA_coordinates.csv,198,5,0.5,1.78285
pdb6gbf_A_original_CA_coordinates.csv,417,5,0.5,516.838
pdb6a06_A_original_CA_coordinates.csv,188,5,0.5,13.2391
pdb5v88_A_original_CA_coordinates.csv,363,5,0.5,41.3077
pdb4bke_A_original_CA_coordinates.csv,582,5,0.5,232.878
pdb7ein_A_original_CA_coordinates.csv,300,5,0.5,47.9068
pdb4e4a_A_original_CA_coordinates.csv,257,5,0.5,22.9871
pdb7pth_A_original_CA_coordinates.csv,517,5,0.5,188.211
pdb7ajo_A_original_CA_coordinates.csv,481,5,0.5,166.891
pdb6t0g_A_original_CA_coordinates.csv,426,5,0.5,11.8664
pdb6ovk_R_original_CA_coordinates.csv,213,5,0.5,13.4809
pdb5fra_A_original_CA_coordinates.csv,197,5,0.5,12.6259
pdb6g1w_A_original_CA_coordinates.csv,530,5,0.5,232.68
pdb6fpq_A_original_CA_coordinates.csv,174,5,0.5,132.439
pdb8b8x_A_original_CA_coordinates.csv,268,5,0.5,165.501
pdb5mhc_A_original_CA_coordinates.csv,235,5,0.5,12.9936
pdb1l9y_A_original_CA_coordinates.csv,263,5,0.5,13.284
pdb4anv_A_original_CA_coordinates.csv,848,5,0.5,33.8987
pdb6w30_A_original_CA_coordinates.csv,287,5,0.5,29.1096
pdb6dvi_A_original_CA_coordinates.csv,394,5,0.5,219.565
pdb5qzu_A_original_CA_coordinates.csv,237,5,0.5,34.6913
pdb7ktf_A_original_CA_coordinates.csv,327,5,0.5,60.7435
pdb7oyp_A_original_CA_coordinates.csv,258,5,0.5,434.793
pdb5kns_A_original_CA_coordinates.csv,170,5,0.5,0.836877
pdb3o9z_A_original_CA_coordinates.csv,310,5,0.5,3.65961
pdb2amm_X_original_CA_coordinates.csv,180,5,0.5,60.5883
pdb5oov_A_original_CA_coordinates.csv,157,5,0.5,54.4732
pdb4k73_A_original_CA_coordinates.csv,221,5,0.5,32.7337
pdb7mqx_A_original_CA_coordinates.csv,357,5,0.5,205.965
pdb1yxm_A_original_CA_coordinates.csv,297,5,0.5,135.19
pdb6hsr_A_original_CA_coordinates.csv,148,5,0.5,2.56481
pdb4o5o_A_original_CA_coordinates.csv,257,5,0.5,6.39367
pdb6rrp_A_original_CA_coordinates.csv,459,5,0.5,163.401
pdb7oct_A_original_CA_coordinates.csv,686,5,0.5,12.4357
pdb4mnr_A_original_CA_coordinates.csv,407,5,0.5,48.7
pdb3c6c_A_original_CA_coordinates.csv,285,5,0.5,17.0683
pdb4pq7_A_original_CA_coordinates.csv,260,5,0.5,211.22
pdb8a7c_A_original_CA_coordinates.csv,345,5,0.5,0.447461
pdb5tui_A_original_CA_coordinates.csv,388,5,0.5,86.4766
pdb6hyw_A_original_CA_coordinates.csv,311,5,0.5,108.999
pdb3rqo_A_original_CA_coordinates.csv,404,5,0.5,2.5021
pdb4kti_A_original_CA_coordinates.csv,344,5,0.5,1.48561
pdb7fxo_A_original_CA_coordinates.csv,130,5,0.5,6.59927
pdb5iko_A_original_CA_coordinates.csv,807,5,0.5,1.84082
pdb2x7k_A_original_CA_coordinates.csv,164,5,0.5,4.36905
pdb5ht4_A_original_CA_coordinates.csv,186,5,0.5,4.4493
pdb7ull_A_original_CA_coordinates.csv,217,5,0.5,5.36252
pdb5uob_A_original_CA_coordinates.csv,404,5,0.5,17.2316
pdb5hm7_A_original_CA_coordinates.csv,207,5,0.5,15.2791
pdb7z2j_A_original_CA_coordinates.csv,225,5,0.5,27.8331
pdb7vdo_D_original_CA_coordinates.csv,251,5,0.5,307.875
pdb5c4t_A_original_CA_coordinates.csv,241,5,0.5,99.9611
pdb7e5u_A_original_CA_coordinates.csv,373,5,0.5,4.4038
pdb5pa4_A_original_CA_coordinates.csv,213,5,0.5,11.882
pdb2kl2_A_original_CA_coordinates.csv,149,5,0.5,9.90766
pdb7scd_A_original_CA_coordinates.csv,371,5,0.5,7.52639
pdb5cmm_A_original_CA_coordinates.csv,257,5,0.5,51.4319
pdb5sqo_A_original_CA_coordinates.csv,167,5,0.5,2.56276
pdb4ybm_A_original_CA_coordinates.csv,177,5,0.5,0.489442
pdb6iwg_A_original_CA_coordinates.csv,276,5,0.5,235.23
pdb8bxz_A_original_CA_coordinates.csv,230,5,0.5,32.9658
pdb7nru_A_original_CA_coordinates.csv,239,5,0.5,36.1125
pdb5ky3_A_original_CA_coordinates.csv,353,5,0.5,90.9949
pdb6sq0_A_original_CA_coordinates.csv,229,5,0.5,8.38669
pdb6byg_A_original_CA_coordinates.csv,856,5,0.5,81.5016
pdb3q80_A_original_CA_coordinates.csv,218,5,0.5,42.5879
pdb2mze_A_original_CA_coordinates.csv,250,5,0.5,116.911
pdb6nbl_A_original_CA_coordinates.csv,405,5,0.5,23.549
pdb2xid_A_original_CA_coordinates.csv,416,5,0.5,52.2306
pdb2uui_A_original_CA_coordinates.csv,155,5,0.5,41.2277
pdb4rvo_A_original_CA_coordinates.csv,419,5,0.5,2.18667
pdb6lo9_A_original_CA_coordinates.csv,259,5,0.5,76.9464
pdb5f4n_A_original_CA_coordinates.csv,258,5,0.5,203.29
pdb5jo7_A_original_CA_coordinates.csv,510,5,0.5,286.912
pdb4gxb_A_original_CA_coordinates.csv,263,5,0.5,144.517
pdb7niv_D_original_CA_coordinates.csv,208,5,0.5,65.6101
pdb7ka0_A_original_CA_coordinates.csv,339,5,0.5,48.2821
pdb7go8_A_original_CA_coordinates.csv,182,5,0.5,18.638
pdb8g22_A_original_CA_coordinates.csv,286,5,0.5,28.9768
pdb5mmv_A_original_CA_coordinates.csv,166,5,0.5,39.5214
pdb3x3z_A_original_CA_coordinates.csv,619,5,0.5,2.55978
pdb8p88_A_original_CA_coordinates.csv,212,5,0.5,188.134
pdb7vvg_A_original_CA_coordinates.csv,166,5,0.5,177.13
pdb7em2_A_original_CA_coordinates.csv,313,5,0.5,157.644
pdb4b5n_A_original_CA_coordinates.csv,354,5,0.5,61.4257
pdb5due_A_original_CA_coordinates.csv,235,5,0.5,34.6613
pdb2x66_A_original_CA_coordinates.csv,343,5,0.5,26.9366
pdb4xqa_A_original_CA_coordinates.csv,184,5,0.5,2.18923
pdb7kb6_A_original_CA_coordinates.csv,850,5,0.5,0.884499
pdb5ao9_A_original_CA_coordinates.csv,280,5,0.5,5.90712
pdb5qit_A_original_CA_coordinates.csv,225,5,0.5,333.364
pdb5fwj_A_original_CA_coordinates.csv,435,5,0.5,334.787
pdb6tet_A_original_CA_coordinates.csv,392,5,0.5,40.3928
pdb5ji6_A_original_CA_coordinates.csv,368,5,0.5,23.5205
pdb4rtl_A_original_CA_coordinates.csv,254,5,0.5,25.3473
pdb6sz0_A_original_CA_coordinates.csv,397,5,0.5,106.972
pdb6a0e_A_original_CA_coordinates.csv,305,5,0.5,199.166
pdb4ooe_A_original_CA_coordinates.csv,376,5,0.5,0.196214
pdb6lgd_A_original_CA_coordinates.csv,570,5,0.5,0.588897
pdb4bds_A_original_CA_coordinates.csv,524,5,0.5,97.7479
pdb7zsp_A_original_CA_coordinates.csv,281,5,0.5,31.8585
pdb3ohs_X_original_CA_coordinates.csv,331,5,0.5,4.02615
pdb8c14_A_original_CA_coordinates.csv,263,5,0.5,22.9258
pdb2y9q_A_original_CA_coordinates.csv,350,5,0.5,294.409
pdb2oo0_A_original_CA_coordinates.csv,419,5,0.5,111.057
pdb5fz0_A_original_CA_coordinates.csv,453,5,0.5,40.5033
pdb5q8i_A_original_CA_coordinates.csv,341,5,0.5,0.198224
pdb7m0b_A_original_CA_coordinates.csv,331,5,0.5,213.359
pdb4kfn_A_original_CA_coordinates.csv,473,5,0.5,203.788
pdb4hlz_A_original_CA_coordinates.csv,317,5,0.5,117.237
pdb5jd9_A_original_CA_coordinates.csv,358,5,0.5,45.5766
pdb1h2g_A_original_CA_coordinates.csv,205,5,0.5,98.061
pdb5ryv_A_original_CA_coordinates.csv,284,5,0.5,154.332
pdb8bin_A_original_CA_coordinates.csv,264,5,0.5,3.94372
pdb2lok_A_original_CA_coordinates.csv,191,5,0.5,156.49
pdb3tgb_A_original_CA_coordinates.csv,184,5,0.5,14.694
pdb7c5o_O_original_CA_coordinates.csv,338,5,0.5,4.90766
pdb2atf_A_original_CA_coordinates.csv,183,5,0.5,35.0805
pdb6r3o_A_original_CA_coordinates.csv,500,5,0.5,558.57
pdb4yym_A_original_CA_coordinates.csv,132,5,0.5,15.1561
pdb4a8n_A_original_CA_coordinates.csv,386,5,0.5,15.4606
pdb6csw_A_original_CA_coordinates.csv,316,5,0.5,7.49781
pdb7twc_A_original_CA_coordinates.csv,409,5,0.5,165.524
pdb3fco_A_original_CA_coordinates.csv,267,5,0.5,71.236
pdb6mob_A_original_CA_coordinates.csv,306,5,0.5,53.423
pdb8oe5_A_original_CA_coordinates.csv,261,5,0.5,28.3721
pdb7dp3_A_original_CA_coordinates.csv,278,5,0.5,58.8944
pdb6yxi_A_original_CA_coordinates.csv,351,5,0.5,13.2616
pdb2c2h_A_original_CA_coordinates.csv,168,5,0.5,28.1021
pdb2g9i_A_original_CA_coordinates.csv,229,5,0.5,49.731
pdb5st9_A_original_CA_coordinates.csv,237,5,0.5,241.494
pdb8cnf_A_original_CA_coordinates.csv,316,5,0.5,99.2596
pdb4fmm_A_original_CA_coordinates.csv,324,5,0.5,59.8045
pdb4h82_A_original_CA_coordinates.csv,160,5,0.5,2.39957
pdb3u6e_A_original_CA_coordinates.csv,252,5,0.5,6.77858
pdb6szx_A_original_CA_coordinates.csv,161,5,0.5,167.122
pdb4zu6_X_original_CA_coordinates.csv,309,5,0.5,185.436
pdb4awi_A_original_CA_coordinates.csv,352,5,0.5,41.8342
pdb6qyi_A_original_CA_coordinates.csv,518,5,0.5,124.22
pdb8xxb_A_original_CA_coordinates.csv,222,5,0.5,6.79387
pdb4i97_A_original_CA_coordinates.csv,207,5,0.5,19.5929
pdb6zwh_A_original_CA_coordinates.csv,351,5,0.5,21.5579
pdb4jcz_A_original_CA_coordinates.csv,147,5,0.5,41.8209
pdb2p01_A_original_CA_coordinates.csv,323,5,0.5,34.293
pdb4ld1_A_original_CA_coordinates.csv,157,5,0.5,5.35872
pdb5apg_A_original_CA_coordinates.csv,180,5,0.5,54.8499
pdb8b0r_A_original_CA_coordinates.csv,496,5,0.5,195.677
pdb7jid_A_original_CA_coordinates.csv,287,5,0.5,112.673
pdb5eg4_A_original_CA_coordinates.csv,220,5,0.5,30.4438
pdb4qa4_A_original_CA_coordinates.csv,366,5,0.5,51.0023
pdb3lxl_A_original_CA_coordinates.csv,281,5,0.5,197.636
pdb8fp0_A_original_CA_coordinates.csv,274,5,0.5,68.7198
pdb8dhf_A_original_CA_coordinates.csv,355,5,0.5,32.3313
pdb7yko_A_original_CA_coordinates.csv,259,5,0.5,28.4266
pdb5aqe_A_original_CA_coordinates.csv,269,5,0.5,2.97085
pdb5plh_A_original_CA_coordinates.csv,331,5,0.5,43.7909
pdb5m5u_A_original_CA_coordinates.csv,360,5,0.5,106.417
pdb6h8b_B_original_CA_coordinates.csv,268,5,0.5,1.09966
pdb5r8k_A_original_CA_coordinates.csv,152,5,0.5,39.3103
pdb6ckc_A_original_CA_coordinates.csv,625,5,0.5,3.62566
pdb5sez_A_original_CA_coordinates.csv,312,5,0.5,8.34811
pdb4fk4_A_original_CA_coordinates.csv,901,5,0.5,75.9542
pdb5zyl_A_original_CA_coordinates.csv,235,5,0.5,27.1981
pdb4l9n_A_original_CA_coordinates.csv,137,5,0.5,96.0274
pdb6y1k_H_original_CA_coordinates.csv,216,5,0.5,22.6239
pdb5b5z_A_original_CA_coordinates.csv,240,5,0.5,30.7826
pdb4mpn_A_original_CA_coordinates.csv,363,5,0.5,952.069
pdb3at8_A_original_CA_coordinates.csv,196,5,0.5,5.44783
pdb4jgk_A_original_CA_coordinates.csv,164,5,0.5,1.16024
pdb8ei7_A_original_CA_coordinates.csv,375,5,0.5,7.56132
pdb6ev9_A_original_CA_coordinates.csv,496,5,0.5,56.4274
pdb6hur_A_original_CA_coordinates.csv,428,5,0.5,15.3256
pdb6nmn_A_original_CA_coordinates.csv,253,5,0.5,229.629
pdb5k9m_A_original_CA_coordinates.csv,353,5,0.5,4.33419
pdb5g0t_A_original_CA_coordinates.csv,260,5,0.5,16.762
pdb5n3f_A_original_CA_coordinates.csv,318,5,0.5,250.172
pdb4dlr_A_original_CA_coordinates.csv,166,5,0.5,80.9129
pdb4y0x_A_original_CA_coordinates.csv,322,5,0.5,6.74819
pdb6hbz_A_original_CA_coordinates.csv,269,5,0.5,70.8746
pdb3r09_A_original_CA_coordinates.csv,194,5,0.5,7.5048
pdb8ej0_A_original_CA_coordinates.csv,567,5,0.5,597.747
pdb8cis_A_original_CA_coordinates.csv,312,5,0.5,458.864
pdb3mau_A_original_CA_coordinates.csv,452,5,0.5,188.932
pdb3nft_A_original_CA_coordinates.csv,262,5,0.5,397.002
pdb5f0v_A_original_CA_coordinates.csv,394,5,0.5,15.3479
pdb2qlt_A_original_CA_coordinates.csv,251,5,0.5,31.4147
pdb4di9_A_original_CA_coordinates.csv,293,5,0.5,56.5667
pdb3bwr_A_original_CA_coordinates.csv,267,5,0.5,1.79288
pdb4ry8_A_original_CA_coordinates.csv,315,5,0.5,218.169
pdb4cdp_A_original_CA_coordinates.csv,333,5,0.5,7.98451
pdb4ly1_A_original_CA_coordinates.csv,368,5,0.5,23.4937
pdb3prs_A_original_CA_coordinates.csv,330,5,0.5,1.4198
pdb7foh_A_original_CA_coordinates.csv,237,5,0.5,53.3231
pdb5r7y_A_original_CA_coordinates.csv,304,5,0.5,169.245
pdb4q9p_A_original_CA_coordinates.csv,131,5,0.5,10.3933
pdb6dvl_A_original_CA_coordinates.csv,356,5,0.5,338.357
pdb6rli_A_original_CA_coordinates.csv,250,5,0.5,56.4802
pdb5ug8_A_original_CA_coordinates.csv,280,5,0.5,22.7309
pdb7r5f_A_original_CA_coordinates.csv,149,5,0.5,79.3041
pdb5dkb_A_original_CA_coordinates.csv,230,5,0.5,187.361
pdb3gmn_A_original_CA_coordinates.csv,268,5,0.5,123.105
pdb5erq_A_original_CA_coordinates.csv,417,5,0.5,8.1882
pdb5sj6_A_original_CA_coordinates.csv,314,5,0.5,33.5159
pdb4hzf_A_original_CA_coordinates.csv,200,5,0.5,21.9197
pdb5hyh_A_original_CA_coordinates.csv,287,5,0.5,22.3284
pdb8doy_A_original_CA_coordinates.csv,302,5,0.5,4.76287
pdb4ljy_A_original_CA_coordinates.csv,438,5,0.5,111.705
pdb4qrz_A_original_CA_coordinates.csv,383,5,0.5,12.7656
pdb6zir_A_original_CA_coordinates.csv,163,5,0.5,58.9845
pdb7n8t_A_original_CA_coordinates.csv,355,5,0.5,5.44376
pdb7so8_A_original_CA_coordinates.csv,219,5,0.5,42.1461
pdb2ll7_A_original_CA_coordinates.csv,148,5,0.5,2.34667
pdb2o1v_A_original_CA_coordinates.csv,578,5,0.5,41.9898
pdb5d87_A_original_CA_coordinates.csv,316,5,0.5,3.65061
pdb4dj9_A_original_CA_coordinates.csv,243,5,0.5,2.15256
pdb8b7i_A_original_CA_coordinates.csv,213,5,0.5,96.6695
pdb6p5o_A_original_CA_coordinates.csv,619,5,0.5,168.825
pdb6jit_A_original_CA_coordinates.csv,284,5,0.5,36.7486
pdb2gzq_A_original_CA_coordinates.csv,186,5,0.5,210.232
pdb8qeu_A_original_CA_coordinates.csv,304,5,0.5,64.797
pdb2qh1_A_original_CA_coordinates.csv,179,5,0.5,43.6616
pdb5w89_A_original_CA_coordinates.csv,141,5,0.5,8.5617
pdb4equ_A_original_CA_coordinates.csv,274,5,0.5,2.96077
pdb7xzf_A_original_CA_coordinates.csv,443,5,0.5,51.0123
pdb7obk_A_original_CA_coordinates.csv,234,5,0.5,74.6076
pdb2ftq_A_original_CA_coordinates.csv,263,5,0.5,21.5493
pdb2xme_A_original_CA_coordinates.csv,201,5,0.5,98.8616
pdb6mbh_A_original_CA_coordinates.csv,286,5,0.5,14.7377
pdb4fek_A_original_CA_coordinates.csv,249,5,0.5,2.1781
pdb6w3o_A_original_CA_coordinates.csv,244,5,0.5,2.09132
pdb4xmt_A_original_CA_coordinates.csv,867,5,0.5,5.90793
pdb4obq_A_original_CA_coordinates.csv,275,5,0.5,14.9798
pdb8st8_A_original_CA_coordinates.csv,195,5,0.5,26.9313
pdb5shp_A_original_CA_coordinates.csv,312,5,0.5,32.6406
pdb3iwk_A_original_CA_coordinates.csv,496,5,0.5,217.622
pdb3vwv_A_original_CA_coordinates.csv,182,5,0.5,32.6225
pdb7l9s_A_original_CA_coordinates.csv,226,5,0.5,43.3891
pdb4yxo_A_original_CA_coordinates.csv,257,5,0.5,33.3987
pdb3hr5_L_original_CA_coordinates.csv,219,5,0.5,78.0323
pdb3lq3_A_original_CA_coordinates.csv,339,5,0.5,100.66
pdb7dob_A_original_CA_coordinates.csv,277,5,0.5,152.478
pdb5kre_A_original_CA_coordinates.csv,224,5,0.5,20.7233
pdb7b4r_A_original_CA_coordinates.csv,217,5,0.5,11.0994
pdb6ckz_A_original_CA_coordinates.csv,146,5,0.5,284.283
pdb2jly_A_original_CA_coordinates.csv,451,5,0.5,16.8106
pdb6fqv_A_original_CA_coordinates.csv,482,5,0.5,17.711
pdb3fm9_A_original_CA_coordinates.csv,220,5,0.5,57.2243
pdb4kep_A_original_CA_coordinates.csv,273,5,0.5,4.63306
pdb4k3b_A_original_CA_coordinates.csv,771,5,0.5,11.2743
pdb7ree_A_original_CA_coordinates.csv,290,5,0.5,22.0483
pdb2wqs_A_original_CA_coordinates.csv,333,5,0.5,12.8515
pdb6cik_A_original_CA_coordinates.csv,607,5,0.5,821.446
pdb7auj_A_original_CA_coordinates.csv,158,5,0.5,86.6279
pdb3iis_M_original_CA_coordinates.csv,151,5,0.5,2.92114
pdb4ibt_A_original_CA_coordinates.csv,196,5,0.5,7.93835
pdb5bod_A_original_CA_coordinates.csv,192,5,0.5,21.6157
pdb4kcv_B_original_CA_coordinates.csv,498,5,0.5,33.4089
pdb1t17_A_original_CA_coordinates.csv,148,5,0.5,31.7544
pdb8fiu_A_original_CA_coordinates.csv,219,5,0.5,5.47652
pdb5sly_D_original_CA_coordinates.csv,457,5,0.5,1286.63
pdb4kf9_A_original_CA_coordinates.csv,318,5,0.5,40.0191
pdb7l6t_A_original_CA_coordinates.csv,299,5,0.5,23.3567
pdb4g5h_A_original_CA_coordinates.csv,346,5,0.5,64.3744
pdb6r1m_A_original_CA_coordinates.csv,427,5,0.5,5.84344
pdb6g8l_A_original_CA_coordinates.csv,236,5,0.5,72.3511
pdb5qq0_A_original_CA_coordinates.csv,360,5,0.5,27.0224
pdb7o51_A_original_CA_coordinates.csv,207,5,0.5,39.2261
pdb7w2w_A_original_CA_coordinates.csv,771,5,0.5,36.9853
pdb5ts5_A_original_CA_coordinates.csv,483,5,0.5,59.4629
pdb5tpa_A_original_CA_coordinates.csv,275,5,0.5,29.5482
pdb6h0y_A_original_CA_coordinates.csv,330,5,0.5,196.96
pdb6ph0_A_original_CA_coordinates.csv,162,5,0.5,24.097
pdb4im4_A_original_CA_coordinates.csv,336,5,0.5,7.66627
pdb6v3u_A_original_CA_coordinates.csv,207,5,0.5,94.5397
pdb5r4w_A_original_CA_coordinates.csv,130,5,0.5,6.22048
pdb7tss_A_original_CA_coordinates.csv,217,5,0.5,12.8129
pdb6uo5_A_original_CA_coordinates.csv,358,5,0.5,38.482
pdb4mde_A_original_CA_coordinates.csv,171,5,0.5,9.46111
pdb4pcz_A_original_CA_coordinates.csv,271,5,0.5,107.555
pdb3s1w_A_original_CA_coordinates.csv,223,5,0.5,214.616
pdb6bee_A_original_CA_coordinates.csv,542,5,0.5,231.95
pdb5ocq_A_original_CA_coordinates.csv,271,5,0.5,18.0811
pdb4m4v_A_original_CA_coordinates.csv,385,5,0.5,5.89969
pdb8dse_A_original_CA_coordinates.csv,468,5,0.5,57.2383
pdb5jbd_A_original_CA_coordinates.csv,854,5,0.5,0.194579
pdb4iqf_A_original_CA_coordinates.csv,308,5,0.5,100.546
pdb5r0t_A_original_CA_coordinates.csv,237,5,0.5,383.012
pdb5f07_A_original_CA_coordinates.csv,212,5,0.5,3.90096
pdb5v1w_A_original_CA_coordinates.csv,752,5,0.5,4.49663
pdb6ckv_A_original_CA_coordinates.csv,156,5,0.5,19.1201
pdb2hit_L_original_CA_coordinates.csv,281,5,0.5,66.8223
pdb5f90_A_original_CA_coordinates.csv,150,5,0.5,73.8582
pdb7ob1_A_original_CA_coordinates.csv,677,5,0.5,0.0108225
pdb4dtj_A_original_CA_coordinates.csv,901,5,0.5,1.46977
pdb3q65_A_original_CA_coordinates.csv,316,5,0.5,6.80135
pdb3p53_A_original_CA_coordinates.csv,486,5,0.5,26.2161
pdb2hi0_A_original_CA_coordinates.csv,235,5,0.5,12.7656
pdb2e1y_A_original_CA_coordinates.csv,394,5,0.5,40.734
pdb6dxc_A_original_CA_coordinates.csv,377,5,0.5,76.8471
pdb4hw4_A_original_CA_coordinates.csv,154,5,0.5,3.61707
pdb2qm4_A_original_CA_coordinates.csv,223,5,0.5,9.70519
pdb5rgj_A_original_CA_coordinates.csv,304,5,0.5,435.624
pdb7q7d_A_original_CA_coordinates.csv,280,5,0.5,4.17035
pdb5fda_A_original_CA_coordinates.csv,154,5,0.5,1.38681
pdb8s0u_A_original_CA_coordinates.csv,257,5,0.5,86.0444
pdb7svm_A_original_CA_coordinates.csv,852,5,0.5,0.00451233
pdb5qor_A_original_CA_coordinates.csv,149,5,0.5,58.1032
pdb5n1l_A_original_CA_coordinates.csv,347,5,0.5,16.4968
pdb6ehn_A_original_CA_coordinates.csv,397,5,0.5,121.543
pdb6tfq_A_original_CA_coordinates.csv,489,5,0.5,138.255
pdb4mp8_A_original_CA_coordinates.csv,334,5,0.5,50.2378
pdb4al4_A_original_CA_coordinates.csv,330,5,0.5,50.3978
pdb5sdt_A_original_CA_coordinates.csv,419,5,0.5,433.69
pdb6bh5_A_original_CA_coordinates.csv,292,5,0.5,56.62
pdb4osk_A_original_CA_coordinates.csv,490,5,0.5,10.1546
pdb5abw_A_original_CA_coordinates.csv,209,5,0.5,5.89708
pdb3kog_A_original_CA_coordinates.csv,224,5,0.5,56.5763
pdb6t4g_A_original_CA_coordinates.csv,241,5,0.5,92.1984
pdb3fw2_A_original_CA_coordinates.csv,147,5,0.5,43.526
pdb6cz8_C_original_CA_coordinates.csv,807,5,0.5,1.68558
pdb7bon_A_original_CA_coordinates.csv,171,5,0.5,3.89899
pdb6jr5_A_original_CA_coordinates.csv,268,5,0.5,126.474
pdb3p97_A_original_CA_coordinates.csv,256,5,0.5,41.1573
pdb5th4_A_original_CA_coordinates.csv,257,5,0.5,14.6084
pdb6dxd_A_original_CA_coordinates.csv,388,5,0.5,102.469
pdb6xix_A_original_CA_coordinates.csv,219,5,0.5,46.5171
pdb4gi5_A_original_CA_coordinates.csv,253,5,0.5,259.599
pdb4enz_A_original_CA_coordinates.csv,1029,5,0.5,25.6214
pdb4exg_A_original_CA_coordinates.csv,377,5,0.5,85.6864
pdb3njz_A_original_CA_coordinates.csv,364,5,0.5,140.243
pdb7rxi_L_original_CA_coordinates.csv,207,5,0.5,12.5074
pdb7tlr_A_original_CA_coordinates.csv,408,5,0.5,0.248185
pdb5woy_A_original_CA_coordinates.csv,248,5,0.5,11.5437
pdb7ayw_A_original_CA_coordinates.csv,138,5,0.5,5.41746
pdb4a07_A_original_CA_coordinates.csv,282,5,0.5,13.4687
pdb3cny_A_original_CA_coordinates.csv,294,5,0.5,23.4027
pdb2hvl_A_original_CA_coordinates.csv,285,5,0.5,9.67926
pdb5w5b_A_original_CA_coordinates.csv,219,5,0.5,61.8565
pdb7cer_A_original_CA_coordinates.csv,414,5,0.5,37.9149
pdb3hbk_A_original_CA_coordinates.csv,230,5,0.5,24.7153
pdb2jog_A_original_CA_coordinates.csv,327,5,0.5,44.7553
pdb5rt0_A_original_CA_coordinates.csv,167,5,0.5,44.9641
pdb4gpv_A_original_CA_coordinates.csv,324,5,0.5,484.529
pdb3f95_A_original_CA_coordinates.csv,175,5,0.5,57.3092
pdb3mwq_A_original_CA_coordinates.csv,256,5,0.5,9.23432
pdb5ok3_A_original_CA_coordinates.csv,349,5,0.5,324.348
pdb7fkq_A_original_CA_coordinates.csv,237,5,0.5,10.4209
pdb5uto_A_original_CA_coordinates.csv,288,5,0.5,12.492
pdb6zjd_A_original_CA_coordinates.csv,214,5,0.5,50.8605
pdb4lqb_A_original_CA_coordinates.csv,129,5,0.5,25.5172
pdb6zzm_A_original_CA_coordinates.csv,237,5,0.5,4.79771
pdb6gke_A_original_CA_coordinates.csv,309,5,0.5,167.355
pdb6ta7_A_original_CA_coordinates.csv,131,5,0.5,5.80791
pdb5onp_A_original_CA_coordinates.csv,316,5,0.5,68.7694
pdb5hkq_A_original_CA_coordinates.csv,142,5,0.5,2.09299
pdb5v4i_A_original_CA_coordinates.csv,129,5,0.5,1.82156
pdb7mt5_A_original_CA_coordinates.csv,264,5,0.5,11.5329
pdb3fkq_A_original_CA_coordinates.csv,344,5,0.5,59.0729
pdb4wuq_A_original_CA_coordinates.csv,258,5,0.5,1.74301
pdb7brz_A_original_CA_coordinates.csv,223,5,0.5,20.4444
pdb5sd7_A_original_CA_coordinates.csv,186,5,0.5,233.036
pdb8ab2_A_original_CA_coordinates.csv,329,5,0.5,65.9027
pdb5ijw_A_original_CA_coordinates.csv,272,5,0.5,1.85271
pdb6ilq_A_original_CA_coordinates.csv,247,5,0.5,210.327
pdb3m2d_A_original_CA_coordinates.csv,291,5,0.5,95.7939
pdb4d1w_A_original_CA_coordinates.csv,226,5,0.5,188.205
pdb8cpn_A_original_CA_coordinates.csv,156,5,0.5,16.3843
pdb5uli_A_original_CA_coordinates.csv,358,5,0.5,109.505
pdb4yrr_A_original_CA_coordinates.csv,410,5,0.5,17.2731
pdb6bum_A_original_CA_coordinates.csv,362,5,0.5,8.19097
pdb6el0_A_original_CA_coordinates.csv,324,5,0.5,165.966
pdb2auw_A_original_CA_coordinates.csv,148,5,0.5,7.32491
pdb7c60_A_original_CA_coordinates.csv,297,5,0.5,7.76742
pdb5hme_A_original_CA_coordinates.csv,456,5,0.5,1112.41
pdb8arl_A_original_CA_coordinates.csv,232,5,0.5,0.338554
pdb1m40_A_original_CA_coordinates.csv,263,5,0.5,7.84002
pdb5dw3_A_original_CA_coordinates.csv,382,5,0.5,427.744
pdb3oqh_A_original_CA_coordinates.csv,215,5,0.5,64.9144
pdb7ftf_A_original_CA_coordinates.csv,358,5,0.5,4.04891
pdb5ecu_A_original_CA_coordinates.csv,350,5,0.5,12.9556
