p_pdb_id,Residue length,actual_hinge_cnt,sigma,average_delta_g
pdb2b44_A_original_CA_coordinates.csv,129,4,0.5,0.777786
pdb6gjy_A_original_CA_coordinates.csv,165,4,0.5,38.3508
pdb3hc4_H_original_CA_coordinates.csv,212,4,0.5,4.99636
pdb7lg4_A_original_CA_coordinates.csv,227,4,0.5,5.4773
pdb2lgh_A_original_CA_coordinates.csv,144,4,0.5,27.5125
pdb7wxl_A_original_CA_coordinates.csv,310,4,0.5,15.539
pdb7ycq_A_original_CA_coordinates.csv,111,4,0.5,35.9681
pdb5qfq_A_original_CA_coordinates.csv,284,4,0.5,232.136
pdb4eem_A_original_CA_coordinates.csv,273,4,0.5,3.95021
pdb4whn_A_original_CA_coordinates.csv,170,4,0.5,8.06594
pdb3ju3_A_original_CA_coordinates.csv,113,4,0.5,0.535733
pdb6i62_A_original_CA_coordinates.csv,224,4,0.5,0.85959
pdb4lgn_A_original_CA_coordinates.csv,739,4,0.5,2.36144
pdb4yjv_A_original_CA_coordinates.csv,263,4,0.5,6.81027
pdb2edl_A_original_CA_coordinates.csv,110,4,0.5,37.6136
pdb1zja_A_original_CA_coordinates.csv,557,4,0.5,60.7943
pdb8h63_A_original_CA_coordinates.csv,462,4,0.5,146.674
pdb1kz1_A_original_CA_coordinates.csv,150,4,0.5,0.0370484
pdb6mt3_A_original_CA_coordinates.csv,276,4,0.5,26.5482
pdb4jsf_A_original_CA_coordinates.csv,407,4,0.5,30.2194
pdb5ecw_A_original_CA_coordinates.csv,132,4,0.5,0.537487
pdb7tbr_A_original_CA_coordinates.csv,142,4,0.5,1.29178
pdb6y9f_A_original_CA_coordinates.csv,288,4,0.5,12.1365
pdb8e8j_A_original_CA_coordinates.csv,425,4,0.5,17.608
pdb3ze8_A_original_CA_coordinates.csv,277,4,0.5,1.33985
pdb2lc9_A_original_CA_coordinates.csv,164,4,0.5,13.6739
pdb2hdj_A_original_CA_coordinates.csv,322,4,0.5,9.99736
pdb3uiq_A_original_CA_coordinates.csv,901,4,0.5,2.77359
pdb3h54_A_original_CA_coordinates.csv,387,4,0.5,12.4445
pdb4q81_A_original_CA_coordinates.csv,257,4,0.5,290.497
pdb8f7h_A_original_CA_coordinates.csv,428,4,0.5,38.8317
pdb5qzq_A_original_CA_coordinates.csv,237,4,0.5,41.4316
pdb3bvl_A_original_CA_coordinates.csv,172,4,0.5,0.0958109
pdb7lsa_A_original_CA_coordinates.csv,760,4,0.5,0.492045
pdb6pvz_A_original_CA_coordinates.csv,188,4,0.5,32.8763
pdb7kua_A_original_CA_coordinates.csv,149,4,0.5,3.36476
pdb4wpn_A_original_CA_coordinates.csv,494,4,0.5,157.902
pdb5hhj_A_original_CA_coordinates.csv,294,4,0.5,5.37339
pdb4idz_A_original_CA_coordinates.csv,437,4,0.5,13.7069
pdb3nfa_A_original_CA_coordinates.csv,149,4,0.5,0.326804
pdb8j0v_X_original_CA_coordinates.csv,173,4,0.5,10.6466
pdb6z8j_A_original_CA_coordinates.csv,279,4,0.5,87.3629
pdb3mfs_A_original_CA_coordinates.csv,303,4,0.5,0.524825
pdb2bid_A_original_CA_coordinates.csv,197,4,0.5,11.6151
pdb4icy_A_original_CA_coordinates.csv,462,4,0.5,3569.61
pdb4y4b_A_original_CA_coordinates.csv,330,4,0.5,6.64045
pdb4tjw_A_original_CA_coordinates.csv,199,4,0.5,11.6837
pdb5nkl_A_original_CA_coordinates.csv,540,4,0.5,130.105
pdb5yjk_A_original_CA_coordinates.csv,221,4,0.5,23.8086
pdb5chu_A_original_CA_coordinates.csv,359,4,0.5,87.5915
pdb7ea2_B_original_CA_coordinates.csv,107,4,0.5,0.646307
pdb6gvi_A_original_CA_coordinates.csv,910,4,0.5,0.772774
pdb3k50_A_original_CA_coordinates.csv,376,4,0.5,20.5223
pdb1gx4_A_original_CA_coordinates.csv,287,4,0.5,27.4654
pdb7p49_A_original_CA_coordinates.csv,276,4,0.5,55.0212
pdb8cif_H_original_CA_coordinates.csv,255,4,0.5,106.867
pdb6ir6_A_original_CA_coordinates.csv,232,4,0.5,114.45
pdb4g4q_A_original_CA_coordinates.csv,254,4,0.5,0.749341
pdb4zgj_A_original_CA_coordinates.csv,204,4,0.5,61.8602
pdb4p31_A_original_CA_coordinates.csv,230,4,0.5,302.849
pdb6hos_A_original_CA_coordinates.csv,213,4,0.5,3.00617
pdb2f8d_A_original_CA_coordinates.csv,221,4,0.5,36.7649
pdb2w8h_A_original_CA_coordinates.csv,322,4,0.5,76.1173
pdb8elt_A_original_CA_coordinates.csv,166,4,0.5,0.304586
pdb6qi3_A_original_CA_coordinates.csv,298,4,0.5,21.4173
pdb4n2r_A_original_CA_coordinates.csv,306,4,0.5,123.797
pdb4nnm_A_original_CA_coordinates.csv,111,4,0.5,1.55446
pdb4o04_A_original_CA_coordinates.csv,208,4,0.5,52.7971
pdb2jbh_A_original_CA_coordinates.csv,207,4,0.5,5.27591
pdb7xza_A_original_CA_coordinates.csv,443,4,0.5,49.8597
pdb7lco_A_original_CA_coordinates.csv,306,4,0.5,131.228
pdb2y6g_A_original_CA_coordinates.csv,167,4,0.5,11.0591
pdb4jrh_A_original_CA_coordinates.csv,412,4,0.5,28.1927
pdb6qq9_A_original_CA_coordinates.csv,225,4,0.5,1.80696
pdb3paj_A_original_CA_coordinates.csv,302,4,0.5,20.0758
pdb7m26_A_original_CA_coordinates.csv,258,4,0.5,16.2766
pdb2boj_A_original_CA_coordinates.csv,114,4,0.5,22.0592
pdb7b82_A_original_CA_coordinates.csv,105,4,0.5,0.633761
pdb8q1n_A_original_CA_coordinates.csv,320,4,0.5,4.87879
pdb7fzt_A_original_CA_coordinates.csv,130,4,0.5,5.3855
pdb6ach_A_original_CA_coordinates.csv,364,4,0.5,8.87414
pdb3kae_A_original_CA_coordinates.csv,225,4,0.5,22.4904
pdb5hvy_A_original_CA_coordinates.csv,335,4,0.5,126.844
pdb6iv7_A_original_CA_coordinates.csv,386,4,0.5,168.204
pdb5n0g_A_original_CA_coordinates.csv,208,4,0.5,1.55947
pdb6g8t_A_original_CA_coordinates.csv,106,4,0.5,1.8893
pdb4cn9_A_original_CA_coordinates.csv,397,4,0.5,417.648
pdb6z2o_A_original_CA_coordinates.csv,354,4,0.5,143.782
pdb6t5l_A_original_CA_coordinates.csv,224,4,0.5,10.6199
pdb4r66_A_original_CA_coordinates.csv,326,4,0.5,43.3462
pdb5pjt_A_original_CA_coordinates.csv,331,4,0.5,57.3491
pdb6lul_B_original_CA_coordinates.csv,224,4,0.5,166.864
pdb2rr6_A_original_CA_coordinates.csv,168,4,0.5,1.11724
pdb3ioj_A_original_CA_coordinates.csv,284,4,0.5,54.8835
pdb3ckg_A_original_CA_coordinates.csv,236,4,0.5,13.8038
pdb5uav_A_original_CA_coordinates.csv,278,4,0.5,8.64606
pdb8i4j_A_original_CA_coordinates.csv,220,4,0.5,8.89555
pdb6lqo_A_original_CA_coordinates.csv,258,4,0.5,44.7752
pdb3fj1_A_original_CA_coordinates.csv,326,4,0.5,27.6932
pdb4pg7_A_original_CA_coordinates.csv,402,4,0.5,147.729
pdb2qnl_A_original_CA_coordinates.csv,159,4,0.5,4.33901
pdb7tl4_A_original_CA_coordinates.csv,184,4,0.5,167.498
pdb6prc_C_original_CA_coordinates.csv,332,4,0.5,14.7247
pdb1fdt_A_original_CA_coordinates.csv,285,4,0.5,41.7703
pdb6c8q_A_original_CA_coordinates.csv,268,4,0.5,294.67
pdb6oe6_A_original_CA_coordinates.csv,127,4,0.5,21.2392
pdb4l7t_A_original_CA_coordinates.csv,490,4,0.5,2.7566
pdb6btf_A_original_CA_coordinates.csv,317,4,0.5,0.137459
pdb5r96_A_original_CA_coordinates.csv,347,4,0.5,245.415
pdb3smv_A_original_CA_coordinates.csv,233,4,0.5,7.27532
pdb2fvv_A_original_CA_coordinates.csv,135,4,0.5,11.6064
pdb3cg6_A_original_CA_coordinates.csv,131,4,0.5,5.0644
pdb3hob_M_original_CA_coordinates.csv,156,4,0.5,9.1063
pdb3zjf_A_original_CA_coordinates.csv,322,4,0.5,250.106
pdb8tuv_A_original_CA_coordinates.csv,425,4,0.5,16.5721
pdb4ok3_A_original_CA_coordinates.csv,426,4,0.5,18.9132
pdb5ii8_A_original_CA_coordinates.csv,131,4,0.5,27.7766
pdb5v0r_A_original_CA_coordinates.csv,145,4,0.5,113.185
pdb7lp0_A_original_CA_coordinates.csv,111,4,0.5,2.72366
pdb3as5_A_original_CA_coordinates.csv,183,4,0.5,0.449233
pdb7bqi_A_original_CA_coordinates.csv,174,4,0.5,7.98509
pdb4yk9_A_original_CA_coordinates.csv,142,4,0.5,18.1972
pdb4dl2_A_original_CA_coordinates.csv,428,4,0.5,3.91853
pdb6y4w_A_original_CA_coordinates.csv,341,4,0.5,55.5311
pdb4ega_A_original_CA_coordinates.csv,522,4,0.5,220.931
pdb3ndo_A_original_CA_coordinates.csv,225,4,0.5,19.7514
pdb1x7x_A_original_CA_coordinates.csv,370,4,0.5,36.1161
pdb6zzj_A_original_CA_coordinates.csv,240,4,0.5,71.2574
pdb2vfo_A_original_CA_coordinates.csv,555,4,0.5,55.8541
pdb5q3r_A_original_CA_coordinates.csv,341,4,0.5,281.804
pdb7lmf_A_original_CA_coordinates.csv,305,4,0.5,115.902
pdb7vj6_A_original_CA_coordinates.csv,453,4,0.5,1.87607
pdb6n0q_A_original_CA_coordinates.csv,257,4,0.5,99.0405
pdb5moc_A_original_CA_coordinates.csv,227,4,0.5,19.6991
pdb3ugq_A_original_CA_coordinates.csv,426,4,0.5,50.7784
pdb1ak7_A_original_CA_coordinates.csv,174,4,0.5,156.151
pdb2c0c_A_original_CA_coordinates.csv,353,4,0.5,73.5827
pdb5yrd_A_original_CA_coordinates.csv,241,4,0.5,2.79558
pdb3ch2_X_original_CA_coordinates.csv,256,4,0.5,21.6246
pdb6aw6_A_original_CA_coordinates.csv,216,4,0.5,11.9725
pdb3vcz_A_original_CA_coordinates.csv,127,4,0.5,42.8094
pdb3x2k_A_original_CA_coordinates.csv,180,4,0.5,27.9467
pdb4qcd_A_original_CA_coordinates.csv,242,4,0.5,48.0445
pdb5r86_A_original_CA_coordinates.csv,149,4,0.5,6.5277
pdb4yvy_A_original_CA_coordinates.csv,256,4,0.5,14.9642
pdb5hf1_A_original_CA_coordinates.csv,117,4,0.5,10.1736
pdb7qwj_A_original_CA_coordinates.csv,298,4,0.5,28.6327
pdb7l3i_A_original_CA_coordinates.csv,162,4,0.5,1.4931
pdb5sua_A_original_CA_coordinates.csv,237,4,0.5,34.9516
pdb7p1q_A_original_CA_coordinates.csv,383,4,0.5,7.96732
pdb2lll_A_original_CA_coordinates.csv,121,4,0.5,16.3923
pdb4lil_A_original_CA_coordinates.csv,370,4,0.5,49.2243
pdb5c0u_A_original_CA_coordinates.csv,208,4,0.5,41.6653
pdb4w7k_A_original_CA_coordinates.csv,446,4,0.5,82.5669
pdb1koi_A_original_CA_coordinates.csv,184,4,0.5,142.784
pdb2c4e_A_original_CA_coordinates.csv,299,4,0.5,81.6469
pdb5jcz_A_original_CA_coordinates.csv,172,4,0.5,11.7554
pdb7t5r_A_original_CA_coordinates.csv,257,4,0.5,148.374
pdb4ptm_A_original_CA_coordinates.csv,397,4,0.5,57.9254
pdb6y80_A_original_CA_coordinates.csv,347,4,0.5,26.5803
pdb4dqj_A_original_CA_coordinates.csv,137,4,0.5,44.2233
pdb6tpc_A_original_CA_coordinates.csv,305,4,0.5,5.77536
pdb8d9c_A_original_CA_coordinates.csv,354,4,0.5,127.975
pdb7mk3_A_original_CA_coordinates.csv,361,4,0.5,14.963
pdb6pna_A_original_CA_coordinates.csv,415,4,0.5,18.992
pdb3zpm_A_original_CA_coordinates.csv,211,4,0.5,9.21013
pdb3vg1_A_original_CA_coordinates.csv,376,4,0.5,239.649
pdb6tbe_A_original_CA_coordinates.csv,116,4,0.5,32.6139
pdb5qrh_A_original_CA_coordinates.csv,171,4,0.5,0.933826
pdb3gt4_A_original_CA_coordinates.csv,279,4,0.5,0.322006
pdb4zcg_A_original_CA_coordinates.csv,342,4,0.5,43.0881
pdb5vcy_A_original_CA_coordinates.csv,296,4,0.5,19.7889
pdb5ymx_A_original_CA_coordinates.csv,202,4,0.5,84.8781
pdb7pj8_A_original_CA_coordinates.csv,161,4,0.5,101.575
pdb1evq_A_original_CA_coordinates.csv,304,4,0.5,4.13841
pdb5gr2_A_original_CA_coordinates.csv,755,4,0.5,15.1727
pdb5nu9_A_original_CA_coordinates.csv,174,4,0.5,2.51611
pdb5ggi_A_original_CA_coordinates.csv,394,4,0.5,0.304937
pdb6l72_A_original_CA_coordinates.csv,294,4,0.5,61.2499
pdb6ood_A_original_CA_coordinates.csv,155,4,0.5,157.686
pdb5psl_A_original_CA_coordinates.csv,121,4,0.5,10.6904
pdb5kn9_A_original_CA_coordinates.csv,222,4,0.5,58.0685
pdb8pku_A_original_CA_coordinates.csv,290,4,0.5,11.8115
pdb3f1p_A_original_CA_coordinates.csv,114,4,0.5,0.747506
pdb5d7d_A_original_CA_coordinates.csv,193,4,0.5,51.4378
pdb6fmw_A_original_CA_coordinates.csv,270,4,0.5,2.39591
pdb6cf8_A_original_CA_coordinates.csv,510,4,0.5,363.134
pdb4hh5_A_original_CA_coordinates.csv,163,4,0.5,5.6813
pdb5qzz_A_original_CA_coordinates.csv,237,4,0.5,0.299874
pdb1k0x_A_original_CA_coordinates.csv,108,4,0.5,9.13004
pdb2mxx_A_original_CA_coordinates.csv,179,4,0.5,68.8335
pdb3ld3_A_original_CA_coordinates.csv,171,4,0.5,17.0066
pdb6np1_A_original_CA_coordinates.csv,268,4,0.5,317.933
pdb5reu_A_original_CA_coordinates.csv,304,4,0.5,0.322303
pdb2oym_A_original_CA_coordinates.csv,434,4,0.5,21.8084
pdb4pkr_A_original_CA_coordinates.csv,495,4,0.5,61.1268
pdb6ct3_A_original_CA_coordinates.csv,249,4,0.5,18.3501
pdb2mg5_A_original_CA_coordinates.csv,148,4,0.5,0.341432
pdb8h5p_A_original_CA_coordinates.csv,306,4,0.5,74.5241
pdb7gd1_A_original_CA_coordinates.csv,304,4,0.5,3.41
pdb4i8i_A_original_CA_coordinates.csv,250,4,0.5,5.21339
pdb7fo7_A_original_CA_coordinates.csv,237,4,0.5,91.9654
pdb5tcw_A_original_CA_coordinates.csv,298,4,0.5,2.40242
pdb5s2a_A_original_CA_coordinates.csv,165,4,0.5,14.6998
pdb4qqs_A_original_CA_coordinates.csv,312,4,0.5,22.2467
pdb3pa4_A_original_CA_coordinates.csv,257,4,0.5,62.4252
pdb7zww_A_original_CA_coordinates.csv,131,4,0.5,28.1854
pdb4irl_A_original_CA_coordinates.csv,462,4,0.5,32.1072
pdb2zby_A_original_CA_coordinates.csv,400,4,0.5,136.481
pdb2rei_A_original_CA_coordinates.csv,277,4,0.5,36.84
pdb1yux_A_original_CA_coordinates.csv,200,4,0.5,18.4867
pdb4qu0_A_original_CA_coordinates.csv,240,4,0.5,0.928929
pdb8fqq_A_original_CA_coordinates.csv,355,4,0.5,8.34331
pdb7bpl_A_original_CA_coordinates.csv,110,4,0.5,1.38169
pdb5ujp_A_original_CA_coordinates.csv,112,4,0.5,0.87319
pdb3c72_A_original_CA_coordinates.csv,306,4,0.5,2.86777
pdb6ojx_A_original_CA_coordinates.csv,353,4,0.5,86.5171
pdb5cno_A_original_CA_coordinates.csv,300,4,0.5,10.8045
pdb5pfi_A_original_CA_coordinates.csv,115,4,0.5,0.302736
pdb6gmi_A_original_CA_coordinates.csv,120,4,0.5,2.44776
pdb4baj_A_original_CA_coordinates.csv,366,4,0.5,7.61903
pdb5iqs_A_original_CA_coordinates.csv,280,4,0.5,174.144
pdb2y3h_A_original_CA_coordinates.csv,110,4,0.5,5.11935
pdb5hyq_A_original_CA_coordinates.csv,213,4,0.5,171.961
pdb2hpg_A_original_CA_coordinates.csv,308,4,0.5,205.066
pdb3f9t_A_original_CA_coordinates.csv,385,4,0.5,106.396
pdb2dlx_A_original_CA_coordinates.csv,153,4,0.5,0.878736
pdb4cyq_A_original_CA_coordinates.csv,411,4,0.5,0.966055
pdb5weq_A_original_CA_coordinates.csv,211,4,0.5,60.3747
pdb4udt_A_original_CA_coordinates.csv,202,4,0.5,4.34388
pdb6imu_A_original_CA_coordinates.csv,494,4,0.5,59.2744
pdb6xr7_A_original_CA_coordinates.csv,287,4,0.5,4.02609
pdb6dg1_A_original_CA_coordinates.csv,105,4,0.5,5.84476
pdb6xu3_A_original_CA_coordinates.csv,320,4,0.5,37.9234
pdb3ihg_A_original_CA_coordinates.csv,535,4,0.5,9.90554
pdb3t7f_A_original_CA_coordinates.csv,288,4,0.5,285.785
pdb2ppe_A_original_CA_coordinates.csv,336,4,0.5,272.563
pdb5z9k_A_original_CA_coordinates.csv,123,4,0.5,20.2239
pdb4axb_A_original_CA_coordinates.csv,526,4,0.5,38.7065
pdb2m8t_A_original_CA_coordinates.csv,112,4,0.5,5.85106
pdb5c0f_A_original_CA_coordinates.csv,277,4,0.5,166.63
pdb4azd_A_original_CA_coordinates.csv,122,4,0.5,5.46331
pdb7puf_A_original_CA_coordinates.csv,295,4,0.5,25.8004
pdb5cgk_A_original_CA_coordinates.csv,129,4,0.5,18.6106
pdb5fmd_A_original_CA_coordinates.csv,624,4,0.5,1.59445
pdb6tol_A_original_CA_coordinates.csv,130,4,0.5,9.39326
pdb8k9y_A_original_CA_coordinates.csv,322,4,0.5,71.1518
pdb7b8b_A_original_CA_coordinates.csv,369,4,0.5,0.487907
pdb6zy1_A_original_CA_coordinates.csv,700,4,0.5,1.57795
pdb7lv1_C_original_CA_coordinates.csv,106,4,0.5,0.273905
pdb5qet_A_original_CA_coordinates.csv,282,4,0.5,0.711305
pdb5vgl_A_original_CA_coordinates.csv,154,4,0.5,5.74016
pdb6qsp_A_original_CA_coordinates.csv,399,4,0.5,736.848
pdb3cxg_A_original_CA_coordinates.csv,122,4,0.5,4.94028
pdb8ghy_A_original_CA_coordinates.csv,362,4,0.5,2.84074
pdb6v6o_D_original_CA_coordinates.csv,314,4,0.5,6.3077
pdb6thj_A_original_CA_coordinates.csv,139,4,0.5,115.373
pdb4r8s_A_original_CA_coordinates.csv,256,4,0.5,411.303
pdb7sjb_A_original_CA_coordinates.csv,137,4,0.5,63.2924
pdb6djg_A_original_CA_coordinates.csv,438,4,0.5,500.325
pdb4iv0_A_original_CA_coordinates.csv,263,4,0.5,45.5051
pdb2agt_A_original_CA_coordinates.csv,316,4,0.5,2.6246
pdb3s2v_A_original_CA_coordinates.csv,254,4,0.5,9.9947
pdb7u9f_A_original_CA_coordinates.csv,454,4,0.5,0.654404
pdb2hqn_A_original_CA_coordinates.csv,109,4,0.5,8.16348
pdb4c9n_A_original_CA_coordinates.csv,408,4,0.5,108.041
pdb5vyo_A_original_CA_coordinates.csv,189,4,0.5,83.5611
pdb5pd2_A_original_CA_coordinates.csv,115,4,0.5,9.07132
pdb2gvi_A_original_CA_coordinates.csv,195,4,0.5,6.86085
pdb2z59_A_original_CA_coordinates.csv,109,4,0.5,16.6669
pdb4key_A_original_CA_coordinates.csv,450,4,0.5,67.5169
pdb6pfs_A_original_CA_coordinates.csv,228,4,0.5,349.446
pdb4ebj_A_original_CA_coordinates.csv,254,4,0.5,4.73358
pdb7s8z_A_original_CA_coordinates.csv,209,4,0.5,13.374
pdb5tg4_A_original_CA_coordinates.csv,242,4,0.5,5.21606
pdb3lho_A_original_CA_coordinates.csv,250,4,0.5,198.468
pdb5rfa_A_original_CA_coordinates.csv,301,4,0.5,10.1515
pdb4ttp_A_original_CA_coordinates.csv,201,4,0.5,1.74317
pdb5hqj_A_original_CA_coordinates.csv,280,4,0.5,1.86
pdb8duy_A_original_CA_coordinates.csv,390,4,0.5,5.9395
pdb5qpt_A_original_CA_coordinates.csv,360,4,0.5,163.612
pdb7ajw_A_original_CA_coordinates.csv,329,4,0.5,40.3063
pdb5uih_A_original_CA_coordinates.csv,159,4,0.5,4.83633
pdb6zsk_A_original_CA_coordinates.csv,136,4,0.5,0.881331
pdb6gpw_A_original_CA_coordinates.csv,209,4,0.5,24.6257
pdb4gt6_A_original_CA_coordinates.csv,374,4,0.5,0.067645
pdb6xuj_A_original_CA_coordinates.csv,224,4,0.5,1.87957
pdb6vdl_A_original_CA_coordinates.csv,200,4,0.5,1.60958
pdb3fhf_A_original_CA_coordinates.csv,212,4,0.5,13.0759
pdb3mmf_A_original_CA_coordinates.csv,257,4,0.5,509.546
pdb3vb4_A_original_CA_coordinates.csv,301,4,0.5,35.1624
pdb7vhe_A_original_CA_coordinates.csv,283,4,0.5,9.30353
pdb2eqy_A_original_CA_coordinates.csv,122,4,0.5,9.32828
pdb3v2o_A_original_CA_coordinates.csv,158,4,0.5,106.93
pdb1pl8_A_original_CA_coordinates.csv,356,4,0.5,2.25363
pdb6nkb_A_original_CA_coordinates.csv,227,4,0.5,22.2238
pdb5b78_A_original_CA_coordinates.csv,119,4,0.5,4.58157
pdb6etp_A_original_CA_coordinates.csv,124,4,0.5,1.98361
pdb4xv6_A_original_CA_coordinates.csv,289,4,0.5,10.142
pdb7f51_A_original_CA_coordinates.csv,287,4,0.5,123.043
pdb3ha8_A_original_CA_coordinates.csv,342,4,0.5,87.2726
pdb8cj5_A_original_CA_coordinates.csv,908,4,0.5,0.130612
pdb5elv_A_original_CA_coordinates.csv,263,4,0.5,7.92399
pdb3d53_A_original_CA_coordinates.csv,170,4,0.5,0.681178
pdb4f10_A_original_CA_coordinates.csv,353,4,0.5,12.7653
pdb3lat_A_original_CA_coordinates.csv,207,4,0.5,27.5977
pdb4e3m_A_original_CA_coordinates.csv,358,4,0.5,2.39645
pdb5wa9_A_original_CA_coordinates.csv,115,4,0.5,4.89795
pdb4uuo_A_original_CA_coordinates.csv,328,4,0.5,41.9935
pdb4prn_A_original_CA_coordinates.csv,276,4,0.5,1016.72
pdb5oss_A_original_CA_coordinates.csv,443,4,0.5,64.8958
pdb5zha_A_original_CA_coordinates.csv,263,4,0.5,14.0633
pdb5g1x_A_original_CA_coordinates.csv,262,4,0.5,5.54193
pdb7aq3_A_original_CA_coordinates.csv,568,4,0.5,1.50164
pdb7s0n_A_original_CA_coordinates.csv,122,4,0.5,3.78729
pdb4c73_A_original_CA_coordinates.csv,414,4,0.5,163.904
pdb3fgy_A_original_CA_coordinates.csv,132,4,0.5,2.81851
pdb2bbh_A_original_CA_coordinates.csv,220,4,0.5,60.2635
pdb7p27_A_original_CA_coordinates.csv,160,4,0.5,1.22572
pdb4ysa_A_original_CA_coordinates.csv,294,4,0.5,0.923368
pdb8fdl_A_original_CA_coordinates.csv,141,4,0.5,3.3832
pdb3ifo_H_original_CA_coordinates.csv,216,4,0.5,527.171
pdb5qdn_A_original_CA_coordinates.csv,282,4,0.5,520.571
pdb5nci_A_original_CA_coordinates.csv,262,4,0.5,481.01
pdb6smw_A_original_CA_coordinates.csv,475,4,0.5,80.3975
pdb3on7_A_original_CA_coordinates.csv,263,4,0.5,144.687
pdb3gpu_A_original_CA_coordinates.csv,251,4,0.5,74.3181
pdb6jym_A_original_CA_coordinates.csv,704,4,0.5,0.00792491
pdb4d3a_A_original_CA_coordinates.csv,404,4,0.5,20.0162
pdb7vzq_A_original_CA_coordinates.csv,674,4,0.5,1.69003
pdb3u0x_A_original_CA_coordinates.csv,290,4,0.5,31.0179
pdb4y3d_A_original_CA_coordinates.csv,330,4,0.5,18.0246
pdb3nok_A_original_CA_coordinates.csv,234,4,0.5,1.13481
pdb8bbu_A_original_CA_coordinates.csv,121,4,0.5,0.878319
pdb6yea_A_original_CA_coordinates.csv,170,4,0.5,21.1294
pdb4hno_A_original_CA_coordinates.csv,285,4,0.5,46.208
pdb5ub4_A_original_CA_coordinates.csv,278,4,0.5,65.1429
pdb4fb1_A_original_CA_coordinates.csv,354,4,0.5,155.757
pdb2vw5_A_original_CA_coordinates.csv,214,4,0.5,9.15393
pdb4xvt_G_original_CA_coordinates.csv,341,4,0.5,3.27751
pdb1snr_A_original_CA_coordinates.csv,336,4,0.5,1.18675
pdb5aoh_A_original_CA_coordinates.csv,265,4,0.5,10.2596
pdb5wk0_A_original_CA_coordinates.csv,156,4,0.5,28.4396
pdb4gk1_A_original_CA_coordinates.csv,134,4,0.5,4.00553
pdb2mm3_A_original_CA_coordinates.csv,127,4,0.5,55.2375
pdb4ied_A_original_CA_coordinates.csv,241,4,0.5,341.644
pdb7o82_A_original_CA_coordinates.csv,437,4,0.5,427.345
pdb3bgv_A_original_CA_coordinates.csv,269,4,0.5,10.9354
pdb3m2i_A_original_CA_coordinates.csv,291,4,0.5,23.3474
pdb6zu3_A_original_CA_coordinates.csv,230,4,0.5,9.14735
pdb3o6h_A_original_CA_coordinates.csv,261,4,0.5,11.3385
pdb5ugf_A_original_CA_coordinates.csv,286,4,0.5,234.808
pdb4z6b_A_original_CA_coordinates.csv,282,4,0.5,0.0621618
pdb5sha_A_original_CA_coordinates.csv,313,4,0.5,0.843758
pdb4l7e_A_original_CA_coordinates.csv,180,4,0.5,59.5938
pdb3n7c_A_original_CA_coordinates.csv,107,4,0.5,22.7608
pdb3vo0_A_original_CA_coordinates.csv,466,4,0.5,455.929
pdb7gbt_A_original_CA_coordinates.csv,304,4,0.5,25.1279
pdb3c6x_A_original_CA_coordinates.csv,256,4,0.5,16.8751
pdb4wnk_A_original_CA_coordinates.csv,499,4,0.5,0.439834
pdb6eu6_A_original_CA_coordinates.csv,405,4,0.5,11.7204
pdb3fse_A_original_CA_coordinates.csv,328,4,0.5,7.25187
pdb2d9f_A_original_CA_coordinates.csv,135,4,0.5,0.271886
pdb2vxv_H_original_CA_coordinates.csv,214,4,0.5,72.7679
pdb6qqi_A_original_CA_coordinates.csv,116,4,0.5,27.2958
pdb8oiv_A_original_CA_coordinates.csv,293,4,0.5,4.52408
pdb2x9f_A_original_CA_coordinates.csv,265,4,0.5,1.56026
pdb6pob_A_original_CA_coordinates.csv,416,4,0.5,656.221
pdb7zp0_A_original_CA_coordinates.csv,217,4,0.5,2.14429
pdb4hez_A_original_CA_coordinates.csv,257,4,0.5,35.1677
pdb8clh_A_original_CA_coordinates.csv,439,4,0.5,0.358035
pdb4nyw_A_original_CA_coordinates.csv,116,4,0.5,0.433129
pdb6qi1_A_original_CA_coordinates.csv,297,4,0.5,17.9551
pdb6h7f_A_original_CA_coordinates.csv,671,4,0.5,30.5311
pdb6i0b_A_original_CA_coordinates.csv,526,4,0.5,6.96648
pdb6s8v_A_original_CA_coordinates.csv,172,4,0.5,6.42913
pdb4nqg_A_original_CA_coordinates.csv,197,4,0.5,5.83222
pdb8j5a_A_original_CA_coordinates.csv,172,4,0.5,33.8248
pdb5rkv_A_original_CA_coordinates.csv,119,4,0.5,1.2624
pdb5a30_A_original_CA_coordinates.csv,463,4,0.5,1.18335
pdb4rq4_A_original_CA_coordinates.csv,326,4,0.5,15.9128
pdb7kid_A_original_CA_coordinates.csv,625,4,0.5,10.0607
pdb2jqj_A_original_CA_coordinates.csv,141,4,0.5,6.41905
pdb5o72_A_original_CA_coordinates.csv,255,4,0.5,2.99685
pdb8hq4_A_original_CA_coordinates.csv,209,4,0.5,4.21878
pdb5sfc_A_original_CA_coordinates.csv,312,4,0.5,5.18301
pdb4kcr_A_original_CA_coordinates.csv,404,4,0.5,56.2513
pdb2ya8_A_original_CA_coordinates.csv,470,4,0.5,21.7329
pdb6n0u_A_original_CA_coordinates.csv,295,4,0.5,2.23082
pdb4kv7_A_original_CA_coordinates.csv,360,4,0.5,30.6719
pdb5nid_A_original_CA_coordinates.csv,609,4,0.5,19.4625
pdb2xd5_A_original_CA_coordinates.csv,469,4,0.5,5.26584
pdb2cks_A_original_CA_coordinates.csv,305,4,0.5,7.77839
pdb4xmx_A_original_CA_coordinates.csv,866,4,0.5,10.0108
pdb3n7t_A_original_CA_coordinates.csv,241,4,0.5,0.639341
pdb3rd5_A_original_CA_coordinates.csv,268,4,0.5,5.93258
pdb3hp8_A_original_CA_coordinates.csv,107,4,0.5,85.0353
pdb5pvr_A_original_CA_coordinates.csv,121,4,0.5,21.8211
pdb6rml_B_original_CA_coordinates.csv,278,4,0.5,4.88831
pdb5udy_A_original_CA_coordinates.csv,388,4,0.5,5.22161
pdb3rhr_A_original_CA_coordinates.csv,498,4,0.5,5.92131
pdb3ap9_A_original_CA_coordinates.csv,151,4,0.5,17.2366
pdb5pu7_A_original_CA_coordinates.csv,121,4,0.5,1.57835
pdb5fac_A_original_CA_coordinates.csv,383,4,0.5,51.1578
pdb2ptx_A_original_CA_coordinates.csv,431,4,0.5,1.03103
pdb8gbz_H_original_CA_coordinates.csv,208,4,0.5,196.592
pdb7fx9_A_original_CA_coordinates.csv,133,4,0.5,68.7294
pdb8qm1_A_original_CA_coordinates.csv,412,4,0.5,87.0606
pdb6kwu_O_original_CA_coordinates.csv,245,4,0.5,4.56816
pdb4x09_A_original_CA_coordinates.csv,128,4,0.5,24.0884
pdb5fhw_A_original_CA_coordinates.csv,129,4,0.5,0.170746
pdb4rv5_A_original_CA_coordinates.csv,363,4,0.5,21.0274
pdb2vot_A_original_CA_coordinates.csv,837,4,0.5,1.02503
pdb5s7f_A_original_CA_coordinates.csv,283,4,0.5,119.019
pdb7a0l_A_original_CA_coordinates.csv,295,4,0.5,10.2887
pdb4qtc_A_original_CA_coordinates.csv,330,4,0.5,415.619
pdb4v3m_A_original_CA_coordinates.csv,135,4,0.5,54.28
pdb3rqj_A_original_CA_coordinates.csv,407,4,0.5,280.504
pdb5bjv_A_original_CA_coordinates.csv,339,4,0.5,46.4081
pdb5ps7_A_original_CA_coordinates.csv,121,4,0.5,16.9515
pdb8azy_A_original_CA_coordinates.csv,170,4,0.5,56.2477
pdb4xhs_A_original_CA_coordinates.csv,452,4,0.5,267.782
pdb2xms_A_original_CA_coordinates.csv,281,4,0.5,4.19947
pdb5pul_A_original_CA_coordinates.csv,121,4,0.5,57.0463
pdb6qhs_A_original_CA_coordinates.csv,297,4,0.5,32.8402
pdb5h3m_A_original_CA_coordinates.csv,133,4,0.5,3.34547
pdb4nug_L_original_CA_coordinates.csv,213,4,0.5,19.4631
pdb4g31_A_original_CA_coordinates.csv,248,4,0.5,40.0919
pdb5exp_A_original_CA_coordinates.csv,250,4,0.5,51.7606
pdb3juh_A_original_CA_coordinates.csv,334,4,0.5,1.0118
pdb6g7n_A_original_CA_coordinates.csv,318,4,0.5,143.386
pdb6i6v_A_original_CA_coordinates.csv,266,4,0.5,8.84089
pdb2ozj_A_original_CA_coordinates.csv,106,4,0.5,100.993
pdb6o7m_A_original_CA_coordinates.csv,477,4,0.5,76.9286
pdb5h2p_A_original_CA_coordinates.csv,231,4,0.5,171.831
pdb5fsu_A_original_CA_coordinates.csv,235,4,0.5,8.08209
pdb3cou_A_original_CA_coordinates.csv,180,4,0.5,3.32122
pdb6hai_A_original_CA_coordinates.csv,212,4,0.5,47.7093
pdb8gck_B_original_CA_coordinates.csv,128,4,0.5,6.73315
pdb2kjl_A_original_CA_coordinates.csv,107,4,0.5,4.87625
pdb5ram_A_original_CA_coordinates.csv,340,4,0.5,12.0626
pdb4n94_A_original_CA_coordinates.csv,360,4,0.5,6.98286
pdb6bq7_A_original_CA_coordinates.csv,292,4,0.5,0.633302
pdb6elv_A_original_CA_coordinates.csv,134,4,0.5,17.2568
pdb4h09_A_original_CA_coordinates.csv,368,4,0.5,74.3357
pdb7q9o_A_original_CA_coordinates.csv,113,4,0.5,99.8752
pdb6c1b_A_original_CA_coordinates.csv,265,4,0.5,65.1577
pdb6jtd_A_original_CA_coordinates.csv,477,4,0.5,19.7807
pdb5i5p_A_original_CA_coordinates.csv,306,4,0.5,567.604
pdb5aul_A_original_CA_coordinates.csv,108,4,0.5,4.52841
pdb5a14_A_original_CA_coordinates.csv,284,4,0.5,0.957492
pdb6uhl_A_original_CA_coordinates.csv,224,4,0.5,0.785463
pdb5p93_A_original_CA_coordinates.csv,213,4,0.5,42.5222
pdb5hi7_A_original_CA_coordinates.csv,426,4,0.5,258.984
pdb3pby_A_original_CA_coordinates.csv,219,4,0.5,24.6146
pdb6qa6_A_original_CA_coordinates.csv,810,4,0.5,1.02328
pdb3nle_A_original_CA_coordinates.csv,404,4,0.5,45.8127
pdb5pcu_A_original_CA_coordinates.csv,115,4,0.5,1.49561
pdb5w4g_B_original_CA_coordinates.csv,425,4,0.5,11.2338
pdb3zm0_A_original_CA_coordinates.csv,261,4,0.5,195.609
pdb5h8z_A_original_CA_coordinates.csv,358,4,0.5,73.9056
pdb7e0e_A_original_CA_coordinates.csv,149,4,0.5,45.3962
pdb5g3o_A_original_CA_coordinates.csv,276,4,0.5,4.58121
pdb4cxo_A_original_CA_coordinates.csv,255,4,0.5,24.8651
pdb6rj4_B_original_CA_coordinates.csv,269,4,0.5,64.4231
pdb7agz_A_original_CA_coordinates.csv,386,4,0.5,23.3966
pdb5tbs_A_original_CA_coordinates.csv,284,4,0.5,48.9043
pdb4gyy_A_original_CA_coordinates.csv,693,4,0.5,0.105905
pdb8uzn_A_original_CA_coordinates.csv,488,4,0.5,5.90746
pdb6pxn_A_original_CA_coordinates.csv,290,4,0.5,51.1673
pdb5ld0_A_original_CA_coordinates.csv,206,4,0.5,11.2334
pdb3hyz_A_original_CA_coordinates.csv,204,4,0.5,1.41157
pdb5pic_A_original_CA_coordinates.csv,331,4,0.5,2.38325
pdb3umh_A_original_CA_coordinates.csv,180,4,0.5,8.725
pdb6hzz_A_original_CA_coordinates.csv,511,4,0.5,12.4048
pdb4brs_A_original_CA_coordinates.csv,342,4,0.5,6.38255
pdb6vo5_A_original_CA_coordinates.csv,319,4,0.5,0.460592
pdb6nsf_A_original_CA_coordinates.csv,317,4,0.5,44.6668
pdb6fk3_A_original_CA_coordinates.csv,530,4,0.5,11.8054
pdb2yne_A_original_CA_coordinates.csv,384,4,0.5,78.1944
pdb4hze_A_original_CA_coordinates.csv,306,4,0.5,1.42162
pdb3dxl_A_original_CA_coordinates.csv,299,4,0.5,496.341
pdb5aou_A_original_CA_coordinates.csv,240,4,0.5,5.68954
pdb8f4k_A_original_CA_coordinates.csv,334,4,0.5,2.6746
pdb8dl4_A_original_CA_coordinates.csv,525,4,0.5,39.1638
pdb2uyu_A_original_CA_coordinates.csv,274,4,0.5,18.7108
pdb6jcl_A_original_CA_coordinates.csv,218,4,0.5,264.035
pdb6qhx_A_original_CA_coordinates.csv,296,4,0.5,32.4228
pdb5fxs_A_original_CA_coordinates.csv,308,4,0.5,6.59459
pdb4jk7_A_original_CA_coordinates.csv,221,4,0.5,15.074
pdb4qa3_A_original_CA_coordinates.csv,365,4,0.5,26.3247
pdb4rha_A_original_CA_coordinates.csv,130,4,0.5,66.6397
pdb7xlz_A_original_CA_coordinates.csv,241,4,0.5,80.9723
pdb2xgw_A_original_CA_coordinates.csv,166,4,0.5,16.532
pdb7lpv_A_original_CA_coordinates.csv,279,4,0.5,1.29308
pdb4bo7_A_original_CA_coordinates.csv,238,4,0.5,33.9245
pdb8ov4_A_original_CA_coordinates.csv,301,4,0.5,80.3903
pdb2osw_A_original_CA_coordinates.csv,433,4,0.5,81.2098
pdb7abs_A_original_CA_coordinates.csv,359,4,0.5,163.912
pdb6uz6_A_original_CA_coordinates.csv,285,4,0.5,11.0704
pdb5q3l_A_original_CA_coordinates.csv,341,4,0.5,17.5544
pdb8te1_A_original_CA_coordinates.csv,273,4,0.5,7.59666
pdb5vej_A_original_CA_coordinates.csv,327,4,0.5,121.216
pdb1vl1_A_original_CA_coordinates.csv,218,4,0.5,115.116
pdb8cdq_A_original_CA_coordinates.csv,813,4,0.5,41.3131
pdb6mi5_X_original_CA_coordinates.csv,117,4,0.5,8.84414
pdb7jy0_A_original_CA_coordinates.csv,141,4,0.5,2.80601
pdb4fuf_A_original_CA_coordinates.csv,246,4,0.5,35.8293
pdb4e5a_X_original_CA_coordinates.csv,332,4,0.5,13.3032
pdb2rrf_A_original_CA_coordinates.csv,141,4,0.5,5.92111
pdb3c8l_A_original_CA_coordinates.csv,115,4,0.5,23.4691
pdb5j5z_A_original_CA_coordinates.csv,477,4,0.5,51.2608
pdb7ppg_A_original_CA_coordinates.csv,467,4,0.5,167.278
pdb8ppd_A_original_CA_coordinates.csv,270,4,0.5,12.2878
pdb4jbv_A_original_CA_coordinates.csv,458,4,0.5,33.5918
pdb7c6h_A_original_CA_coordinates.csv,420,4,0.5,21.0124
pdb5h7k_A_original_CA_coordinates.csv,367,4,0.5,0.464674
pdb6sfj_A_original_CA_coordinates.csv,341,4,0.5,11.2183
pdb8u98_A_original_CA_coordinates.csv,391,4,0.5,26.8351
pdb7prq_A_original_CA_coordinates.csv,304,4,0.5,195.916
pdb6emq_A_original_CA_coordinates.csv,165,4,0.5,51.7079
pdb3omu_A_original_CA_coordinates.csv,208,4,0.5,1.23033
pdb5q5m_A_original_CA_coordinates.csv,341,4,0.5,1.9506
pdb7jif_A_original_CA_coordinates.csv,166,4,0.5,12.3272
pdb6bs0_A_original_CA_coordinates.csv,272,4,0.5,74.2743
pdb7vkm_A_original_CA_coordinates.csv,300,4,0.5,104.748
pdb6ly4_A_original_CA_coordinates.csv,450,4,0.5,2.67979
pdb6fcb_A_original_CA_coordinates.csv,380,4,0.5,62.3874
pdb6anx_A_original_CA_coordinates.csv,125,4,0.5,6.94828
pdb1w5m_A_original_CA_coordinates.csv,329,4,0.5,5.31779
pdb4mg3_A_original_CA_coordinates.csv,142,4,0.5,0.710697
pdb5vrv_A_original_CA_coordinates.csv,307,4,0.5,114.576
pdb7b2w_A_original_CA_coordinates.csv,531,4,0.5,2.93925
pdb4hb4_A_original_CA_coordinates.csv,209,4,0.5,0.737917
pdb3efb_A_original_CA_coordinates.csv,239,4,0.5,299.949
pdb7ppn_A_original_CA_coordinates.csv,279,4,0.5,31.0428
pdb6pn4_A_original_CA_coordinates.csv,411,4,0.5,0.363712
pdb3dlx_A_original_CA_coordinates.csv,470,4,0.5,486.355
pdb4l2h_A_original_CA_coordinates.csv,436,4,0.5,20.5704
pdb5c7y_A_original_CA_coordinates.csv,266,4,0.5,1.9763
pdb2m1w_A_original_CA_coordinates.csv,166,4,0.5,17.7833
pdb4lh1_A_original_CA_coordinates.csv,534,4,0.5,25.3321
pdb5l18_A_original_CA_coordinates.csv,388,4,0.5,148.657
pdb1usn_A_original_CA_coordinates.csv,165,4,0.5,12.0285
pdb5q14_A_original_CA_coordinates.csv,230,4,0.5,38.0718
pdb2duh_A_original_CA_coordinates.csv,225,4,0.5,7.48923
pdb5kcc_A_original_CA_coordinates.csv,237,4,0.5,21.4431
pdb3tbb_A_original_CA_coordinates.csv,279,4,0.5,31.6799
pdb1bn6_A_original_CA_coordinates.csv,291,4,0.5,12.0707
pdb5zn2_A_original_CA_coordinates.csv,324,4,0.5,721.459
pdb8d6l_A_original_CA_coordinates.csv,133,4,0.5,23.7549
pdb6d2y_A_original_CA_coordinates.csv,416,4,0.5,12.2206
pdb4u6q_A_original_CA_coordinates.csv,328,4,0.5,58.0388
pdb2hm8_A_original_CA_coordinates.csv,136,4,0.5,45.3909
pdb5hwm_A_original_CA_coordinates.csv,304,4,0.5,9.08535
pdb4y31_A_original_CA_coordinates.csv,150,4,0.5,6.64792
pdb3nvs_A_original_CA_coordinates.csv,426,4,0.5,193.955
pdb4qgp_A_original_CA_coordinates.csv,106,4,0.5,0.538641
pdb5f6b_A_original_CA_coordinates.csv,133,4,0.5,2.69251
pdb7vmw_A_original_CA_coordinates.csv,296,4,0.5,5.78628
pdb7xbs_A_original_CA_coordinates.csv,484,4,0.5,310.514
pdb6bt9_A_original_CA_coordinates.csv,625,4,0.5,192.082
pdb2kkl_A_original_CA_coordinates.csv,140,4,0.5,130.002
pdb3irv_A_original_CA_coordinates.csv,213,4,0.5,1.11368
pdb7qr6_A_original_CA_coordinates.csv,471,4,0.5,40.5662
pdb5quq_A_original_CA_coordinates.csv,218,4,0.5,10.7773
pdb2glz_A_original_CA_coordinates.csv,147,4,0.5,124.007
pdb5e7b_A_original_CA_coordinates.csv,126,4,0.5,1.54266
pdb7tn4_A_original_CA_coordinates.csv,134,4,0.5,12.3809
pdb2r2d_A_original_CA_coordinates.csv,276,4,0.5,21.0322
pdb6x4i_A_original_CA_coordinates.csv,348,4,0.5,18.8701
pdb3dog_A_original_CA_coordinates.csv,297,4,0.5,71.0513
pdb5rv6_A_original_CA_coordinates.csv,167,4,0.5,25.3801
pdb7nuk_A_original_CA_coordinates.csv,305,4,0.5,1.95178
pdb7jr2_A_original_CA_coordinates.csv,220,4,0.5,194.259
pdb2yb7_A_original_CA_coordinates.csv,140,4,0.5,87.23
pdb8bow_A_original_CA_coordinates.csv,692,4,0.5,8.63756
pdb1o3i_A_original_CA_coordinates.csv,219,4,0.5,78.943
pdb8gdh_A_original_CA_coordinates.csv,114,4,0.5,0.284737
pdb7en0_A_original_CA_coordinates.csv,313,4,0.5,51.1618
pdb7am8_A_original_CA_coordinates.csv,267,4,0.5,87.151
pdb4dxf_A_original_CA_coordinates.csv,194,4,0.5,1.10237
pdb2c71_A_original_CA_coordinates.csv,205,4,0.5,22.0177
pdb1h9j_A_original_CA_coordinates.csv,145,4,0.5,0.220964
pdb1r4y_A_original_CA_coordinates.csv,136,4,0.5,1.74635
pdb3wd0_A_original_CA_coordinates.csv,498,4,0.5,7.65869
pdb6omy_A_original_CA_coordinates.csv,297,4,0.5,2.88883
pdb5vq0_A_original_CA_coordinates.csv,160,4,0.5,11.1249
pdb7mfk_A_original_CA_coordinates.csv,885,4,0.5,8.87258
pdb4gm4_A_original_CA_coordinates.csv,525,4,0.5,302.505
pdb2dj0_A_original_CA_coordinates.csv,137,4,0.5,12.1665
pdb6rte_A_original_CA_coordinates.csv,464,4,0.5,738.273
pdb8yjj_A_original_CA_coordinates.csv,183,4,0.5,28.3339
pdb4u9k_A_original_CA_coordinates.csv,187,4,0.5,102.978
pdb5yql_A_original_CA_coordinates.csv,296,4,0.5,4.45012
pdb3w7v_A_original_CA_coordinates.csv,219,4,0.5,1.34539
pdb4d6q_A_original_CA_coordinates.csv,330,4,0.5,3.44854
pdb5q4w_A_original_CA_coordinates.csv,341,4,0.5,11.0502
pdb3r90_A_original_CA_coordinates.csv,185,4,0.5,11.6147
pdb3lmt_A_original_CA_coordinates.csv,162,4,0.5,13.6134
pdb7k0h_A_original_CA_coordinates.csv,298,4,0.5,53.5165
pdb4rsc_A_original_CA_coordinates.csv,504,4,0.5,11.8186
pdb4zvm_A_original_CA_coordinates.csv,230,4,0.5,1.67145
pdb2xl8_A_original_CA_coordinates.csv,125,4,0.5,6.75354
pdb3ju5_A_original_CA_coordinates.csv,350,4,0.5,0.119894
pdb4rz4_A_original_CA_coordinates.csv,220,4,0.5,4.50142
pdb8pbp_A_original_CA_coordinates.csv,361,4,0.5,1.29271
pdb4gx8_A_original_CA_coordinates.csv,306,4,0.5,0.746864
pdb7ghh_A_original_CA_coordinates.csv,304,4,0.5,176.506
pdb5ige_A_original_CA_coordinates.csv,129,4,0.5,20.4508
pdb8bsv_A_original_CA_coordinates.csv,328,4,0.5,9.83353
pdb4zoc_A_original_CA_coordinates.csv,724,4,0.5,30.2352
pdb6pof_A_original_CA_coordinates.csv,1021,4,0.5,1.16285
pdb2hkv_A_original_CA_coordinates.csv,145,4,0.5,19.8129
pdb5sng_A_original_CA_coordinates.csv,412,4,0.5,512.497
pdb6txv_A_original_CA_coordinates.csv,116,4,0.5,7.47473
pdb2qno_A_original_CA_coordinates.csv,629,4,0.5,7.02191
pdb5cb7_A_original_CA_coordinates.csv,160,4,0.5,3.29841
pdb4dyn_A_original_CA_coordinates.csv,437,4,0.5,461.9
pdb5y4f_A_original_CA_coordinates.csv,415,4,0.5,8.37559
pdb3oj1_A_original_CA_coordinates.csv,137,4,0.5,2.96524
pdb5slk_D_original_CA_coordinates.csv,459,4,0.5,237.878
pdb2vi3_A_original_CA_coordinates.csv,206,4,0.5,76.4699
pdb1w4w_A_original_CA_coordinates.csv,306,4,0.5,25.8878
pdb8e9c_A_original_CA_coordinates.csv,378,4,0.5,36.4294
pdb6y1p_A_original_CA_coordinates.csv,316,4,0.5,144.388
pdb4kvq_A_original_CA_coordinates.csv,223,4,0.5,28.7198
pdb4x2i_A_original_CA_coordinates.csv,126,4,0.5,10.5162
pdb4mkv_A_original_CA_coordinates.csv,458,4,0.5,779.204
pdb5ocw_A_original_CA_coordinates.csv,257,4,0.5,41.0042
pdb7uv5_A_original_CA_coordinates.csv,312,4,0.5,88.6413
pdb5c10_A_original_CA_coordinates.csv,230,4,0.5,9.05167
pdb7n53_A_original_CA_coordinates.csv,183,4,0.5,15.6641
pdb6cvs_A_original_CA_coordinates.csv,180,4,0.5,24.4552
pdb6g7r_S_original_CA_coordinates.csv,263,4,0.5,316.439
pdb7ymk_A_original_CA_coordinates.csv,237,4,0.5,80.587
pdb7yqg_A_original_CA_coordinates.csv,299,4,0.5,19.7573
pdb4ryy_A_original_CA_coordinates.csv,510,4,0.5,14.8314
pdb6yzz_A_original_CA_coordinates.csv,151,4,0.5,5.3881
pdb3m12_A_original_CA_coordinates.csv,381,4,0.5,3.60149
pdb2h0h_A_original_CA_coordinates.csv,229,4,0.5,52.9404
pdb4b7f_A_original_CA_coordinates.csv,515,4,0.5,725.327
pdb5y5l_A_original_CA_coordinates.csv,399,4,0.5,2.94965
pdb5a4w_A_original_CA_coordinates.csv,211,4,0.5,146.87
pdb6fac_A_original_CA_coordinates.csv,653,4,0.5,7.86613
pdb2do8_A_original_CA_coordinates.csv,188,4,0.5,42.6637
pdb4yfp_A_original_CA_coordinates.csv,137,4,0.5,7.72761
pdb3pf9_A_original_CA_coordinates.csv,251,4,0.5,3.55493
pdb2n53_A_original_CA_coordinates.csv,143,4,0.5,14.1164
pdb5i7n_A_original_CA_coordinates.csv,325,4,0.5,17.4881
pdb1ueq_A_original_CA_coordinates.csv,123,4,0.5,0.315777
pdb4tmz_B_original_CA_coordinates.csv,332,4,0.5,90.6693
pdb7fsa_A_original_CA_coordinates.csv,422,4,0.5,0.614325
pdb7p45_A_original_CA_coordinates.csv,659,4,0.5,2.46897
pdb3uj9_A_original_CA_coordinates.csv,258,4,0.5,17.3001
pdb4r9b_A_original_CA_coordinates.csv,138,4,0.5,18.4137
pdb3pxp_A_original_CA_coordinates.csv,281,4,0.5,153.602
pdb4lg6_A_original_CA_coordinates.csv,163,4,0.5,1.35966
pdb3jvg_A_original_CA_coordinates.csv,264,4,0.5,278.972
pdb5dfi_A_original_CA_coordinates.csv,276,4,0.5,1.05962
pdb8soq_A_original_CA_coordinates.csv,203,4,0.5,9.67204
pdb4o9k_A_original_CA_coordinates.csv,124,4,0.5,20.3549
pdb6qau_A_original_CA_coordinates.csv,276,4,0.5,52.9524
pdb5qyy_A_original_CA_coordinates.csv,237,4,0.5,3.41081
pdb6lzo_A_original_CA_coordinates.csv,316,4,0.5,286.727
pdb3aup_A_original_CA_coordinates.csv,377,4,0.5,41.6521
pdb3al7_A_original_CA_coordinates.csv,207,4,0.5,11.7596
pdb4gq3_A_original_CA_coordinates.csv,466,4,0.5,6.6772
pdb4cqh_A_original_CA_coordinates.csv,306,4,0.5,7.72514
pdb1kul_A_original_CA_coordinates.csv,108,4,0.5,1.80605
pdb4a8u_A_original_CA_coordinates.csv,159,4,0.5,11.9678
pdb3cfc_H_original_CA_coordinates.csv,210,4,0.5,7.50937
pdb5tsq_A_original_CA_coordinates.csv,312,4,0.5,2.28764
pdb4ket_A_original_CA_coordinates.csv,313,4,0.5,3.20396
pdb2q1z_A_original_CA_coordinates.csv,176,4,0.5,5.07617
pdb4u3z_B_original_CA_coordinates.csv,294,4,0.5,18.9827
pdb3p1s_A_original_CA_coordinates.csv,236,4,0.5,2.60158
pdb8b1p_A_original_CA_coordinates.csv,235,4,0.5,11.6477
pdb3klb_A_original_CA_coordinates.csv,160,4,0.5,4.44047
pdb3quk_A_original_CA_coordinates.csv,262,4,0.5,1.97995
pdb4hlj_A_original_CA_coordinates.csv,223,4,0.5,18.8447
pdb5w8q_A_original_CA_coordinates.csv,379,4,0.5,6.32204
pdb2dic_A_original_CA_coordinates.csv,105,4,0.5,58.8581
pdb5mdl_L_original_CA_coordinates.csv,600,4,0.5,0.00461002
pdb4c5w_A_original_CA_coordinates.csv,384,4,0.5,22.162
pdb6u8l_A_original_CA_coordinates.csv,304,4,0.5,11.866
pdb6z8o_A_original_CA_coordinates.csv,277,4,0.5,0.477705
pdb2zg9_X_original_CA_coordinates.csv,173,4,0.5,292.028
pdb3t64_A_original_CA_coordinates.csv,153,4,0.5,7.80203
pdb5oow_A_original_CA_coordinates.csv,182,4,0.5,3.84903
pdb7oi2_A_original_CA_coordinates.csv,307,4,0.5,51.9516
pdb8xx9_A_original_CA_coordinates.csv,620,4,0.5,0.0202214
pdb3qwl_A_original_CA_coordinates.csv,272,4,0.5,0.343564
pdb5ahz_A_original_CA_coordinates.csv,243,4,0.5,75.5149
pdb6q2e_A_original_CA_coordinates.csv,330,4,0.5,10.5179
pdb8ewz_A_original_CA_coordinates.csv,889,4,0.5,6.49531
pdb4jkc_A_original_CA_coordinates.csv,220,4,0.5,8.67693
pdb4nus_A_original_CA_coordinates.csv,301,4,0.5,12.765
pdb6rs7_A_original_CA_coordinates.csv,220,4,0.5,16.7528
pdb4g0x_A_original_CA_coordinates.csv,142,4,0.5,2.14195
pdb7c35_A_original_CA_coordinates.csv,306,4,0.5,13.6504
pdb7aki_A_original_CA_coordinates.csv,113,4,0.5,24.5042
pdb7wjb_A_original_CA_coordinates.csv,729,4,0.5,1.20482
pdb7ngk_A_original_CA_coordinates.csv,193,4,0.5,6.35215
pdb3rhl_A_original_CA_coordinates.csv,498,4,0.5,15.6852
pdb5etm_A_original_CA_coordinates.csv,159,4,0.5,23.6911
pdb2wfy_A_original_CA_coordinates.csv,295,4,0.5,7.42507
pdb5s79_A_original_CA_coordinates.csv,284,4,0.5,186.163
pdb4bky_A_original_CA_coordinates.csv,311,4,0.5,0.390795
pdb5uaw_A_original_CA_coordinates.csv,263,4,0.5,75.1862
pdb6wih_A_original_CA_coordinates.csv,401,4,0.5,473.063
pdb5btd_A_original_CA_coordinates.csv,486,4,0.5,1053.72
pdb7kr0_A_original_CA_coordinates.csv,169,4,0.5,183.046
pdb3pfr_A_original_CA_coordinates.csv,412,4,0.5,3.75419
pdb3b8b_A_original_CA_coordinates.csv,263,4,0.5,42.4111
pdb7uju_A_original_CA_coordinates.csv,189,4,0.5,1.76378
pdb4o45_A_original_CA_coordinates.csv,305,4,0.5,6.20353
pdb3ugr_A_original_CA_coordinates.csv,308,4,0.5,25.4477
pdb7bmb_A_original_CA_coordinates.csv,343,4,0.5,44.9734
pdb4l4u_A_original_CA_coordinates.csv,388,4,0.5,18.7061
pdb6dqh_A_original_CA_coordinates.csv,250,4,0.5,15.5306
pdb4q5q_A_original_CA_coordinates.csv,218,4,0.5,15.1377
pdb3q7x_A_original_CA_coordinates.csv,123,4,0.5,31.5056
pdb3qsj_A_original_CA_coordinates.csv,216,4,0.5,4.75956
pdb5ap6_A_original_CA_coordinates.csv,262,4,0.5,103.427
pdb2go9_A_original_CA_coordinates.csv,161,4,0.5,52.8774
pdb4r9n_A_original_CA_coordinates.csv,241,4,0.5,57.0898
pdb5ok4_A_original_CA_coordinates.csv,344,4,0.5,0.947661
pdb5ppz_A_original_CA_coordinates.csv,121,4,0.5,22.4711
pdb6mv9_A_original_CA_coordinates.csv,674,4,0.5,1581.85
pdb2akl_A_original_CA_coordinates.csv,116,4,0.5,99.1653
pdb4yt8_A_original_CA_coordinates.csv,334,4,0.5,21.2677
pdb6ecw_A_original_CA_coordinates.csv,281,4,0.5,46.7713
pdb7au9_A_original_CA_coordinates.csv,489,4,0.5,79.2412
pdb6pk1_A_original_CA_coordinates.csv,399,4,0.5,1.2309
pdb5ps5_A_original_CA_coordinates.csv,121,4,0.5,12.6018
pdb5jth_A_original_CA_coordinates.csv,147,4,0.5,2.62039
pdb6u4u_A_original_CA_coordinates.csv,148,4,0.5,87.1473
pdb4b85_A_original_CA_coordinates.csv,536,4,0.5,13.8191
pdb3r8h_A_original_CA_coordinates.csv,303,4,0.5,22.3558
pdb4upg_A_original_CA_coordinates.csv,169,4,0.5,7.55049
pdb7fle_A_original_CA_coordinates.csv,237,4,0.5,75.8352
pdb5le5_A_original_CA_coordinates.csv,230,4,0.5,3.99018
pdb5up7_A_original_CA_coordinates.csv,172,4,0.5,6.51842
pdb7ehp_A_original_CA_coordinates.csv,397,4,0.5,3.3927
pdb3mwd_A_original_CA_coordinates.csv,419,4,0.5,392.114
pdb2eje_A_original_CA_coordinates.csv,114,4,0.5,48.0524
pdb3beu_A_original_CA_coordinates.csv,215,4,0.5,88.2646
pdb7p6a_A_original_CA_coordinates.csv,108,4,0.5,104.661
pdb6fum_A_original_CA_coordinates.csv,202,4,0.5,93.4777
pdb5dgb_A_original_CA_coordinates.csv,430,4,0.5,197.871
pdb2ar6_A_original_CA_coordinates.csv,240,4,0.5,17.7526
pdb7kxn_A_original_CA_coordinates.csv,266,4,0.5,1.01613
pdb4ceb_A_original_CA_coordinates.csv,149,4,0.5,0.646151
pdb3kx1_A_original_CA_coordinates.csv,213,4,0.5,69.3169
pdb4ghr_A_original_CA_coordinates.csv,354,4,0.5,3.24114
pdb4gxo_A_original_CA_coordinates.csv,139,4,0.5,13.6257
pdb6p06_A_original_CA_coordinates.csv,253,4,0.5,51.4487
pdb6xo3_A_original_CA_coordinates.csv,296,4,0.5,17.8246
pdb7rgv_A_original_CA_coordinates.csv,222,4,0.5,0.569354
pdb5r87_A_original_CA_coordinates.csv,152,4,0.5,5.99604
pdb5vas_A_original_CA_coordinates.csv,129,4,0.5,35.8457
pdb6l7d_A_original_CA_coordinates.csv,423,4,0.5,91.4035
pdb3bsy_A_original_CA_coordinates.csv,193,4,0.5,3.43729
pdb4xum_A_original_CA_coordinates.csv,260,4,0.5,24.5345
pdb3r8g_A_original_CA_coordinates.csv,303,4,0.5,1.67431
pdb6lv6_A_original_CA_coordinates.csv,257,4,0.5,64.8628
pdb7kjf_A_original_CA_coordinates.csv,340,4,0.5,100.159
pdb4hdo_A_original_CA_coordinates.csv,310,4,0.5,33.8128
pdb3r7f_A_original_CA_coordinates.csv,291,4,0.5,199.644
pdb6hmh_A_original_CA_coordinates.csv,341,4,0.5,17.1374
pdb5sfp_A_original_CA_coordinates.csv,312,4,0.5,41.7201
pdb7rh0_A_original_CA_coordinates.csv,138,4,0.5,46.1577
pdb3ldv_A_original_CA_coordinates.csv,231,4,0.5,13.3794
pdb4r1j_A_original_CA_coordinates.csv,174,4,0.5,42.736
pdb5sru_A_original_CA_coordinates.csv,167,4,0.5,1.56574
pdb2csg_A_original_CA_coordinates.csv,417,4,0.5,109.007
pdb5pgh_A_original_CA_coordinates.csv,115,4,0.5,87.5568
pdb6ght_A_original_CA_coordinates.csv,261,4,0.5,14.0564
pdb3lhg_A_original_CA_coordinates.csv,369,4,0.5,1.15554
pdb7oub_B_original_CA_coordinates.csv,173,4,0.5,8.27802
pdb5tf3_A_original_CA_coordinates.csv,128,4,0.5,15.0837
pdb6hyn_A_original_CA_coordinates.csv,132,4,0.5,18.8606
pdb7q90_A_original_CA_coordinates.csv,294,4,0.5,251.049
pdb5e83_A_original_CA_coordinates.csv,141,4,0.5,55.0354
pdb6gxs_A_original_CA_coordinates.csv,362,4,0.5,0.236689
pdb3ump_A_original_CA_coordinates.csv,309,4,0.5,27.4408
pdb5ou8_A_original_CA_coordinates.csv,174,4,0.5,43.0792
pdb6a2w_A_original_CA_coordinates.csv,166,4,0.5,1.09318
pdb4u9g_A_original_CA_coordinates.csv,187,4,0.5,13.4035
pdb3s7s_A_original_CA_coordinates.csv,452,4,0.5,10.4446
pdb4lh6_A_original_CA_coordinates.csv,322,4,0.5,13.441
pdb6w3d_A_original_CA_coordinates.csv,115,4,0.5,0.764258
pdb7qr2_A_original_CA_coordinates.csv,365,4,0.5,235.023
pdb7nzx_A_original_CA_coordinates.csv,258,4,0.5,30.9504
pdb3g7r_A_original_CA_coordinates.csv,187,4,0.5,37.6535
pdb5orz_A_original_CA_coordinates.csv,264,4,0.5,67.3503
pdb5upd_A_original_CA_coordinates.csv,214,4,0.5,257.146
pdb5q58_A_original_CA_coordinates.csv,341,4,0.5,140.708
pdb4ibv_A_original_CA_coordinates.csv,197,4,0.5,58.9743
pdb6qe9_A_original_CA_coordinates.csv,124,4,0.5,1.32432
pdb7ga7_A_original_CA_coordinates.csv,435,4,0.5,4.55902
pdb2aik_X_original_CA_coordinates.csv,274,4,0.5,45.4696
pdb3iwt_A_original_CA_coordinates.csv,166,4,0.5,0.820596
pdb4fhg_A_original_CA_coordinates.csv,340,4,0.5,29.3136
pdb6gjp_A_original_CA_coordinates.csv,165,4,0.5,3.61236
pdb6z8t_A_original_CA_coordinates.csv,650,4,0.5,73.0906
pdb5j9v_A_original_CA_coordinates.csv,171,4,0.5,28.1213
pdb5wud_A_original_CA_coordinates.csv,196,4,0.5,45.8638
pdb5kup_A_original_CA_coordinates.csv,265,4,0.5,81.4216
pdb5ps6_A_original_CA_coordinates.csv,121,4,0.5,14.6928
pdb7mxg_A_original_CA_coordinates.csv,625,4,0.5,1.47945
pdb4xa8_A_original_CA_coordinates.csv,301,4,0.5,2.63092
pdb5n30_A_original_CA_coordinates.csv,229,4,0.5,130.963
pdb5jve_A_original_CA_coordinates.csv,124,4,0.5,0.761064
pdb4ohh_A_original_CA_coordinates.csv,494,4,0.5,261.912
pdb1lw9_A_original_CA_coordinates.csv,164,4,0.5,60.5158
pdb5foy_A_original_CA_coordinates.csv,367,4,0.5,12.8358
pdb6teo_A_original_CA_coordinates.csv,863,4,0.5,46.1984
pdb4n9a_A_original_CA_coordinates.csv,356,4,0.5,110.446
pdb6uae_A_original_CA_coordinates.csv,124,4,0.5,3.66939
pdb3bq3_A_original_CA_coordinates.csv,246,4,0.5,15.7644
pdb8g50_A_original_CA_coordinates.csv,158,4,0.5,32.6713
pdb8tt1_A_original_CA_coordinates.csv,227,4,0.5,8.78114
pdb2k4n_A_original_CA_coordinates.csv,111,4,0.5,1.81789
pdb4hxc_A_original_CA_coordinates.csv,252,4,0.5,79.3133
pdb4rd0_A_original_CA_coordinates.csv,414,4,0.5,4.38238
pdb4pvh_A_original_CA_coordinates.csv,490,4,0.5,372.033
pdb4zx6_A_original_CA_coordinates.csv,888,4,0.5,9.15501
pdb5uwh_A_original_CA_coordinates.csv,203,4,0.5,27.2954
pdb4eul_A_original_CA_coordinates.csv,226,4,0.5,0.417604
pdb1nmv_A_original_CA_coordinates.csv,163,4,0.5,0.64731
pdb6p44_A_original_CA_coordinates.csv,115,4,0.5,1.87511
pdb4f5q_A_original_CA_coordinates.csv,320,4,0.5,34.3944
pdb5kmw_A_original_CA_coordinates.csv,256,4,0.5,16.643
pdb8em0_A_original_CA_coordinates.csv,166,4,0.5,23.518
pdb3rq7_A_original_CA_coordinates.csv,212,4,0.5,24.8439
pdb4uqo_A_original_CA_coordinates.csv,222,4,0.5,1.72838
pdb3gq5_A_original_CA_coordinates.csv,252,4,0.5,129.304
pdb6hmn_A_original_CA_coordinates.csv,505,4,0.5,3.63322
pdb3zqs_A_original_CA_coordinates.csv,186,4,0.5,1.78367
pdb3zs7_A_original_CA_coordinates.csv,277,4,0.5,107.418
pdb7f9p_A_original_CA_coordinates.csv,483,4,0.5,2296.91
pdb8wiu_A_original_CA_coordinates.csv,123,4,0.5,2.16714
pdb2hst_A_original_CA_coordinates.csv,136,4,0.5,20.7241
pdb4uhd_A_original_CA_coordinates.csv,274,4,0.5,2.8189
pdb2rkv_A_original_CA_coordinates.csv,443,4,0.5,16.2898
pdb3kbg_A_original_CA_coordinates.csv,186,4,0.5,23.8428
pdb4abl_A_original_CA_coordinates.csv,181,4,0.5,81.0042
pdb4dln_A_original_CA_coordinates.csv,297,4,0.5,62.7471
pdb4cho_A_original_CA_coordinates.csv,149,4,0.5,3.70042
pdb6r6k_A_original_CA_coordinates.csv,275,4,0.5,68.312
pdb6vlf_A_original_CA_coordinates.csv,447,4,0.5,110.071
pdb4qzt_A_original_CA_coordinates.csv,133,4,0.5,1.44885
pdb7c7m_A_original_CA_coordinates.csv,248,4,0.5,2.08771
pdb6orr_A_original_CA_coordinates.csv,271,4,0.5,63.4662
pdb7frz_A_original_CA_coordinates.csv,422,4,0.5,52.0695
pdb6t0q_A_original_CA_coordinates.csv,340,4,0.5,150.534
pdb6gqe_A_original_CA_coordinates.csv,162,4,0.5,0.380443
pdb5po8_A_original_CA_coordinates.csv,123,4,0.5,25.4823
pdb4nbq_A_original_CA_coordinates.csv,643,4,0.5,0.0196969
pdb4unv_A_original_CA_coordinates.csv,108,4,0.5,14.913
pdb6o0j_A_original_CA_coordinates.csv,527,4,0.5,3.87835
pdb5qxv_A_original_CA_coordinates.csv,130,4,0.5,55.364
pdb6n6n_A_original_CA_coordinates.csv,301,4,0.5,25.4547
pdb5qiy_A_original_CA_coordinates.csv,225,4,0.5,28.536
pdb3epw_A_original_CA_coordinates.csv,326,4,0.5,24.8019
pdb5nn5_A_original_CA_coordinates.csv,845,4,0.5,3.55077
pdb3obi_A_original_CA_coordinates.csv,278,4,0.5,86.0399
pdb6i8n_A_original_CA_coordinates.csv,106,4,0.5,14.3253
pdb4fc9_B_original_CA_coordinates.csv,171,4,0.5,7.06257
pdb4lxz_A_original_CA_coordinates.csv,368,4,0.5,68.0576
pdb6bei_A_original_CA_coordinates.csv,541,4,0.5,283.358
pdb6x3o_A_original_CA_coordinates.csv,265,4,0.5,24.0422
pdb5l8s_A_original_CA_coordinates.csv,604,4,0.5,63.9144
pdb7lru_B_original_CA_coordinates.csv,255,4,0.5,169.537
pdb4m5m_A_original_CA_coordinates.csv,159,4,0.5,1.68109
pdb2xfg_A_original_CA_coordinates.csv,446,4,0.5,3.28319
pdb3lzt_A_original_CA_coordinates.csv,129,4,0.5,49.5407
pdb6x5l_A_original_CA_coordinates.csv,233,4,0.5,69.8424
pdb4lvl_A_original_CA_coordinates.csv,196,4,0.5,2.39094
pdb4md0_A_original_CA_coordinates.csv,179,4,0.5,1.07523
pdb5t48_A_original_CA_coordinates.csv,181,4,0.5,301.533
pdb7lrk_A_original_CA_coordinates.csv,119,4,0.5,0.193268
pdb3ijr_A_original_CA_coordinates.csv,277,4,0.5,0.0993594
pdb3m0o_A_original_CA_coordinates.csv,385,4,0.5,0.48781
pdb2ymq_A_original_CA_coordinates.csv,224,4,0.5,11.5809
pdb5uws_A_original_CA_coordinates.csv,206,4,0.5,11.6178
pdb4n2p_A_original_CA_coordinates.csv,139,4,0.5,0.119574
pdb5syj_A_original_CA_coordinates.csv,713,4,0.5,2.22923
pdb5a89_A_original_CA_coordinates.csv,151,4,0.5,108.642
pdb7yd2_A_original_CA_coordinates.csv,349,4,0.5,440.583
pdb2vmz_A_original_CA_coordinates.csv,405,4,0.5,145.272
pdb4d50_A_original_CA_coordinates.csv,290,4,0.5,8.65041
pdb4ku2_A_original_CA_coordinates.csv,340,4,0.5,1.25333
pdb4wg1_A_original_CA_coordinates.csv,129,4,0.5,10.3039
pdb1wef_A_original_CA_coordinates.csv,225,4,0.5,7.08134
pdb4aj3_A_original_CA_coordinates.csv,416,4,0.5,7.78796
pdb5iag_A_original_CA_coordinates.csv,239,4,0.5,3.05703
pdb2pgn_A_original_CA_coordinates.csv,587,4,0.5,30.9618
pdb8ik8_A_original_CA_coordinates.csv,158,4,0.5,254.041
pdb2x0y_A_original_CA_coordinates.csv,584,4,0.5,10.9818
pdb6qrx_A_original_CA_coordinates.csv,387,4,0.5,1.90868
pdb3o57_A_original_CA_coordinates.csv,336,4,0.5,121.334
pdb8as6_A_original_CA_coordinates.csv,1566,4,0.5,0.372182
pdb7nl2_A_original_CA_coordinates.csv,335,4,0.5,108.411
pdb3uqb_A_original_CA_coordinates.csv,191,4,0.5,22.7441
pdb8baw_A_original_CA_coordinates.csv,277,4,0.5,33.8139
pdb6z5y_A_original_CA_coordinates.csv,177,4,0.5,9.95359
pdb1mdz_A_original_CA_coordinates.csv,364,4,0.5,8.93861
pdb5rug_A_original_CA_coordinates.csv,167,4,0.5,2.44004
pdb3q2v_A_original_CA_coordinates.csv,532,4,0.5,5.09245
pdb3p3l_A_original_CA_coordinates.csv,403,4,0.5,8.06617
pdb4cf8_A_original_CA_coordinates.csv,149,4,0.5,0.0503063
pdb5pxf_A_original_CA_coordinates.csv,178,4,0.5,137.096
pdb6skh_A_original_CA_coordinates.csv,696,4,0.5,0.35092
pdb6axk_A_original_CA_coordinates.csv,214,4,0.5,6.40416
pdb8aw0_A_original_CA_coordinates.csv,320,4,0.5,6.07217
pdb4k41_A_original_CA_coordinates.csv,363,4,0.5,11.7016
pdb4d77_A_original_CA_coordinates.csv,245,4,0.5,85.6665
pdb5upv_A_original_CA_coordinates.csv,352,4,0.5,5.63903
pdb3f75_A_original_CA_coordinates.csv,223,4,0.5,131.12
pdb6z19_B_original_CA_coordinates.csv,328,4,0.5,19.9454
pdb5ue2_A_original_CA_coordinates.csv,247,4,0.5,2.25446
pdb3zgp_A_original_CA_coordinates.csv,129,4,0.5,41.5935
pdb5phh_A_original_CA_coordinates.csv,330,4,0.5,97.8761
pdb6jvw_A_original_CA_coordinates.csv,260,4,0.5,2.70249
pdb3zdg_A_original_CA_coordinates.csv,200,4,0.5,245.646
pdb6dx8_A_original_CA_coordinates.csv,378,4,0.5,162.305
pdb8slb_A_original_CA_coordinates.csv,248,4,0.5,51.3668
pdb3dc9_A_original_CA_coordinates.csv,257,4,0.5,51.6186
pdb6hby_A_original_CA_coordinates.csv,178,4,0.5,20.8857
pdb2lvv_A_original_CA_coordinates.csv,220,4,0.5,5.20721
pdb5nd7_C_original_CA_coordinates.csv,300,4,0.5,12.4978
pdb7ocm_A_original_CA_coordinates.csv,174,4,0.5,2.43828
pdb7o8c_A_original_CA_coordinates.csv,582,4,0.5,0.55749
pdb7r0q_A_original_CA_coordinates.csv,168,4,0.5,7.06187
pdb7ebt_A_original_CA_coordinates.csv,219,4,0.5,29.231
pdb5ltd_A_original_CA_coordinates.csv,315,4,0.5,5.12898
pdb2kwc_A_original_CA_coordinates.csv,116,4,0.5,13.873
pdb1z9b_A_original_CA_coordinates.csv,135,4,0.5,8.63875
pdb6gj5_A_original_CA_coordinates.csv,163,4,0.5,1.33722
pdb2ztv_A_original_CA_coordinates.csv,260,4,0.5,14.6865
pdb6tt2_A_original_CA_coordinates.csv,164,4,0.5,0.155724
pdb3of2_A_original_CA_coordinates.csv,267,4,0.5,1.43774
pdb4c2w_A_original_CA_coordinates.csv,268,4,0.5,132.652
pdb4glj_A_original_CA_coordinates.csv,287,4,0.5,190.499
pdb5skg_A_original_CA_coordinates.csv,312,4,0.5,130.588
pdb4z3b_A_original_CA_coordinates.csv,174,4,0.5,2.2619
pdb5hax_A_original_CA_coordinates.csv,698,4,0.5,1.07008
pdb2o9b_A_original_CA_coordinates.csv,315,4,0.5,14.372
pdb4xyg_A_original_CA_coordinates.csv,376,4,0.5,9.95975
pdb4xoe_A_original_CA_coordinates.csv,279,4,0.5,34.8918
pdb6vuo_A_original_CA_coordinates.csv,230,4,0.5,235.681
pdb1q4w_A_original_CA_coordinates.csv,364,4,0.5,8.45329
pdb3n9h_A_original_CA_coordinates.csv,654,4,0.5,0.887817
pdb6t4j_A_original_CA_coordinates.csv,241,4,0.5,42.8743
pdb5b7f_A_original_CA_coordinates.csv,463,4,0.5,39.112
pdb5sys_A_original_CA_coordinates.csv,258,4,0.5,5.73562
pdb6asn_A_original_CA_coordinates.csv,527,4,0.5,110.736
pdb6fek_A_original_CA_coordinates.csv,294,4,0.5,1.20727
pdb1h13_A_original_CA_coordinates.csv,404,4,0.5,4.66267
pdb3h02_A_original_CA_coordinates.csv,255,4,0.5,103.115
pdb5kur_A_original_CA_coordinates.csv,164,4,0.5,0.427799
pdb1whb_A_original_CA_coordinates.csv,157,4,0.5,4.72487
pdb6bow_A_original_CA_coordinates.csv,266,4,0.5,2.61501
pdb6rr9_A_original_CA_coordinates.csv,311,4,0.5,1.99012
pdb5u5s_A_original_CA_coordinates.csv,112,4,0.5,2.87815
pdb8bz6_A_original_CA_coordinates.csv,606,4,0.5,178.424
pdb4j0l_A_original_CA_coordinates.csv,243,4,0.5,27.0027
pdb5zye_A_original_CA_coordinates.csv,384,4,0.5,4.53117
pdb5tlz_A_original_CA_coordinates.csv,346,4,0.5,7.40273
pdb4nrv_A_original_CA_coordinates.csv,283,4,0.5,27.7734
pdb4clh_A_original_CA_coordinates.csv,252,4,0.5,36.63
pdb6pnl_A_original_CA_coordinates.csv,334,4,0.5,34.3871
pdb2w5a_A_original_CA_coordinates.csv,267,4,0.5,43.226
pdb8v4a_A_original_CA_coordinates.csv,466,4,0.5,1.8075
pdb7uy0_A_original_CA_coordinates.csv,447,4,0.5,3.26046
pdb7n9l_A_original_CA_coordinates.csv,282,4,0.5,84.8518
pdb3p69_A_original_CA_coordinates.csv,124,4,0.5,6.91103
pdb3ml2_A_original_CA_coordinates.csv,257,4,0.5,2.99879
pdb4yxu_A_original_CA_coordinates.csv,258,4,0.5,63.9587
pdb6bea_A_original_CA_coordinates.csv,433,4,0.5,10.7036
pdb3lws_A_original_CA_coordinates.csv,346,4,0.5,3.61349
pdb3sug_A_original_CA_coordinates.csv,201,4,0.5,97.6353
pdb3jz9_A_original_CA_coordinates.csv,189,4,0.5,11.0523
pdb7u4z_A_original_CA_coordinates.csv,153,4,0.5,1.22012
pdb6nyr_A_original_CA_coordinates.csv,681,4,0.5,0.0134707
pdb3n4j_A_original_CA_coordinates.csv,161,4,0.5,7.29214
pdb5cj6_A_original_CA_coordinates.csv,244,4,0.5,15.1424
pdb5hia_A_original_CA_coordinates.csv,202,4,0.5,30.8937
pdb6vw9_A_original_CA_coordinates.csv,231,4,0.5,111.444
pdb3sxu_A_original_CA_coordinates.csv,146,4,0.5,2.68217
pdb5qxz_A_original_CA_coordinates.csv,130,4,0.5,17.0161
pdb6oin_A_original_CA_coordinates.csv,271,4,0.5,20.4295
pdb2v9o_A_original_CA_coordinates.csv,274,4,0.5,130.727
pdb2zl7_A_original_CA_coordinates.csv,285,4,0.5,5.40676
pdb4e2z_A_original_CA_coordinates.csv,405,4,0.5,378.024
pdb4zcs_A_original_CA_coordinates.csv,141,4,0.5,62.2053
pdb2gme_A_original_CA_coordinates.csv,225,4,0.5,0.369418
pdb4d5b_A_original_CA_coordinates.csv,312,4,0.5,74.1835
pdb5x7h_A_original_CA_coordinates.csv,700,4,0.5,0.0646558
pdb4ftt_A_original_CA_coordinates.csv,266,4,0.5,6.63185
pdb5t7k_A_original_CA_coordinates.csv,232,4,0.5,65.2224
pdb6qhm_A_original_CA_coordinates.csv,235,4,0.5,4.87013
pdb3tx4_A_original_CA_coordinates.csv,267,4,0.5,7.32876
pdb4bfd_A_original_CA_coordinates.csv,372,4,0.5,22.9743
pdb4gib_A_original_CA_coordinates.csv,225,4,0.5,66.1889
pdb5pew_A_original_CA_coordinates.csv,115,4,0.5,3.38183
pdb8sdf_Z_original_CA_coordinates.csv,195,4,0.5,9.94538
pdb8d60_A_original_CA_coordinates.csv,129,4,0.5,19.9199
pdb4gkt_A_original_CA_coordinates.csv,354,4,0.5,1.26636
pdb8g64_A_original_CA_coordinates.csv,169,4,0.5,3.65519
pdb7gnw_A_original_CA_coordinates.csv,182,4,0.5,7.55225
pdb7frj_A_original_CA_coordinates.csv,281,4,0.5,339.418
pdb7gbd_A_original_CA_coordinates.csv,304,4,0.5,236.271
pdb2k07_A_original_CA_coordinates.csv,175,4,0.5,51.3687
pdb8hz6_A_original_CA_coordinates.csv,377,4,0.5,3.67898
pdb5lgh_H_original_CA_coordinates.csv,200,4,0.5,45.6244
pdb5jjh_A_original_CA_coordinates.csv,704,4,0.5,4.15903
pdb2x7s_A_original_CA_coordinates.csv,256,4,0.5,290.873
pdb5qyn_A_original_CA_coordinates.csv,237,4,0.5,8.68553
pdb6cjs_A_original_CA_coordinates.csv,218,4,0.5,152.363
pdb4y3h_A_original_CA_coordinates.csv,330,4,0.5,288.811
pdb8asn_A_original_CA_coordinates.csv,426,4,0.5,4.47304
pdb7me9_A_original_CA_coordinates.csv,249,4,0.5,79.6251
pdb5trw_A_original_CA_coordinates.csv,278,4,0.5,11.695
pdb4xob_A_original_CA_coordinates.csv,279,4,0.5,221.758
pdb5t38_A_original_CA_coordinates.csv,238,4,0.5,3.68521
pdb6wci_A_original_CA_coordinates.csv,400,4,0.5,405.478
pdb4wct_A_original_CA_coordinates.csv,441,4,0.5,27.6466
pdb6ss3_A_original_CA_coordinates.csv,305,4,0.5,4.80275
pdb6hsa_A_original_CA_coordinates.csv,145,4,0.5,8.73287
pdb8q00_A_original_CA_coordinates.csv,295,4,0.5,4.95787
pdb5hzq_A_original_CA_coordinates.csv,139,4,0.5,5.98146
pdb5tny_A_original_CA_coordinates.csv,283,4,0.5,12.4919
pdb6ude_A_original_CA_coordinates.csv,493,4,0.5,4.56223
pdb5a6x_A_original_CA_coordinates.csv,114,4,0.5,18.4742
pdb1b4m_A_original_CA_coordinates.csv,134,4,0.5,0.924958
pdb4kev_A_original_CA_coordinates.csv,313,4,0.5,31.4
pdb2h4l_X_original_CA_coordinates.csv,454,4,0.5,157.594
pdb2jj7_A_original_CA_coordinates.csv,177,4,0.5,1.44796
pdb6y0d_A_original_CA_coordinates.csv,214,4,0.5,9.91716
pdb7tbh_A_original_CA_coordinates.csv,243,4,0.5,11.5804
pdb6fff_A_original_CA_coordinates.csv,113,4,0.5,57.2565
pdb5sts_A_original_CA_coordinates.csv,237,4,0.5,13.3757
pdb2z9u_A_original_CA_coordinates.csv,392,4,0.5,200.431
pdb4cv7_A_original_CA_coordinates.csv,111,4,0.5,18.1746
pdb1rch_A_original_CA_coordinates.csv,155,4,0.5,32.3769
pdb6thv_A_original_CA_coordinates.csv,354,4,0.5,32.3089
pdb4jzz_A_original_CA_coordinates.csv,336,4,0.5,0.158444
pdb2rtg_B_original_CA_coordinates.csv,123,4,0.5,14.0965
pdb7xl0_A_original_CA_coordinates.csv,121,4,0.5,0.947461
pdb4k9o_A_original_CA_coordinates.csv,525,4,0.5,194.225
pdb5sae_A_original_CA_coordinates.csv,348,4,0.5,27.9429
pdb7qbt_A_original_CA_coordinates.csv,411,4,0.5,18.2919
pdb3kzz_A_original_CA_coordinates.csv,158,4,0.5,103.38
pdb8j16_X_original_CA_coordinates.csv,173,4,0.5,5.69568
pdb5v37_A_original_CA_coordinates.csv,424,4,0.5,67.3464
pdb5s3i_A_original_CA_coordinates.csv,164,4,0.5,0.0745672
pdb8crd_A_original_CA_coordinates.csv,500,4,0.5,4.91821
pdb7qcm_A_original_CA_coordinates.csv,314,4,0.5,57.7102
pdb5f60_A_original_CA_coordinates.csv,127,4,0.5,1.08203
pdb3pji_A_original_CA_coordinates.csv,119,4,0.5,16.1028
pdb2rsf_A_original_CA_coordinates.csv,110,4,0.5,25.5241
pdb4qgf_A_original_CA_coordinates.csv,196,4,0.5,68.7726
pdb6an3_A_original_CA_coordinates.csv,305,4,0.5,56.3979
pdb7tse_A_original_CA_coordinates.csv,411,4,0.5,16.3292
pdb2ux6_A_original_CA_coordinates.csv,122,4,0.5,95.3062
pdb6e51_A_original_CA_coordinates.csv,133,4,0.5,20.3402
pdb5vim_A_original_CA_coordinates.csv,261,4,0.5,2.78161
pdb7ncy_A_original_CA_coordinates.csv,126,4,0.5,0.480011
pdb1gwh_A_original_CA_coordinates.csv,498,4,0.5,8.62558
pdb5t4j_B_original_CA_coordinates.csv,360,4,0.5,19.0628
pdb6pp4_A_original_CA_coordinates.csv,404,4,0.5,5.08025
pdb7zx2_A_original_CA_coordinates.csv,434,4,0.5,10.8228
pdb5mlj_A_original_CA_coordinates.csv,109,4,0.5,5.11101
pdb2k5q_A_original_CA_coordinates.csv,105,4,0.5,1.78782
pdb2p7s_A_original_CA_coordinates.csv,110,4,0.5,113.994
pdb4xnu_A_original_CA_coordinates.csv,532,4,0.5,157.23
pdb4wh9_A_original_CA_coordinates.csv,177,4,0.5,22.1518
pdb7uqm_A_original_CA_coordinates.csv,142,4,0.5,342.647
pdb4g7t_A_original_CA_coordinates.csv,212,4,0.5,47.4251
pdb8fgz_A_original_CA_coordinates.csv,243,4,0.5,9.27185
pdb4wej_A_original_CA_coordinates.csv,500,4,0.5,7.4411
pdb7ji2_A_original_CA_coordinates.csv,278,4,0.5,28.2063
pdb2ka9_A_original_CA_coordinates.csv,189,4,0.5,4.30695
pdb2y7l_A_original_CA_coordinates.csv,312,4,0.5,38.3432
pdb4yt9_A_original_CA_coordinates.csv,418,4,0.5,184.986
pdb4hxa_L_original_CA_coordinates.csv,213,4,0.5,425.709
pdb4uin_H_original_CA_coordinates.csv,221,4,0.5,0.0169941
pdb3baa_A_original_CA_coordinates.csv,312,4,0.5,4.00599
pdb7wg3_A_original_CA_coordinates.csv,213,4,0.5,18.8222
pdb7vjx_A_original_CA_coordinates.csv,300,4,0.5,20.5104
pdb5qz8_A_original_CA_coordinates.csv,237,4,0.5,150.99
pdb5i9u_A_original_CA_coordinates.csv,281,4,0.5,95.0736
pdb2zse_A_original_CA_coordinates.csv,307,4,0.5,20.3299
pdb2x38_A_original_CA_coordinates.csv,822,4,0.5,2.82085
pdb5ti0_A_original_CA_coordinates.csv,257,4,0.5,254.777
pdb4q0w_A_original_CA_coordinates.csv,316,4,0.5,171.451
pdb3ood_A_original_CA_coordinates.csv,328,4,0.5,24.2813
pdb6kgu_A_original_CA_coordinates.csv,448,4,0.5,20.5939
pdb5fnh_A_original_CA_coordinates.csv,257,4,0.5,22.2083
pdb3imf_A_original_CA_coordinates.csv,238,4,0.5,2.88691
pdb6tl3_A_original_CA_coordinates.csv,227,4,0.5,11.8637
pdb6cbr_A_original_CA_coordinates.csv,144,4,0.5,48.3836
pdb8gsj_A_original_CA_coordinates.csv,336,4,0.5,224.531
pdb7zjp_A_original_CA_coordinates.csv,215,4,0.5,86.0772
pdb5hwq_A_original_CA_coordinates.csv,417,4,0.5,292.919
pdb4mho_A_original_CA_coordinates.csv,806,4,0.5,0.482311
pdb4qa5_A_original_CA_coordinates.csv,364,4,0.5,10.1394
pdb7jz5_A_original_CA_coordinates.csv,134,4,0.5,66.5297
pdb3e29_A_original_CA_coordinates.csv,128,4,0.5,58.3629
pdb5q2p_A_original_CA_coordinates.csv,341,4,0.5,38.6231
pdb4o8q_A_original_CA_coordinates.csv,242,4,0.5,39.4182
pdb6ep7_A_original_CA_coordinates.csv,210,4,0.5,4.23988
pdb2gq2_A_original_CA_coordinates.csv,238,4,0.5,1.33334
pdb5cp1_A_original_CA_coordinates.csv,245,4,0.5,73.2038
pdb7suw_A_original_CA_coordinates.csv,257,4,0.5,134.617
pdb3cav_A_original_CA_coordinates.csv,325,4,0.5,16.7004
pdb4jea_A_original_CA_coordinates.csv,106,4,0.5,11.166
pdb1vl4_A_original_CA_coordinates.csv,428,4,0.5,106.811
pdb7qxl_A_original_CA_coordinates.csv,105,4,0.5,15.2411
pdb3rwl_A_original_CA_coordinates.csv,404,4,0.5,5.39127
pdb8avn_A_original_CA_coordinates.csv,202,4,0.5,24.6657
pdb5r17_A_original_CA_coordinates.csv,237,4,0.5,13.6636
pdb8dxh_A_original_CA_coordinates.csv,556,4,0.5,1.94174
pdb5a0y_A_original_CA_coordinates.csv,542,4,0.5,12.4985
pdb1g03_A_original_CA_coordinates.csv,134,4,0.5,166.208
pdb2rq4_A_original_CA_coordinates.csv,115,4,0.5,4.51298
pdb8e7q_A_original_CA_coordinates.csv,138,4,0.5,3.53704
pdb5v8s_A_original_CA_coordinates.csv,399,4,0.5,12.583
pdb4de2_A_original_CA_coordinates.csv,260,4,0.5,51.4273
pdb5v2w_A_original_CA_coordinates.csv,166,4,0.5,44.4268
pdb4nqx_A_original_CA_coordinates.csv,274,4,0.5,2.42338
pdb5pq6_A_original_CA_coordinates.csv,121,4,0.5,1.0853
pdb5pfy_A_original_CA_coordinates.csv,115,4,0.5,20.513
pdb4ehc_A_original_CA_coordinates.csv,275,4,0.5,5.4805
pdb6loy_A_original_CA_coordinates.csv,246,4,0.5,213.503
pdb7pa4_A_original_CA_coordinates.csv,524,4,0.5,3.02929
pdb5sig_A_original_CA_coordinates.csv,312,4,0.5,177.456
pdb6jyv_A_original_CA_coordinates.csv,329,4,0.5,169.856
pdb3rlh_A_original_CA_coordinates.csv,277,4,0.5,58.6596
pdb3ca3_A_original_CA_coordinates.csv,257,4,0.5,6.09249
pdb5j7p_A_original_CA_coordinates.csv,114,4,0.5,5.55485
pdb6jbe_A_original_CA_coordinates.csv,404,4,0.5,101.319
pdb6l4p_A_original_CA_coordinates.csv,195,4,0.5,21.3581
pdb3w7l_A_original_CA_coordinates.csv,313,4,0.5,113.177
pdb6zm2_A_original_CA_coordinates.csv,626,4,0.5,16.6505
pdb7vzp_A_original_CA_coordinates.csv,565,4,0.5,6.93006
pdb3itp_A_original_CA_coordinates.csv,129,4,0.5,7.43999
pdb8cou_A_original_CA_coordinates.csv,413,4,0.5,3.01515
pdb4d3j_A_original_CA_coordinates.csv,362,4,0.5,1.11758
pdb6vmx_A_original_CA_coordinates.csv,276,4,0.5,146.109
pdb2m5y_A_original_CA_coordinates.csv,122,4,0.5,53.1184
pdb6pnd_A_original_CA_coordinates.csv,414,4,0.5,37.2848
pdb7sg5_H_original_CA_coordinates.csv,213,4,0.5,7.43374
pdb5hph_A_original_CA_coordinates.csv,482,4,0.5,79.9063
pdb4izo_A_original_CA_coordinates.csv,376,4,0.5,37.5662
pdb6uqz_A_original_CA_coordinates.csv,287,4,0.5,0.841385
pdb5clh_A_original_CA_coordinates.csv,159,4,0.5,8.46226
pdb5d0g_A_original_CA_coordinates.csv,162,4,0.5,2.82852
pdb2pnw_A_original_CA_coordinates.csv,354,4,0.5,26.1932
pdb3rja_A_original_CA_coordinates.csv,473,4,0.5,1067.61
pdb8bxh_A_original_CA_coordinates.csv,298,4,0.5,84.7632
pdb5qr3_B_original_CA_coordinates.csv,428,4,0.5,275.423
pdb8f5n_A_original_CA_coordinates.csv,282,4,0.5,23.486
pdb2qoc_A_original_CA_coordinates.csv,283,4,0.5,126.545
pdb3e8s_A_original_CA_coordinates.csv,216,4,0.5,8.31146
pdb2zl5_A_original_CA_coordinates.csv,289,4,0.5,10.9668
pdb6p6z_A_original_CA_coordinates.csv,158,4,0.5,1.58881
pdb5nxi_A_original_CA_coordinates.csv,259,4,0.5,1498.69
pdb4ru1_A_original_CA_coordinates.csv,288,4,0.5,1.41528
pdb3ecp_A_original_CA_coordinates.csv,458,4,0.5,47.3164
pdb6mt6_A_original_CA_coordinates.csv,276,4,0.5,6.16951
pdb8dsd_A_original_CA_coordinates.csv,467,4,0.5,57.7423
pdb5ucs_A_original_CA_coordinates.csv,290,4,0.5,39.9809
pdb6zwk_A_original_CA_coordinates.csv,115,4,0.5,4.75337
pdb8swr_A_original_CA_coordinates.csv,295,4,0.5,1.98568
pdb9av7_A_original_CA_coordinates.csv,304,4,0.5,98.0247
pdb2ypo_A_original_CA_coordinates.csv,458,4,0.5,13.0365
pdb7bv3_A_original_CA_coordinates.csv,457,4,0.5,7.91145
pdb3mhu_A_original_CA_coordinates.csv,307,4,0.5,14.0081
pdb6dp1_A_original_CA_coordinates.csv,135,4,0.5,175.08
pdb4jft_A_original_CA_coordinates.csv,438,4,0.5,33.1061
pdb7die_A_original_CA_coordinates.csv,164,4,0.5,0.439003
pdb8szs_A_original_CA_coordinates.csv,856,4,0.5,0.078828
pdb5uzp_A_original_CA_coordinates.csv,436,4,0.5,39.5311
pdb3ks6_A_original_CA_coordinates.csv,241,4,0.5,18.7016
pdb5pik_A_original_CA_coordinates.csv,331,4,0.5,393.517
pdb5j2j_A_original_CA_coordinates.csv,326,4,0.5,625.34
pdb6nnc_A_original_CA_coordinates.csv,159,4,0.5,19.8067
pdb5g39_A_original_CA_coordinates.csv,172,4,0.5,4.88126
pdb5rdl_A_original_CA_coordinates.csv,330,4,0.5,58.7457
pdb5lgx_A_original_CA_coordinates.csv,363,4,0.5,18.5692
pdb5lbk_A_original_CA_coordinates.csv,119,4,0.5,0.308438
pdb2x7c_A_original_CA_coordinates.csv,332,4,0.5,8.62311
pdb3uhb_A_original_CA_coordinates.csv,145,4,0.5,5.07754
pdb4h4j_A_original_CA_coordinates.csv,229,4,0.5,12.0491
pdb4a9j_A_original_CA_coordinates.csv,112,4,0.5,26.5553
pdb6rez_A_original_CA_coordinates.csv,273,4,0.5,28.8157
pdb7dqt_A_original_CA_coordinates.csv,154,4,0.5,30.3353
pdb4jr2_A_original_CA_coordinates.csv,224,4,0.5,98.0494
pdb5cty_A_original_CA_coordinates.csv,192,4,0.5,23.0342
pdb4liz_A_original_CA_coordinates.csv,137,4,0.5,81.8085
pdb2l9n_A_original_CA_coordinates.csv,250,4,0.5,93.8323
pdb8coz_A_original_CA_coordinates.csv,335,4,0.5,431.822
pdb3h22_A_original_CA_coordinates.csv,261,4,0.5,6.46105
pdb5bxy_A_original_CA_coordinates.csv,152,4,0.5,0.326149
pdb4ohw_A_original_CA_coordinates.csv,399,4,0.5,606.794
pdb6h6i_A_original_CA_coordinates.csv,144,4,0.5,51.9697
pdb8r95_A_original_CA_coordinates.csv,152,4,0.5,1.23587
pdb2i5z_O_original_CA_coordinates.csv,246,4,0.5,2.40258
pdb3d78_A_original_CA_coordinates.csv,119,4,0.5,0.850831
pdb3uqp_A_original_CA_coordinates.csv,370,4,0.5,0.85644
pdb6lko_A_original_CA_coordinates.csv,408,4,0.5,201.105
pdb2pev_A_original_CA_coordinates.csv,316,4,0.5,51.0238
pdb7jvu_A_original_CA_coordinates.csv,365,4,0.5,7.38274
pdb5o1h_A_original_CA_coordinates.csv,196,4,0.5,10.4117
pdb3u41_A_original_CA_coordinates.csv,204,4,0.5,25.5333
pdb7yxe_A_original_CA_coordinates.csv,148,4,0.5,7.02329
pdb5pws_A_original_CA_coordinates.csv,178,4,0.5,157.533
pdb3prp_A_original_CA_coordinates.csv,161,4,0.5,14.4874
pdb4df1_A_original_CA_coordinates.csv,199,4,0.5,120.928
pdb4f0l_A_original_CA_coordinates.csv,448,4,0.5,2.01046
pdb2rke_A_original_CA_coordinates.csv,612,4,0.5,9.80504
pdb4lc4_A_original_CA_coordinates.csv,320,4,0.5,17.7702
pdb6ydx_A_original_CA_coordinates.csv,856,4,0.5,0.0890522
pdb2osm_A_original_CA_coordinates.csv,258,4,0.5,470.423
pdb7zp7_A_original_CA_coordinates.csv,305,4,0.5,5.65472
pdb7kvo_A_original_CA_coordinates.csv,457,4,0.5,70.1132
pdb3bq9_A_original_CA_coordinates.csv,446,4,0.5,0.834337
pdb6cia_A_original_CA_coordinates.csv,284,4,0.5,58.7909
pdb3pp4_H_original_CA_coordinates.csv,220,4,0.5,97.2326
pdb3zl4_H_original_CA_coordinates.csv,231,4,0.5,133.102
pdb4j5u_A_original_CA_coordinates.csv,419,4,0.5,81.6127
pdb5pi5_A_original_CA_coordinates.csv,331,4,0.5,48.9815
pdb7x2m_E_original_CA_coordinates.csv,196,4,0.5,19.9183
pdb4uzq_A_original_CA_coordinates.csv,355,4,0.5,8.51781
pdb3v0j_A_original_CA_coordinates.csv,319,4,0.5,9.05109
pdb4n0h_A_original_CA_coordinates.csv,446,4,0.5,7.28617
pdb1xdx_A_original_CA_coordinates.csv,114,4,0.5,143.821
pdb8oge_A_original_CA_coordinates.csv,257,4,0.5,747.596
pdb7z8n_A_original_CA_coordinates.csv,286,4,0.5,35.7818
pdb6iyy_A_original_CA_coordinates.csv,312,4,0.5,4.59109
pdb2qei_A_original_CA_coordinates.csv,511,4,0.5,1164.4
pdb6blf_A_original_CA_coordinates.csv,348,4,0.5,8.73919
pdb5hvn_A_original_CA_coordinates.csv,354,4,0.5,479.835
pdb3q67_A_original_CA_coordinates.csv,316,4,0.5,18.2131
pdb5s88_A_original_CA_coordinates.csv,283,4,0.5,79.5948
pdb2lpc_A_original_CA_coordinates.csv,185,4,0.5,64.4777
pdb8dxg_A_original_CA_coordinates.csv,556,4,0.5,19.4949
pdb5mnp_A_original_CA_coordinates.csv,220,4,0.5,51.1173
pdb3fa2_A_original_CA_coordinates.csv,203,4,0.5,34.3382
pdb1eye_A_original_CA_coordinates.csv,256,4,0.5,35.31
pdb4nif_A_original_CA_coordinates.csv,313,4,0.5,16.6855
pdb6tcu_A_original_CA_coordinates.csv,349,4,0.5,9.33062
pdb6d1j_A_original_CA_coordinates.csv,229,4,0.5,2.19716
pdb4dzu_A_original_CA_coordinates.csv,188,4,0.5,149.9
pdb8as7_A_original_CA_coordinates.csv,1575,4,0.5,0.0223128
pdb5jep_B_original_CA_coordinates.csv,258,4,0.5,70.0278
pdb3oc8_A_original_CA_coordinates.csv,134,4,0.5,15.8674
pdb5th2_A_original_CA_coordinates.csv,213,4,0.5,16.3544
pdb5tfb_A_original_CA_coordinates.csv,215,4,0.5,20.896
pdb5mbc_A_original_CA_coordinates.csv,342,4,0.5,78.0849
pdb4rw4_A_original_CA_coordinates.csv,538,4,0.5,5.95575
pdb3hn5_A_original_CA_coordinates.csv,199,4,0.5,10.5318
pdb5lwx_A_original_CA_coordinates.csv,554,4,0.5,15.3861
pdb5fmr_A_original_CA_coordinates.csv,242,4,0.5,0.368388
pdb6w39_A_original_CA_coordinates.csv,374,4,0.5,6.06402
pdb2y6r_A_original_CA_coordinates.csv,366,4,0.5,0.24972
pdb5r19_A_original_CA_coordinates.csv,237,4,0.5,35.0213
pdb8fgs_A_original_CA_coordinates.csv,401,4,0.5,4.43199
pdb5dr1_A_original_CA_coordinates.csv,330,4,0.5,27.9699
pdb5d2r_A_original_CA_coordinates.csv,420,4,0.5,6.34951
pdb2vqp_A_original_CA_coordinates.csv,254,4,0.5,11.3637
pdb5lqd_A_original_CA_coordinates.csv,446,4,0.5,184.832
pdb6svu_A_original_CA_coordinates.csv,220,4,0.5,5.38033
pdb7m1z_A_original_CA_coordinates.csv,358,4,0.5,4.59723
pdb4j5q_A_original_CA_coordinates.csv,146,4,0.5,7.94969
pdb7l1z_A_original_CA_coordinates.csv,221,4,0.5,94.3822
pdb2gzo_A_original_CA_coordinates.csv,187,4,0.5,8.74593
pdb5qow_A_original_CA_coordinates.csv,149,4,0.5,20.6841
pdb7zy9_A_original_CA_coordinates.csv,303,4,0.5,27.0722
pdb3pzb_A_original_CA_coordinates.csv,357,4,0.5,14.7499
pdb7sv4_A_original_CA_coordinates.csv,170,4,0.5,0.293145
pdb8fll_A_original_CA_coordinates.csv,264,4,0.5,1.49751
pdb2kko_A_original_CA_coordinates.csv,108,4,0.5,1.03139
pdb6tyk_A_original_CA_coordinates.csv,185,4,0.5,21.326
pdb6toy_A_original_CA_coordinates.csv,481,4,0.5,21.4385
pdb4d8b_A_original_CA_coordinates.csv,254,4,0.5,2.33614
pdb5o2n_A_original_CA_coordinates.csv,564,4,0.5,74.7476
pdb7qcb_A_original_CA_coordinates.csv,240,4,0.5,42.0637
pdb6lj6_A_original_CA_coordinates.csv,229,4,0.5,28.5989
pdb3p5g_A_original_CA_coordinates.csv,128,4,0.5,9.82927
pdb2a40_A_original_CA_coordinates.csv,361,4,0.5,98.8141
pdb4y6g_A_original_CA_coordinates.csv,257,4,0.5,38.3223
pdb6sf8_A_original_CA_coordinates.csv,361,4,0.5,82.4772
pdb3uwd_A_original_CA_coordinates.csv,380,4,0.5,15.0318
pdb4jld_A_original_CA_coordinates.csv,203,4,0.5,62.3997
pdb5pck_A_original_CA_coordinates.csv,115,4,0.5,2.99692
pdb5k45_A_original_CA_coordinates.csv,328,4,0.5,67.9658
pdb8r8i_A_original_CA_coordinates.csv,152,4,0.5,3.02249
pdb3tu3_A_original_CA_coordinates.csv,119,4,0.5,0.298422
pdb4brq_A_original_CA_coordinates.csv,359,4,0.5,3.25076
pdb5fsn_A_original_CA_coordinates.csv,154,4,0.5,131.461
pdb5ufg_A_original_CA_coordinates.csv,464,4,0.5,57.6254
pdb5e5h_A_original_CA_coordinates.csv,510,4,0.5,6.63104
pdb8rnv_A_original_CA_coordinates.csv,129,4,0.5,3.3006
pdb6uwq_A_original_CA_coordinates.csv,163,4,0.5,0.425196
pdb5pdk_A_original_CA_coordinates.csv,115,4,0.5,18.8684
pdb5eh8_A_original_CA_coordinates.csv,258,4,0.5,26.6878
pdb8f9s_H_original_CA_coordinates.csv,216,4,0.5,1.91056
pdb2vfe_A_original_CA_coordinates.csv,247,4,0.5,45.7565
pdb3bcb_A_original_CA_coordinates.csv,444,4,0.5,16.9626
pdb6igy_A_original_CA_coordinates.csv,391,4,0.5,112.628
pdb3oo5_A_original_CA_coordinates.csv,140,4,0.5,16.9529
pdb7tqe_A_original_CA_coordinates.csv,273,4,0.5,14.1778
pdb4cbx_A_original_CA_coordinates.csv,358,4,0.5,23.6384
pdb6g6p_A_original_CA_coordinates.csv,318,4,0.5,13.244
pdb4e5w_A_original_CA_coordinates.csv,292,4,0.5,8.29258
pdb7fiv_A_original_CA_coordinates.csv,408,4,0.5,109.534
pdb3dn2_A_original_CA_coordinates.csv,164,4,0.5,5.18876
pdb5hq8_A_original_CA_coordinates.csv,426,4,0.5,1.07245
pdb2oh5_A_original_CA_coordinates.csv,247,4,0.5,3.88473
pdb1yb7_A_original_CA_coordinates.csv,256,4,0.5,9.78912
pdb6b1m_B_original_CA_coordinates.csv,378,4,0.5,20.7205
pdb6ri6_A_original_CA_coordinates.csv,497,4,0.5,0.165096
pdb4j89_A_original_CA_coordinates.csv,228,4,0.5,79.7569
pdb4cp8_A_original_CA_coordinates.csv,448,4,0.5,7.23385
pdb2w4j_A_original_CA_coordinates.csv,276,4,0.5,0.49096
pdb4eiu_A_original_CA_coordinates.csv,238,4,0.5,3.74171
pdb3ek3_A_original_CA_coordinates.csv,184,4,0.5,7.43287
pdb3kkn_A_original_CA_coordinates.csv,166,4,0.5,5.61828
pdb4mzk_A_original_CA_coordinates.csv,142,4,0.5,2.75142
pdb1o1w_A_original_CA_coordinates.csv,138,4,0.5,0.406313
pdb7cml_A_original_CA_coordinates.csv,334,4,0.5,417.439
pdb5vwl_A_original_CA_coordinates.csv,105,4,0.5,36.9574
pdb6xrv_A_original_CA_coordinates.csv,269,4,0.5,0.877453
pdb3sbq_A_original_CA_coordinates.csv,581,4,0.5,0.844145
pdb5zp1_A_original_CA_coordinates.csv,619,4,0.5,7.41594
pdb1i1w_A_original_CA_coordinates.csv,302,4,0.5,74.6801
pdb6nec_A_original_CA_coordinates.csv,287,4,0.5,81.4035
pdb5obi_A_original_CA_coordinates.csv,445,4,0.5,9.60069
pdb4mst_A_original_CA_coordinates.csv,241,4,0.5,18.8714
pdb7kxl_A_original_CA_coordinates.csv,267,4,0.5,94.3261
pdb3lhn_A_original_CA_coordinates.csv,106,4,0.5,75.1003
pdb5q5d_A_original_CA_coordinates.csv,341,4,0.5,202.156
pdb7kz6_A_original_CA_coordinates.csv,438,4,0.5,48.829
pdb3hn4_A_original_CA_coordinates.csv,256,4,0.5,19.6783
pdb6b9h_A_original_CA_coordinates.csv,151,4,0.5,0.67687
pdb6wtp_A_original_CA_coordinates.csv,274,4,0.5,216.753
pdb7g03_A_original_CA_coordinates.csv,133,4,0.5,4.11182
pdb5nqf_A_original_CA_coordinates.csv,298,4,0.5,1.80972
pdb6gqu_A_original_CA_coordinates.csv,232,4,0.5,70.1964
pdb2l0i_A_original_CA_coordinates.csv,136,4,0.5,7.09952
pdb5sh7_A_original_CA_coordinates.csv,312,4,0.5,35.1901
pdb2y2v_A_original_CA_coordinates.csv,530,4,0.5,126.141
pdb1v06_A_original_CA_coordinates.csv,138,4,0.5,1.24479
pdb4idi_A_original_CA_coordinates.csv,117,4,0.5,2.84981
pdb3tid_A_original_CA_coordinates.csv,277,4,0.5,39.5296
pdb2m2a_A_original_CA_coordinates.csv,148,4,0.5,1.05551
pdb7g91_A_original_CA_coordinates.csv,178,4,0.5,89.2315
pdb6s0u_A_original_CA_coordinates.csv,276,4,0.5,0.995698
pdb5vl0_A_original_CA_coordinates.csv,374,4,0.5,152.185
pdb7rzk_A_original_CA_coordinates.csv,208,4,0.5,22.3875
pdb7g9j_A_original_CA_coordinates.csv,178,4,0.5,5.22076
pdb5uwo_A_original_CA_coordinates.csv,205,4,0.5,17.7598
pdb4mp3_A_original_CA_coordinates.csv,321,4,0.5,1.10211
pdb3bhg_A_original_CA_coordinates.csv,437,4,0.5,290.573
pdb4u0j_A_original_CA_coordinates.csv,268,4,0.5,269.295
pdb4fj7_A_original_CA_coordinates.csv,901,4,0.5,11.069
pdb6q50_A_original_CA_coordinates.csv,318,4,0.5,116.74
pdb5szt_A_original_CA_coordinates.csv,540,4,0.5,9.54388
pdb4lmw_A_original_CA_coordinates.csv,250,4,0.5,15.5012
pdb8a1b_A_original_CA_coordinates.csv,295,4,0.5,1.52843
pdb7g96_A_original_CA_coordinates.csv,178,4,0.5,1.17573
pdb3n61_A_original_CA_coordinates.csv,407,4,0.5,20.3622
pdb6en5_A_original_CA_coordinates.csv,605,4,0.5,22.6042
pdb5sdb_A_original_CA_coordinates.csv,186,4,0.5,6.11512
pdb7oul_A_original_CA_coordinates.csv,1032,4,0.5,17.2433
pdb3ct5_A_original_CA_coordinates.csv,159,4,0.5,110.107
pdb5am2_A_original_CA_coordinates.csv,537,4,0.5,42.1658
pdb3b4w_A_original_CA_coordinates.csv,483,4,0.5,14.2946
pdb5s3f_A_original_CA_coordinates.csv,165,4,0.5,7.77931
pdb5pca_A_original_CA_coordinates.csv,115,4,0.5,16.6052
pdb4ix6_A_original_CA_coordinates.csv,346,4,0.5,4.76658
pdb1irp_A_original_CA_coordinates.csv,153,4,0.5,58.7748
pdb4yjt_A_original_CA_coordinates.csv,268,4,0.5,6.29615
pdb4f64_A_original_CA_coordinates.csv,278,4,0.5,81.1464
pdb7lub_A_original_CA_coordinates.csv,460,4,0.5,210.343
pdb1x53_A_original_CA_coordinates.csv,145,4,0.5,16.1601
pdb5w80_A_original_CA_coordinates.csv,453,4,0.5,271.587
pdb6jiz_A_original_CA_coordinates.csv,293,4,0.5,4.75841
pdb5fvp_A_original_CA_coordinates.csv,407,4,0.5,904.808
pdb5r1t_A_original_CA_coordinates.csv,330,4,0.5,1.08818
pdb5owa_A_original_CA_coordinates.csv,110,4,0.5,22.3068
pdb4x12_A_original_CA_coordinates.csv,257,4,0.5,87.0506
pdb5n9x_A_original_CA_coordinates.csv,489,4,0.5,80.2113
pdb7l2f_A_original_CA_coordinates.csv,1088,4,0.5,81.8978
pdb7q6n_A_original_CA_coordinates.csv,197,4,0.5,0.621282
pdb5nin_B_original_CA_coordinates.csv,141,4,0.5,3.5386
pdb2wfz_A_original_CA_coordinates.csv,532,4,0.5,418.101
pdb5mgi_A_original_CA_coordinates.csv,264,4,0.5,19.486
pdb5emk_A_original_CA_coordinates.csv,625,4,0.5,2.0117
pdb5k1l_A_original_CA_coordinates.csv,137,4,0.5,10.9161
pdb4g89_A_original_CA_coordinates.csv,233,4,0.5,56.4223
pdb4uac_A_original_CA_coordinates.csv,383,4,0.5,2002.38
pdb6sap_A_original_CA_coordinates.csv,119,4,0.5,9.03809
pdb4l3n_A_original_CA_coordinates.csv,209,4,0.5,279.711
pdb7cjv_A_original_CA_coordinates.csv,110,4,0.5,3.21504
pdb7z57_A_original_CA_coordinates.csv,581,4,0.5,71.4162
pdb3atb_A_original_CA_coordinates.csv,196,4,0.5,1.22596
pdb1rky_A_original_CA_coordinates.csv,734,4,0.5,213.224
pdb4r8x_A_original_CA_coordinates.csv,315,4,0.5,29.0025
pdb3zo3_A_original_CA_coordinates.csv,337,4,0.5,2.589
pdb7skw_A_original_CA_coordinates.csv,129,4,0.5,12.0202
pdb7nnx_A_original_CA_coordinates.csv,240,4,0.5,72.2914
pdb1e4d_A_original_CA_coordinates.csv,242,4,0.5,4.26807
pdb3o1t_A_original_CA_coordinates.csv,202,4,0.5,31.6393
pdb1rkt_A_original_CA_coordinates.csv,201,4,0.5,1.82527
pdb5eif_A_original_CA_coordinates.csv,256,4,0.5,32.8991
pdb4g0i_A_original_CA_coordinates.csv,327,4,0.5,10.794
pdb2h8m_A_original_CA_coordinates.csv,215,4,0.5,327.693
pdb6n6l_A_original_CA_coordinates.csv,348,4,0.5,219.2
pdb8one_A_original_CA_coordinates.csv,696,4,0.5,2.70567
pdb5rh0_A_original_CA_coordinates.csv,304,4,0.5,6.06725
pdb4y4x_A_original_CA_coordinates.csv,330,4,0.5,0.877999
pdb5cf1_A_original_CA_coordinates.csv,139,4,0.5,238.999
pdb2kxv_A_original_CA_coordinates.csv,174,4,0.5,1.78047
pdb2yv9_A_original_CA_coordinates.csv,285,4,0.5,27.5993
pdb7ak3_A_original_CA_coordinates.csv,337,4,0.5,57.9681
pdb5njq_A_original_CA_coordinates.csv,129,4,0.5,12.23
pdb2hib_X_original_CA_coordinates.csv,274,4,0.5,190.398
pdb7c0o_A_original_CA_coordinates.csv,397,4,0.5,45.1594
pdb2rvh_A_original_CA_coordinates.csv,108,4,0.5,4.28056
pdb4xo8_A_original_CA_coordinates.csv,158,4,0.5,27.5041
pdb4kxq_A_original_CA_coordinates.csv,279,4,0.5,7.98458
pdb3bfm_A_original_CA_coordinates.csv,225,4,0.5,11.9491
pdb7f6f_A_original_CA_coordinates.csv,337,4,0.5,45.0992
pdb5nr8_A_original_CA_coordinates.csv,377,4,0.5,1.38724
pdb5m60_A_original_CA_coordinates.csv,754,4,0.5,0.153237
pdb4be5_A_original_CA_coordinates.csv,224,4,0.5,191.016
pdb4m1j_C_original_CA_coordinates.csv,548,4,0.5,31.932
pdb6xuq_A_original_CA_coordinates.csv,514,4,0.5,128.212
pdb5ot5_A_original_CA_coordinates.csv,326,4,0.5,10.0749
pdb8dpq_A_original_CA_coordinates.csv,262,4,0.5,11.0764
pdb2mbc_A_original_CA_coordinates.csv,162,4,0.5,26.6634
pdb8adc_B_original_CA_coordinates.csv,201,4,0.5,77.3886
pdb3kv6_A_original_CA_coordinates.csv,447,4,0.5,4.16073
pdb3g3k_A_original_CA_coordinates.csv,254,4,0.5,8.20964
pdb8pd6_A_original_CA_coordinates.csv,181,4,0.5,1.89649
pdb4rjx_A_original_CA_coordinates.csv,425,4,0.5,54.4476
pdb5nrm_A_original_CA_coordinates.csv,141,4,0.5,7.54001
pdb2d9j_A_original_CA_coordinates.csv,139,4,0.5,0.577134
pdb6rg7_A_original_CA_coordinates.csv,257,4,0.5,33.2603
pdb3it2_A_original_CA_coordinates.csv,329,4,0.5,30.7847
pdb5rk4_A_original_CA_coordinates.csv,119,4,0.5,13.9594
pdb6s3c_A_original_CA_coordinates.csv,229,4,0.5,113.635
pdb5mzr_A_original_CA_coordinates.csv,311,4,0.5,60.4755
pdb3cp5_A_original_CA_coordinates.csv,116,4,0.5,0.364567
pdb6fqz_A_original_CA_coordinates.csv,468,4,0.5,69.0855
pdb3o5c_A_original_CA_coordinates.csv,308,4,0.5,26.5519
pdb2fr2_A_original_CA_coordinates.csv,161,4,0.5,1.35545
pdb5y53_A_original_CA_coordinates.csv,132,4,0.5,22.809
pdb8gfn_A_original_CA_coordinates.csv,301,4,0.5,153.302
pdb5pio_A_original_CA_coordinates.csv,331,4,0.5,508.346
pdb5old_A_original_CA_coordinates.csv,124,4,0.5,1.34928
pdb6t6y_A_original_CA_coordinates.csv,253,4,0.5,2.80186
pdb4xbk_A_original_CA_coordinates.csv,217,4,0.5,18.62
pdb6jmp_A_original_CA_coordinates.csv,469,4,0.5,504.527
pdb7ker_A_original_CA_coordinates.csv,250,4,0.5,1.70818
pdb6ji3_A_original_CA_coordinates.csv,124,4,0.5,45.3061
pdb3k5j_A_original_CA_coordinates.csv,178,4,0.5,222.828
pdb7tl3_A_original_CA_coordinates.csv,184,4,0.5,110.737
pdb2kfl_A_original_CA_coordinates.csv,112,4,0.5,3.15113
pdb3pxw_A_original_CA_coordinates.csv,354,4,0.5,238.757
pdb4nc5_A_original_CA_coordinates.csv,354,4,0.5,8.55328
pdb5n02_A_original_CA_coordinates.csv,262,4,0.5,3.31003
pdb6hrg_A_original_CA_coordinates.csv,233,4,0.5,0.205672
pdb5el2_A_original_CA_coordinates.csv,125,4,0.5,0.624907
pdb7dvk_A_original_CA_coordinates.csv,163,4,0.5,15.4588
pdb1p97_A_original_CA_coordinates.csv,114,4,0.5,224.217
pdb2hrm_A_original_CA_coordinates.csv,137,4,0.5,20.8037
pdb4jla_A_original_CA_coordinates.csv,203,4,0.5,10.0479
pdb3a96_A_original_CA_coordinates.csv,129,4,0.5,8.73418
pdb6fae_A_original_CA_coordinates.csv,335,4,0.5,176.63
pdb7mzr_A_original_CA_coordinates.csv,192,4,0.5,146.082
pdb3l0g_A_original_CA_coordinates.csv,272,4,0.5,7.48694
pdb5pkt_A_original_CA_coordinates.csv,331,4,0.5,3.75273
pdb3uny_A_original_CA_coordinates.csv,391,4,0.5,1.24943
pdb4zx0_A_original_CA_coordinates.csv,257,4,0.5,100.543
pdb5ska_A_original_CA_coordinates.csv,312,4,0.5,20.0538
pdb4uvn_A_original_CA_coordinates.csv,209,4,0.5,12.8728
pdb7s0l_A_original_CA_coordinates.csv,304,4,0.5,7.03592
pdb2w3w_A_original_CA_coordinates.csv,164,4,0.5,1.01273
pdb4exl_A_original_CA_coordinates.csv,261,4,0.5,26.284
pdb5zma_B_original_CA_coordinates.csv,253,4,0.5,131.993
pdb4gtr_A_original_CA_coordinates.csv,315,4,0.5,14.7731
pdb5sgv_A_original_CA_coordinates.csv,311,4,0.5,4.35251
pdb5c4z_A_original_CA_coordinates.csv,129,4,0.5,4.60861
pdb6n97_A_original_CA_coordinates.csv,260,4,0.5,40.2592
pdb5hgn_A_original_CA_coordinates.csv,205,4,0.5,18.1958
pdb8bj1_A_original_CA_coordinates.csv,358,4,0.5,72.7612
pdb3kvm_A_original_CA_coordinates.csv,366,4,0.5,146.511
pdb5e2c_A_original_CA_coordinates.csv,129,4,0.5,2.22023
pdb2x63_A_original_CA_coordinates.csv,258,4,0.5,64.3655
pdb2pke_A_original_CA_coordinates.csv,228,4,0.5,117.543
pdb8d3v_A_original_CA_coordinates.csv,960,4,0.5,0.543009
pdb3ozf_A_original_CA_coordinates.csv,233,4,0.5,10.8904
pdb7t5e_A_original_CA_coordinates.csv,223,4,0.5,151.175
pdb7z1y_A_original_CA_coordinates.csv,195,4,0.5,1.08419
pdb7avt_A_original_CA_coordinates.csv,466,4,0.5,21.8495
pdb4att_A_original_CA_coordinates.csv,158,4,0.5,38.2034
pdb4x9s_A_original_CA_coordinates.csv,241,4,0.5,6.18913
pdb4e17_A_original_CA_coordinates.csv,246,4,0.5,97.2945
pdb2q7i_A_original_CA_coordinates.csv,241,4,0.5,2.89931
pdb4ejm_A_original_CA_coordinates.csv,339,4,0.5,9.04705
pdb1tf9_A_original_CA_coordinates.csv,275,4,0.5,883.547
pdb3olp_A_original_CA_coordinates.csv,543,4,0.5,4.75143
pdb6mss_A_original_CA_coordinates.csv,181,4,0.5,76.6277
pdb5ucr_A_original_CA_coordinates.csv,271,4,0.5,1.6723
pdb7axx_A_original_CA_coordinates.csv,309,4,0.5,7.25763
pdb5k4j_A_original_CA_coordinates.csv,282,4,0.5,168.115
pdb6x5h_A_original_CA_coordinates.csv,467,4,0.5,12.6401
pdb6cbn_A_original_CA_coordinates.csv,409,4,0.5,714.694
pdb3it5_A_original_CA_coordinates.csv,182,4,0.5,3.35864
pdb6kqf_A_original_CA_coordinates.csv,231,4,0.5,47.6786
pdb6o3k_L_original_CA_coordinates.csv,213,4,0.5,23.5763
pdb4alg_A_original_CA_coordinates.csv,118,4,0.5,1.02188
pdb2hej_A_original_CA_coordinates.csv,318,4,0.5,6.26293
pdb4g7p_A_original_CA_coordinates.csv,213,4,0.5,9.86173
pdb4jjj_A_original_CA_coordinates.csv,636,4,0.5,0.655924
pdb3r17_B_original_CA_coordinates.csv,257,4,0.5,46.9003
pdb2g7j_A_original_CA_coordinates.csv,112,4,0.5,6.22247
pdb5i6o_A_original_CA_coordinates.csv,332,4,0.5,11.1877
pdb8gv3_A_original_CA_coordinates.csv,373,4,0.5,287.621
pdb4uav_A_original_CA_coordinates.csv,246,4,0.5,16.2782
pdb7p4l_A_original_CA_coordinates.csv,477,4,0.5,437.151
pdb4fp3_A_original_CA_coordinates.csv,658,4,0.5,175.422
pdb3sr3_A_original_CA_coordinates.csv,333,4,0.5,86.5589
pdb6yw4_A_original_CA_coordinates.csv,210,4,0.5,353.523
pdb3tar_A_original_CA_coordinates.csv,580,4,0.5,8.11381
pdb7rib_A_original_CA_coordinates.csv,121,4,0.5,4.41822
pdb6ia1_A_original_CA_coordinates.csv,295,4,0.5,1.9311
pdb6s67_A_original_CA_coordinates.csv,223,4,0.5,0.564295
pdb2bw9_M_original_CA_coordinates.csv,153,4,0.5,90.5248
pdb4ru2_A_original_CA_coordinates.csv,111,4,0.5,7.83928
pdb2knr_A_original_CA_coordinates.csv,118,4,0.5,103.914
pdb3dx3_A_original_CA_coordinates.csv,1015,4,0.5,7.36332
pdb7n3v_A_original_CA_coordinates.csv,266,4,0.5,45.6765
pdb5eqc_A_original_CA_coordinates.csv,426,4,0.5,14.9994
pdb8g9d_A_original_CA_coordinates.csv,135,4,0.5,20.2791
pdb5s8d_A_original_CA_coordinates.csv,119,4,0.5,0.653582
pdb1rst_B_original_CA_coordinates.csv,123,4,0.5,33.7796
pdb6thm_A_original_CA_coordinates.csv,364,4,0.5,29.2852
pdb5tgd_A_original_CA_coordinates.csv,249,4,0.5,0.413406
pdb2el8_A_original_CA_coordinates.csv,118,4,0.5,0.282182
pdb2k3q_A_original_CA_coordinates.csv,118,4,0.5,0.865438
pdb2y5z_A_original_CA_coordinates.csv,393,4,0.5,118.924
pdb4ee6_A_original_CA_coordinates.csv,280,4,0.5,195.898
pdb6cam_A_original_CA_coordinates.csv,351,4,0.5,89.4428
pdb3frs_A_original_CA_coordinates.csv,175,4,0.5,0.971756
pdb7l99_A_original_CA_coordinates.csv,113,4,0.5,3.26686
pdb6wcp_A_original_CA_coordinates.csv,440,4,0.5,25.0534
pdb5myd_A_original_CA_coordinates.csv,160,4,0.5,7.73616
pdb5swa_A_original_CA_coordinates.csv,448,4,0.5,135.377
pdb3u79_A_original_CA_coordinates.csv,111,4,0.5,1.33251
pdb4gfq_A_original_CA_coordinates.csv,186,4,0.5,0.823481
pdb7fn3_A_original_CA_coordinates.csv,237,4,0.5,102.629
pdb1w5n_A_original_CA_coordinates.csv,322,4,0.5,5.19628
pdb7b4d_A_original_CA_coordinates.csv,197,4,0.5,254.324
pdb3gs9_A_original_CA_coordinates.csv,300,4,0.5,38.3198
pdb6lx8_A_original_CA_coordinates.csv,264,4,0.5,60.3253
pdb5dem_A_original_CA_coordinates.csv,257,4,0.5,74.7024
pdb6q7r_A_original_CA_coordinates.csv,228,4,0.5,2.07546
pdb6nvf_A_original_CA_coordinates.csv,227,4,0.5,0.676301
pdb4g7a_A_original_CA_coordinates.csv,224,4,0.5,1.03714
pdb7owm_A_original_CA_coordinates.csv,392,4,0.5,1075.51
pdb5fr0_A_original_CA_coordinates.csv,576,4,0.5,0.0889943
pdb4crp_A_original_CA_coordinates.csv,107,4,0.5,1.19311
pdb5scp_A_original_CA_coordinates.csv,168,4,0.5,16.5027
pdb7tpv_A_original_CA_coordinates.csv,277,4,0.5,2.5722
pdb4wqj_A_original_CA_coordinates.csv,367,4,0.5,2.05
pdb6igh_A_original_CA_coordinates.csv,168,4,0.5,65.0053
pdb5q5s_A_original_CA_coordinates.csv,341,4,0.5,0.286547
pdb7lwg_A_original_CA_coordinates.csv,122,4,0.5,9.06591
pdb3ngi_A_original_CA_coordinates.csv,903,4,0.5,35.8929
pdb3nqo_A_original_CA_coordinates.csv,176,4,0.5,11.8574
pdb5ne5_A_original_CA_coordinates.csv,432,4,0.5,44.178
pdb2m49_A_original_CA_coordinates.csv,126,4,0.5,1.74484
pdb7nzu_A_original_CA_coordinates.csv,257,4,0.5,64.4569
pdb3py8_A_original_CA_coordinates.csv,539,4,0.5,69.1311
pdb4p0d_A_original_CA_coordinates.csv,471,4,0.5,11.5748
pdb8q9y_A_original_CA_coordinates.csv,471,4,0.5,610.635
pdb6atj_A_original_CA_coordinates.csv,306,4,0.5,7.91761
pdb3vg2_A_original_CA_coordinates.csv,129,4,0.5,36.476
pdb2p10_A_original_CA_coordinates.csv,258,4,0.5,10.0797
pdb4gue_A_original_CA_coordinates.csv,286,4,0.5,0.275772
pdb6z35_A_original_CA_coordinates.csv,109,4,0.5,39.3564
pdb5vmx_A_original_CA_coordinates.csv,122,4,0.5,1.64127
pdb7o6o_A_original_CA_coordinates.csv,227,4,0.5,0.164604
pdb4qgv_B_original_CA_coordinates.csv,137,4,0.5,0.0624105
pdb4jll_A_original_CA_coordinates.csv,161,4,0.5,14.3081
pdb7gdl_A_original_CA_coordinates.csv,304,4,0.5,214.804
pdb7zqr_A_original_CA_coordinates.csv,411,4,0.5,8.26601
pdb7d3i_A_original_CA_coordinates.csv,305,4,0.5,4.56734
pdb7rjk_A_original_CA_coordinates.csv,121,4,0.5,15.4209
pdb4chm_A_original_CA_coordinates.csv,125,4,0.5,6.04879
pdb2k5w_A_original_CA_coordinates.csv,111,4,0.5,7.61389
pdb5btw_A_original_CA_coordinates.csv,132,4,0.5,27.9354
pdb2mc8_A_original_CA_coordinates.csv,114,4,0.5,0.888072
pdb3gzi_A_original_CA_coordinates.csv,196,4,0.5,27.4364
pdb3as0_A_original_CA_coordinates.csv,570,4,0.5,2.39213
pdb8bwu_A_original_CA_coordinates.csv,261,4,0.5,0.397978
pdb5olr_A_original_CA_coordinates.csv,425,4,0.5,1.41498
pdb6f75_A_original_CA_coordinates.csv,323,4,0.5,215.437
pdb3fn6_A_original_CA_coordinates.csv,174,4,0.5,2.18496
pdb7qyo_A_original_CA_coordinates.csv,106,4,0.5,0.231371
pdb2xwh_A_original_CA_coordinates.csv,561,4,0.5,30.8486
pdb1wfm_A_original_CA_coordinates.csv,138,4,0.5,53.6891
pdb7oli_A_original_CA_coordinates.csv,242,4,0.5,6.60428
pdb1pu3_A_original_CA_coordinates.csv,105,4,0.5,3.46783
pdb5pun_A_original_CA_coordinates.csv,121,4,0.5,0.405914
pdb4dx2_A_original_CA_coordinates.csv,247,4,0.5,41.3476
pdb2vpn_A_original_CA_coordinates.csv,306,4,0.5,28.7205
pdb3meh_A_original_CA_coordinates.csv,129,4,0.5,6.83006
pdb6r52_A_original_CA_coordinates.csv,194,4,0.5,0.482281
pdb7lwf_A_original_CA_coordinates.csv,122,4,0.5,6.55585
pdb6ez1_A_original_CA_coordinates.csv,110,4,0.5,42.5553
pdb5sd5_A_original_CA_coordinates.csv,166,4,0.5,0.264632
pdb3afn_B_original_CA_coordinates.csv,257,4,0.5,38.1149
pdb3nbr_A_original_CA_coordinates.csv,124,4,0.5,37.4227
pdb2j9m_A_original_CA_coordinates.csv,275,4,0.5,29.76
pdb3wu5_A_original_CA_coordinates.csv,182,4,0.5,4.29718
pdb8dxt_L_original_CA_coordinates.csv,211,4,0.5,13.3381
pdb5qh8_A_original_CA_coordinates.csv,184,4,0.5,18.4578
pdb5b2w_A_original_CA_coordinates.csv,452,4,0.5,138.853
pdb7ggm_A_original_CA_coordinates.csv,304,4,0.5,1.77087
pdb2nmx_A_original_CA_coordinates.csv,258,4,0.5,43.0028
pdb5ep7_A_original_CA_coordinates.csv,119,4,0.5,13.9234
pdb6nkg_A_original_CA_coordinates.csv,236,4,0.5,89.108
pdb6rbs_A_original_CA_coordinates.csv,261,4,0.5,83.0042
pdb6g0n_A_original_CA_coordinates.csv,392,4,0.5,1.70187
pdb3ipb_A_original_CA_coordinates.csv,115,4,0.5,22.7978
pdb3d0k_A_original_CA_coordinates.csv,283,4,0.5,1.697
pdb4eo3_A_original_CA_coordinates.csv,321,4,0.5,101.758
pdb5mnx_A_original_CA_coordinates.csv,220,4,0.5,0.408634
pdb4elz_A_original_CA_coordinates.csv,143,4,0.5,114.273
pdb5cdv_A_original_CA_coordinates.csv,349,4,0.5,0.803158
pdb4js0_A_original_CA_coordinates.csv,178,4,0.5,5.03776
pdb3v12_A_original_CA_coordinates.csv,220,4,0.5,0.766623
pdb5uyj_A_original_CA_coordinates.csv,281,4,0.5,166.937
pdb4hhr_A_original_CA_coordinates.csv,640,4,0.5,130.583
pdb2b6c_A_original_CA_coordinates.csv,209,4,0.5,3.85956
pdb7c84_A_original_CA_coordinates.csv,189,4,0.5,50.5607
pdb5z0x_A_original_CA_coordinates.csv,124,4,0.5,11.8496
pdb5kts_A_original_CA_coordinates.csv,303,4,0.5,2.96679
pdb5kzl_A_original_CA_coordinates.csv,205,4,0.5,6.04199
pdb4h9a_A_original_CA_coordinates.csv,129,4,0.5,25.0858
pdb6m8v_A_original_CA_coordinates.csv,183,4,0.5,38.3762
pdb6a19_A_original_CA_coordinates.csv,334,4,0.5,25.79
pdb2yjr_A_original_CA_coordinates.csv,278,4,0.5,6.88627
pdb3rbb_A_original_CA_coordinates.csv,137,4,0.5,1.10212
pdb6so2_A_original_CA_coordinates.csv,345,4,0.5,25.8086
pdb5zcj_A_original_CA_coordinates.csv,199,4,0.5,53.7493
pdb7gru_A_original_CA_coordinates.csv,301,4,0.5,29.8886
pdb7nyq_A_original_CA_coordinates.csv,273,4,0.5,8.58173
pdb5pgj_A_original_CA_coordinates.csv,115,4,0.5,59.832
pdb4r6y_A_original_CA_coordinates.csv,317,4,0.5,60.7158
pdb1w31_A_original_CA_coordinates.csv,340,4,0.5,31.6272
pdb8onc_A_original_CA_coordinates.csv,145,4,0.5,20.3389
pdb3loc_A_original_CA_coordinates.csv,197,4,0.5,17.3961
pdb7nml_A_original_CA_coordinates.csv,130,4,0.5,1.8982
pdb3mho_A_original_CA_coordinates.csv,256,4,0.5,324.035
pdb2lkt_A_original_CA_coordinates.csv,125,4,0.5,35.5915
pdb8pp4_A_original_CA_coordinates.csv,172,4,0.5,1.44386
pdb5tgw_A_original_CA_coordinates.csv,109,4,0.5,66.8955
pdb2y1e_A_original_CA_coordinates.csv,372,4,0.5,78.0275
pdb7m0d_A_original_CA_coordinates.csv,339,4,0.5,1.1757
pdb4d7g_A_original_CA_coordinates.csv,218,4,0.5,21.3386
pdb6yir_A_original_CA_coordinates.csv,366,4,0.5,38.6668
pdb3rag_A_original_CA_coordinates.csv,223,4,0.5,4.69831
pdb4a9n_A_original_CA_coordinates.csv,112,4,0.5,5.92723
pdb5jiz_A_original_CA_coordinates.csv,151,4,0.5,11.6951
pdb4ycy_A_original_CA_coordinates.csv,323,4,0.5,4.94136
pdb6jhj_A_original_CA_coordinates.csv,231,4,0.5,190.158
pdb6nih_A_original_CA_coordinates.csv,519,4,0.5,16.8009
pdb2qpv_A_original_CA_coordinates.csv,128,4,0.5,271.846
pdb6l4w_A_original_CA_coordinates.csv,408,4,0.5,33.6186
pdb4hz2_A_original_CA_coordinates.csv,205,4,0.5,2.52041
pdb2rli_A_original_CA_coordinates.csv,170,4,0.5,0.735392
pdb8wjy_A_original_CA_coordinates.csv,291,4,0.5,2.53373
pdb8c2z_A_original_CA_coordinates.csv,333,4,0.5,33.5466
pdb6z0z_A_original_CA_coordinates.csv,180,4,0.5,67.4317
pdb8su4_A_original_CA_coordinates.csv,340,4,0.5,21.2476
pdb6f9v_A_original_CA_coordinates.csv,605,4,0.5,0.0970938
pdb5pph_A_original_CA_coordinates.csv,121,4,0.5,2.62355
pdb6xrc_A_original_CA_coordinates.csv,595,4,0.5,5.11442
pdb2m8x_A_original_CA_coordinates.csv,108,4,0.5,34.9694
pdb8ra6_A_original_CA_coordinates.csv,152,4,0.5,0.720363
pdb5iby_A_original_CA_coordinates.csv,321,4,0.5,59.5403
pdb5qi7_A_original_CA_coordinates.csv,182,4,0.5,52.448
pdb7zb1_A_original_CA_coordinates.csv,719,4,0.5,11.3584
pdb7rac_A_original_CA_coordinates.csv,299,4,0.5,32.3134
pdb3iqz_A_original_CA_coordinates.csv,282,4,0.5,23.9321
pdb3nc7_A_original_CA_coordinates.csv,379,4,0.5,403.425
pdb5mq1_A_original_CA_coordinates.csv,108,4,0.5,34.4264
pdb7cen_A_original_CA_coordinates.csv,153,4,0.5,2.72114
pdb5mdj_L_original_CA_coordinates.csv,598,4,0.5,280.1
pdb6z0v_A_original_CA_coordinates.csv,452,4,0.5,32.0644
pdb7kkz_L_original_CA_coordinates.csv,214,4,0.5,36.5941
pdb5nly_A_original_CA_coordinates.csv,349,4,0.5,36.8069
pdb3sg1_A_original_CA_coordinates.csv,419,4,0.5,23.586
pdb6o55_A_original_CA_coordinates.csv,161,4,0.5,1.39721
pdb1zq5_A_original_CA_coordinates.csv,314,4,0.5,56.8005
pdb8vsy_A_original_CA_coordinates.csv,318,4,0.5,19.9961
pdb7yz0_A_original_CA_coordinates.csv,437,4,0.5,60.9962
pdb7frm_A_original_CA_coordinates.csv,281,4,0.5,0.938814
pdb3bxe_A_original_CA_coordinates.csv,248,4,0.5,10.6699
pdb5g36_A_original_CA_coordinates.csv,242,4,0.5,32.4273
pdb3gby_A_original_CA_coordinates.csv,126,4,0.5,4.80533
pdb4xjl_A_original_CA_coordinates.csv,429,4,0.5,109.596
pdb4y5e_A_original_CA_coordinates.csv,330,4,0.5,7.10145
pdb7zu3_A_original_CA_coordinates.csv,123,4,0.5,96.2317
pdb4tvv_A_original_CA_coordinates.csv,285,4,0.5,15.6317
pdb4odn_A_original_CA_coordinates.csv,150,4,0.5,6.66139
pdb6zqh_A_original_CA_coordinates.csv,1005,4,0.5,14.6267
pdb6nx8_A_original_CA_coordinates.csv,313,4,0.5,3.67629
pdb7gs6_A_original_CA_coordinates.csv,301,4,0.5,12.6438
pdb3qee_A_original_CA_coordinates.csv,298,4,0.5,0.640524
pdb4fti_A_original_CA_coordinates.csv,270,4,0.5,38.5625
pdb4g0w_A_original_CA_coordinates.csv,664,4,0.5,684.648
pdb6g8b_A_original_CA_coordinates.csv,868,4,0.5,1.91345
pdb6zyc_A_original_CA_coordinates.csv,148,4,0.5,13.649
pdb7snk_A_original_CA_coordinates.csv,564,4,0.5,219.124
pdb8fgj_A_original_CA_coordinates.csv,409,4,0.5,6.33904
pdb7kqm_A_original_CA_coordinates.csv,596,4,0.5,2.85716
pdb4o71_A_original_CA_coordinates.csv,127,4,0.5,7.86977
pdb4l1t_A_original_CA_coordinates.csv,116,4,0.5,41.6763
pdb4e0p_A_original_CA_coordinates.csv,317,4,0.5,87.9482
pdb6ts5_A_original_CA_coordinates.csv,218,4,0.5,6.20764
pdb3fvk_A_original_CA_coordinates.csv,256,4,0.5,275.801
pdb3sw6_A_original_CA_coordinates.csv,214,4,0.5,129.109
pdb6c0d_A_original_CA_coordinates.csv,404,4,0.5,37.8956
pdb3s30_A_original_CA_coordinates.csv,250,4,0.5,1.474
pdb3r8e_A_original_CA_coordinates.csv,290,4,0.5,38.6382
pdb7th7_A_original_CA_coordinates.csv,163,4,0.5,1.13499
pdb7zxc_X_original_CA_coordinates.csv,635,4,0.5,36.145
pdb7wci_A_original_CA_coordinates.csv,133,4,0.5,86.6901
pdb4nno_A_original_CA_coordinates.csv,278,4,0.5,116.687
pdb2qkf_A_original_CA_coordinates.csv,251,4,0.5,1.46398
pdb4rxt_A_original_CA_coordinates.csv,295,4,0.5,24.225
pdb3fjn_A_original_CA_coordinates.csv,315,4,0.5,264.477
pdb4mp4_A_original_CA_coordinates.csv,198,4,0.5,42.9608
pdb8d69_A_original_CA_coordinates.csv,129,4,0.5,6.2547
pdb5ufw_A_original_CA_coordinates.csv,237,4,0.5,1.10921
pdb5mng_A_original_CA_coordinates.csv,220,4,0.5,10.5935
pdb5c1m_A_original_CA_coordinates.csv,295,4,0.5,40.0581
pdb3r6g_A_original_CA_coordinates.csv,157,4,0.5,54.4257
pdb5zs6_A_original_CA_coordinates.csv,112,4,0.5,6.63344
pdb2yhc_A_original_CA_coordinates.csv,209,4,0.5,0.810029
pdb8gpd_A_original_CA_coordinates.csv,240,4,0.5,122.106
pdb4r6w_A_original_CA_coordinates.csv,258,4,0.5,179.436
pdb3x1m_A_original_CA_coordinates.csv,158,4,0.5,38.2225
pdb5rv9_A_original_CA_coordinates.csv,167,4,0.5,55.5228
pdb5vk7_A_original_CA_coordinates.csv,413,4,0.5,0.252252
pdb3g25_A_original_CA_coordinates.csv,488,4,0.5,37.5052
pdb1m5b_A_original_CA_coordinates.csv,258,4,0.5,30.0983
pdb6bxp_A_original_CA_coordinates.csv,275,4,0.5,9.15208
pdb5poa_A_original_CA_coordinates.csv,123,4,0.5,216.026
pdb7uu7_A_original_CA_coordinates.csv,298,4,0.5,4.55484
pdb2bys_A_original_CA_coordinates.csv,205,4,0.5,34.8952
pdb5zfl_A_original_CA_coordinates.csv,260,4,0.5,15.1749
pdb2w61_A_original_CA_coordinates.csv,470,4,0.5,466.86
pdb4m5g_A_original_CA_coordinates.csv,159,4,0.5,4.70065
pdb6qvs_A_original_CA_coordinates.csv,269,4,0.5,9.43936
pdb5v7d_A_original_CA_coordinates.csv,161,4,0.5,4.64785
pdb4lpq_A_original_CA_coordinates.csv,198,4,0.5,11.9441
pdb2hq9_A_original_CA_coordinates.csv,132,4,0.5,139.244
pdb5ulj_A_original_CA_coordinates.csv,381,4,0.5,17.5245
pdb8b92_A_original_CA_coordinates.csv,253,4,0.5,120.586
pdb6nt1_A_original_CA_coordinates.csv,682,4,0.5,6.81209
pdb4ezt_A_original_CA_coordinates.csv,217,4,0.5,4.97938
pdb3az6_A_original_CA_coordinates.csv,129,4,0.5,30.9813
pdb4p5a_A_original_CA_coordinates.csv,226,4,0.5,9.7062
pdb7lvj_A_original_CA_coordinates.csv,185,4,0.5,0.657001
pdb5r1h_A_original_CA_coordinates.csv,237,4,0.5,330.204
pdb5fzb_A_original_CA_coordinates.csv,454,4,0.5,23.3756
pdb5s9v_A_original_CA_coordinates.csv,486,4,0.5,267.738
pdb3pfv_A_original_CA_coordinates.csv,302,4,0.5,10.5219
pdb4o5l_L_original_CA_coordinates.csv,210,4,0.5,20.7868
pdb1z7a_A_original_CA_coordinates.csv,290,4,0.5,77.0898
pdb3m1l_A_original_CA_coordinates.csv,364,4,0.5,26.083
pdb6otv_A_original_CA_coordinates.csv,350,4,0.5,6.04666
pdb6exd_A_original_CA_coordinates.csv,203,4,0.5,412.124
pdb4otl_A_original_CA_coordinates.csv,409,4,0.5,34.8687
pdb5c5m_A_original_CA_coordinates.csv,129,4,0.5,0.929831
pdb7yxy_A_original_CA_coordinates.csv,1739,4,0.5,22.5621
pdb6pyb_A_original_CA_coordinates.csv,172,4,0.5,296.621
pdb4pdd_A_original_CA_coordinates.csv,302,4,0.5,199.155
pdb2q5p_A_original_CA_coordinates.csv,256,4,0.5,33.5877
pdb4lc5_A_original_CA_coordinates.csv,189,4,0.5,28.7353
pdb1tey_A_original_CA_coordinates.csv,156,4,0.5,4.41712
pdb3fjl_A_original_CA_coordinates.csv,361,4,0.5,39.0231
pdb4g0u_A_original_CA_coordinates.csv,655,4,0.5,0.910313
pdb3qlq_A_original_CA_coordinates.csv,236,4,0.5,252.147
pdb5err_A_original_CA_coordinates.csv,414,4,0.5,24.699
pdb4usk_A_original_CA_coordinates.csv,345,4,0.5,2.15282
pdb5iay_A_original_CA_coordinates.csv,152,4,0.5,12.3025
pdb3zl1_A_original_CA_coordinates.csv,158,4,0.5,10.0606
pdb2v6o_A_original_CA_coordinates.csv,586,4,0.5,63.9368
pdb5k4x_A_original_CA_coordinates.csv,330,4,0.5,88.0858
pdb5grs_A_original_CA_coordinates.csv,375,4,0.5,7.90334
pdb6qfo_A_original_CA_coordinates.csv,1348,4,0.5,0.000923758
pdb6lfj_A_original_CA_coordinates.csv,133,4,0.5,4.22008
pdb1tqw_A_original_CA_coordinates.csv,1014,4,0.5,0.953975
pdb6myn_A_original_CA_coordinates.csv,322,4,0.5,137.079
pdb8axy_A_original_CA_coordinates.csv,296,4,0.5,11.0749
pdb6q4z_A_original_CA_coordinates.csv,310,4,0.5,13.2868
pdb2i9w_A_original_CA_coordinates.csv,173,4,0.5,5.26045
pdb5f1k_A_original_CA_coordinates.csv,244,4,0.5,18.6343
pdb6d30_A_original_CA_coordinates.csv,188,4,0.5,259.462
pdb6nsn_A_original_CA_coordinates.csv,194,4,0.5,8.2849
pdb6vfz_A_original_CA_coordinates.csv,416,4,0.5,18.8018
pdb2vtw_A_original_CA_coordinates.csv,205,4,0.5,188.962
pdb1aac_A_original_CA_coordinates.csv,105,4,0.5,0.0752289
pdb4tqf_A_original_CA_coordinates.csv,258,4,0.5,24.5555
pdb3i0p_A_original_CA_coordinates.csv,361,4,0.5,134.652
pdb2rqq_A_original_CA_coordinates.csv,113,4,0.5,4.28576
pdb6wqp_A_original_CA_coordinates.csv,347,4,0.5,324.926
pdb7mu7_A_original_CA_coordinates.csv,263,4,0.5,69.0653
pdb5egv_A_original_CA_coordinates.csv,229,4,0.5,21.2528
pdb6qqw_A_original_CA_coordinates.csv,212,4,0.5,3.89135
pdb5pe3_A_original_CA_coordinates.csv,115,4,0.5,48.3994
pdb8szo_A_original_CA_coordinates.csv,233,4,0.5,21.3499
pdb2mf7_A_original_CA_coordinates.csv,127,4,0.5,18.2108
pdb3juc_A_original_CA_coordinates.csv,149,4,0.5,20.6298
pdb4unu_A_original_CA_coordinates.csv,109,4,0.5,14.5806
pdb1o2z_A_original_CA_coordinates.csv,219,4,0.5,2.99382
pdb5dyg_A_original_CA_coordinates.csv,446,4,0.5,22.3567
pdb1o1h_A_original_CA_coordinates.csv,386,4,0.5,15.8875
pdb5oqe_A_original_CA_coordinates.csv,216,4,0.5,48.7758
pdb6mx0_A_original_CA_coordinates.csv,169,4,0.5,18.4983
pdb6w88_A_original_CA_coordinates.csv,276,4,0.5,6.58491
pdb6bg5_A_original_CA_coordinates.csv,366,4,0.5,3.9196
pdb6hw2_A_original_CA_coordinates.csv,127,4,0.5,3.09988
pdb7ahs_A_original_CA_coordinates.csv,271,4,0.5,2.40359
pdb7pqt_A_original_CA_coordinates.csv,318,4,0.5,21.9862
pdb7bze_A_original_CA_coordinates.csv,108,4,0.5,4.06856
pdb3on6_A_original_CA_coordinates.csv,428,4,0.5,3.22414
pdb5ma2_A_original_CA_coordinates.csv,445,4,0.5,0.345708
pdb2kbw_A_original_CA_coordinates.csv,160,4,0.5,0.166272
pdb5t4l_A_original_CA_coordinates.csv,396,4,0.5,122.667
pdb5w2q_A_original_CA_coordinates.csv,414,4,0.5,10.6674
pdb7bhl_A_original_CA_coordinates.csv,129,4,0.5,0.813673
pdb7wn9_A_original_CA_coordinates.csv,339,4,0.5,84.9437
pdb6z1y_A_original_CA_coordinates.csv,244,4,0.5,27.5032
pdb7k33_A_original_CA_coordinates.csv,395,4,0.5,12.0228
pdb8ad3_A_original_CA_coordinates.csv,277,4,0.5,8.0248
pdb2xb4_A_original_CA_coordinates.csv,223,4,0.5,39.4725
pdb4bcn_A_original_CA_coordinates.csv,296,4,0.5,3.16791
pdb7zej_A_original_CA_coordinates.csv,341,4,0.5,12.5642
pdb6krg_A_original_CA_coordinates.csv,218,4,0.5,35.4475
pdb4s35_A_original_CA_coordinates.csv,195,4,0.5,7.21621
pdb2loz_A_original_CA_coordinates.csv,147,4,0.5,7.7424
pdb7frr_A_original_CA_coordinates.csv,297,4,0.5,37.4112
pdb3ts6_A_original_CA_coordinates.csv,111,4,0.5,16.2345
pdb6pjv_A_original_CA_coordinates.csv,152,4,0.5,60.0301
pdb8oyf_A_original_CA_coordinates.csv,310,4,0.5,3.15564
pdb4q0h_A_original_CA_coordinates.csv,321,4,0.5,25.7186
pdb4nf8_A_original_CA_coordinates.csv,285,4,0.5,4.34653
pdb5akx_A_original_CA_coordinates.csv,546,4,0.5,15.8979
pdb8pxc_A_original_CA_coordinates.csv,252,4,0.5,505.89
pdb5oim_A_original_CA_coordinates.csv,267,4,0.5,66.9314
pdb5hht_A_original_CA_coordinates.csv,662,4,0.5,0.617795
pdb4ajn_A_original_CA_coordinates.csv,329,4,0.5,13.4205
pdb5q0i_A_original_CA_coordinates.csv,227,4,0.5,27.9178
pdb4cfb_A_original_CA_coordinates.csv,149,4,0.5,13.7022
pdb3e2t_A_original_CA_coordinates.csv,307,4,0.5,7.23367
pdb8glz_A_original_CA_coordinates.csv,393,4,0.5,1.32769
pdb1ezy_A_original_CA_coordinates.csv,129,4,0.5,0.07721
pdb7rwn_A_original_CA_coordinates.csv,119,4,0.5,118.922
pdb3u2e_A_original_CA_coordinates.csv,251,4,0.5,10.5866
pdb3ew1_A_original_CA_coordinates.csv,134,4,0.5,0.142535
pdb3e1q_A_original_CA_coordinates.csv,158,4,0.5,0.0964706
pdb7psw_A_original_CA_coordinates.csv,330,4,0.5,19.422
pdb5eto_A_original_CA_coordinates.csv,159,4,0.5,86.5728
pdb5lgq_A_original_CA_coordinates.csv,344,4,0.5,151.643
pdb4bn2_A_original_CA_coordinates.csv,326,4,0.5,125.353
pdb2jyb_A_original_CA_coordinates.csv,162,4,0.5,12.1955
pdb5o1g_A_original_CA_coordinates.csv,196,4,0.5,15.0208
pdb3mqq_A_original_CA_coordinates.csv,111,4,0.5,2.57124
pdb5bke_A_original_CA_coordinates.csv,275,4,0.5,55.3159
pdb4tu6_A_original_CA_coordinates.csv,130,4,0.5,44.6421
pdb3o43_A_original_CA_coordinates.csv,198,4,0.5,12.7729
pdb4mj4_A_original_CA_coordinates.csv,603,4,0.5,29.7286
pdb6zqo_A_original_CA_coordinates.csv,229,4,0.5,4.216
pdb3qvs_A_original_CA_coordinates.csv,392,4,0.5,44.2456
pdb5wt7_A_original_CA_coordinates.csv,140,4,0.5,6.09953
pdb3tfe_A_original_CA_coordinates.csv,183,4,0.5,28.2605
pdb7qm4_A_original_CA_coordinates.csv,330,4,0.5,12.2761
pdb5z2j_A_original_CA_coordinates.csv,270,4,0.5,49.4937
pdb5xqj_A_original_CA_coordinates.csv,896,4,0.5,0.00791066
pdb3eua_A_original_CA_coordinates.csv,319,4,0.5,100.227
pdb6xkf_A_original_CA_coordinates.csv,305,4,0.5,54.5227
pdb3nhy_A_original_CA_coordinates.csv,230,4,0.5,125.819
pdb7xqk_A_original_CA_coordinates.csv,285,4,0.5,14.0553
pdb5u5w_A_original_CA_coordinates.csv,289,4,0.5,44.9074
pdb7kh7_A_original_CA_coordinates.csv,317,4,0.5,34.7923
pdb2i59_A_original_CA_coordinates.csv,138,4,0.5,11.0787
pdb4cqc_A_original_CA_coordinates.csv,401,4,0.5,300.094
pdb2w39_A_original_CA_coordinates.csv,298,4,0.5,15.3809
pdb8c5k_A_original_CA_coordinates.csv,141,4,0.5,12.9186
pdb5skr_A_original_CA_coordinates.csv,312,4,0.5,6.79825
pdb3av9_A_original_CA_coordinates.csv,150,4,0.5,0.534314
pdb7bbb_A_original_CA_coordinates.csv,251,4,0.5,2.28077
pdb6gha_A_original_CA_coordinates.csv,325,4,0.5,40.5196
pdb6bff_A_original_CA_coordinates.csv,178,4,0.5,35.6387
pdb5rwc_A_original_CA_coordinates.csv,460,4,0.5,39.1629
pdb3pig_A_original_CA_coordinates.csv,523,4,0.5,54.8606
pdb5wi5_A_original_CA_coordinates.csv,422,4,0.5,33.5254
pdb5r9v_A_original_CA_coordinates.csv,348,4,0.5,172.381
pdb3sf0_A_original_CA_coordinates.csv,247,4,0.5,41.446
pdb5w05_L_original_CA_coordinates.csv,219,4,0.5,58.7498
pdb6aqh_A_original_CA_coordinates.csv,487,4,0.5,152.07
pdb3dal_A_original_CA_coordinates.csv,179,4,0.5,57.5225
pdb4p9i_A_original_CA_coordinates.csv,163,4,0.5,0.307006
pdb3wg2_A_original_CA_coordinates.csv,152,4,0.5,0.530475
pdb6f6u_A_original_CA_coordinates.csv,328,4,0.5,5.59968
pdb6f9t_A_original_CA_coordinates.csv,585,4,0.5,9.84907
pdb4n2b_A_original_CA_coordinates.csv,653,4,0.5,11.7293
pdb2itq_A_original_CA_coordinates.csv,300,4,0.5,151.191
pdb4cip_A_original_CA_coordinates.csv,125,4,0.5,0.175097
pdb4d1p_A_original_CA_coordinates.csv,401,4,0.5,20.1616
pdb2n47_A_original_CA_coordinates.csv,197,4,0.5,0.786355
pdb5fh4_A_original_CA_coordinates.csv,612,4,0.5,0.784142
pdb4o3w_A_original_CA_coordinates.csv,546,4,0.5,5.86308
pdb8oil_A_original_CA_coordinates.csv,127,4,0.5,74.3212
pdb6q8k_A_original_CA_coordinates.csv,338,4,0.5,18.7517
pdb3c32_A_original_CA_coordinates.csv,254,4,0.5,2.11061
pdb8bcr_A_original_CA_coordinates.csv,257,4,0.5,4.91433
pdb4oyw_A_original_CA_coordinates.csv,467,4,0.5,1.99214
pdb6elg_A_original_CA_coordinates.csv,105,4,0.5,0.599162
pdb3t13_A_original_CA_coordinates.csv,130,4,0.5,203.501
pdb5f6u_A_original_CA_coordinates.csv,156,4,0.5,138
pdb8ch3_A_original_CA_coordinates.csv,479,4,0.5,33.8915
pdb4ip7_A_original_CA_coordinates.csv,506,4,0.5,153.325
pdb1j0s_A_original_CA_coordinates.csv,157,4,0.5,14.7913
pdb6yl9_A_original_CA_coordinates.csv,156,4,0.5,96.1057
pdb5plu_A_original_CA_coordinates.csv,331,4,0.5,0.473499
pdb4p4m_A_original_CA_coordinates.csv,270,4,0.5,55.9279
pdb7bj8_A_original_CA_coordinates.csv,265,4,0.5,4.25257
pdb4cw2_A_original_CA_coordinates.csv,300,4,0.5,69.2288
pdb3zsj_A_original_CA_coordinates.csv,138,4,0.5,7.80657
pdb5pm8_A_original_CA_coordinates.csv,331,4,0.5,5.66178
pdb8a4x_A_original_CA_coordinates.csv,220,4,0.5,23.563
pdb7fuq_A_original_CA_coordinates.csv,345,4,0.5,87.5017
pdb5owt_A_original_CA_coordinates.csv,203,4,0.5,52.9549
pdb2l74_A_original_CA_coordinates.csv,125,4,0.5,7.15642
pdb6ek6_A_original_CA_coordinates.csv,451,4,0.5,23.1736
pdb3ixs_A_original_CA_coordinates.csv,111,4,0.5,8.30761
pdb6bdi_A_original_CA_coordinates.csv,462,4,0.5,7.06558
pdb5ibt_H_original_CA_coordinates.csv,218,4,0.5,79.0588
pdb5qxr_A_original_CA_coordinates.csv,130,4,0.5,16.36
pdb6d0o_A_original_CA_coordinates.csv,274,4,0.5,10.6116
pdb5rtw_A_original_CA_coordinates.csv,167,4,0.5,2.57054
pdb2dbj_A_original_CA_coordinates.csv,124,4,0.5,27.5217
pdb2wbo_A_original_CA_coordinates.csv,336,4,0.5,135.98
pdb3kjq_A_original_CA_coordinates.csv,152,4,0.5,10.522
pdb7yji_A_original_CA_coordinates.csv,225,4,0.5,4.16046
pdb3rpe_A_original_CA_coordinates.csv,196,4,0.5,38.86
pdb6k1s_A_original_CA_coordinates.csv,625,4,0.5,2.65913
pdb2v78_A_original_CA_coordinates.csv,311,4,0.5,8.65853
pdb3gr3_A_original_CA_coordinates.csv,218,4,0.5,161.698
pdb4mru_A_original_CA_coordinates.csv,458,4,0.5,44.4626
pdb7lnn_A_original_CA_coordinates.csv,375,4,0.5,6.15292
pdb2m5j_A_original_CA_coordinates.csv,107,4,0.5,21.772
pdb4mm2_A_original_CA_coordinates.csv,396,4,0.5,85.1518
pdb2yfe_A_original_CA_coordinates.csv,264,4,0.5,1.56946
pdb6h77_A_original_CA_coordinates.csv,301,4,0.5,91.1587
pdb2a6b_A_original_CA_coordinates.csv,216,4,0.5,72.2025
pdb8pbh_A_original_CA_coordinates.csv,361,4,0.5,28.5078
pdb6f4j_A_original_CA_coordinates.csv,175,4,0.5,37.4095
pdb8pbt_A_original_CA_coordinates.csv,361,4,0.5,0.313549
pdb5ghi_A_original_CA_coordinates.csv,156,4,0.5,23.9131
pdb2jsz_A_original_CA_coordinates.csv,167,4,0.5,6.10215
pdb2zi6_A_original_CA_coordinates.csv,217,4,0.5,454.434
pdb4egn_A_original_CA_coordinates.csv,393,4,0.5,46.1057
pdb3oha_A_original_CA_coordinates.csv,516,4,0.5,8.07675
pdb5w2p_A_original_CA_coordinates.csv,414,4,0.5,12.6957
pdb8pqe_A_original_CA_coordinates.csv,277,4,0.5,1.29376
pdb5y2x_A_original_CA_coordinates.csv,295,4,0.5,31.2177
pdb8bpl_A_original_CA_coordinates.csv,316,4,0.5,98.4527
pdb6w4y_A_original_CA_coordinates.csv,210,4,0.5,1.37915
pdb7ou9_A_original_CA_coordinates.csv,181,4,0.5,8.56072
pdb6dbm_A_original_CA_coordinates.csv,273,4,0.5,4.60423
pdb7a41_A_original_CA_coordinates.csv,354,4,0.5,0.545351
pdb5hnp_A_original_CA_coordinates.csv,161,4,0.5,0.160444
pdb7lnb_A_original_CA_coordinates.csv,207,4,0.5,6.8242
pdb6qrt_A_original_CA_coordinates.csv,387,4,0.5,22.3157
pdb5oog_A_original_CA_coordinates.csv,205,4,0.5,1.39409
pdb2f57_A_original_CA_coordinates.csv,297,4,0.5,10.8861
pdb5ll4_A_original_CA_coordinates.csv,260,4,0.5,19.1852
pdb6ap8_A_original_CA_coordinates.csv,266,4,0.5,14.9745
pdb5qrl_A_original_CA_coordinates.csv,171,4,0.5,85.5906
pdb7r8v_B_original_CA_coordinates.csv,370,4,0.5,33.6351
pdb3qnv_A_original_CA_coordinates.csv,323,4,0.5,8.18151
pdb6fb3_A_original_CA_coordinates.csv,1836,4,0.5,2.37781
pdb3sbx_A_original_CA_coordinates.csv,177,4,0.5,2.28007
pdb7yx8_A_original_CA_coordinates.csv,440,4,0.5,10.4047
pdb4ygg_A_original_CA_coordinates.csv,137,4,0.5,3.26757
pdb8ok5_A_original_CA_coordinates.csv,366,4,0.5,14.8434
pdb7ycr_A_original_CA_coordinates.csv,456,4,0.5,47.7008
pdb3r5w_A_original_CA_coordinates.csv,109,4,0.5,16.2129
pdb7o60_A_original_CA_coordinates.csv,133,4,0.5,12.5943
pdb4fai_A_original_CA_coordinates.csv,302,4,0.5,9.68703
pdb5uk6_A_original_CA_coordinates.csv,228,4,0.5,18.5345
pdb5ivh_A_original_CA_coordinates.csv,566,4,0.5,3.20905
pdb7fze_A_original_CA_coordinates.csv,131,4,0.5,6.54348
pdb3u65_B_original_CA_coordinates.csv,317,4,0.5,1.08475
pdb2m3s_A_original_CA_coordinates.csv,151,4,0.5,40.5176
pdb6ri2_A_original_CA_coordinates.csv,497,4,0.5,9.62033
pdb7ue5_A_original_CA_coordinates.csv,352,4,0.5,5.9841
pdb3fuv_A_original_CA_coordinates.csv,260,4,0.5,59.7442
pdb5npp_B_original_CA_coordinates.csv,672,4,0.5,24.5179
pdb2kfm_A_original_CA_coordinates.csv,113,4,0.5,2.19
pdb8qd1_A_original_CA_coordinates.csv,398,4,0.5,2.38988
pdb6t87_A_original_CA_coordinates.csv,454,4,0.5,10.5069
pdb4jqr_A_original_CA_coordinates.csv,218,4,0.5,1.32066
pdb7sah_A_original_CA_coordinates.csv,226,4,0.5,67.5474
pdb4iix_A_original_CA_coordinates.csv,338,4,0.5,56.29
pdb2ge9_A_original_CA_coordinates.csv,118,4,0.5,3.51999
pdb3lcc_A_original_CA_coordinates.csv,216,4,0.5,40.8645
pdb6e3i_A_original_CA_coordinates.csv,152,4,0.5,19.8514
pdb4bw7_A_original_CA_coordinates.csv,137,4,0.5,30.0105
pdb3zkm_A_original_CA_coordinates.csv,375,4,0.5,90.0564
pdb5wjn_A_original_CA_coordinates.csv,274,4,0.5,10.2621
pdb3tv3_L_original_CA_coordinates.csv,203,4,0.5,40.7327
pdb6kh3_A_original_CA_coordinates.csv,170,4,0.5,0.42704
pdb4wvz_A_original_CA_coordinates.csv,195,4,0.5,14.4361
pdb1uoz_A_original_CA_coordinates.csv,300,4,0.5,7.86515
pdb2heh_A_original_CA_coordinates.csv,324,4,0.5,2.22035
pdb5pip_A_original_CA_coordinates.csv,331,4,0.5,1.37486
pdb3v4b_A_original_CA_coordinates.csv,384,4,0.5,175.958
pdb5ph3_A_original_CA_coordinates.csv,331,4,0.5,3.51843
pdb5wlr_A_original_CA_coordinates.csv,257,4,0.5,7.5505
pdb1wis_A_original_CA_coordinates.csv,124,4,0.5,24.0567
pdb4fq3_A_original_CA_coordinates.csv,834,4,0.5,269.69
pdb3fpz_A_original_CA_coordinates.csv,310,4,0.5,155.143
pdb7fcw_A_original_CA_coordinates.csv,129,4,0.5,2.8998
pdb7wqq_A_original_CA_coordinates.csv,228,4,0.5,0.193918
pdb7x7e_C_original_CA_coordinates.csv,194,4,0.5,1.21673
pdb4py2_A_original_CA_coordinates.csv,495,4,0.5,86.2989
pdb3dha_A_original_CA_coordinates.csv,254,4,0.5,0.230977
pdb3p2u_A_original_CA_coordinates.csv,249,4,0.5,22.9751
pdb6pqz_A_original_CA_coordinates.csv,451,4,0.5,22.9446
pdb2i3u_A_original_CA_coordinates.csv,276,4,0.5,85.3591
pdb3l6g_A_original_CA_coordinates.csv,256,4,0.5,18.7581
pdb4ib2_A_original_CA_coordinates.csv,247,4,0.5,47.667
pdb5k8c_A_original_CA_coordinates.csv,358,4,0.5,18.563
pdb4dxl_A_original_CA_coordinates.csv,304,4,0.5,84.1622
pdb5hxm_A_original_CA_coordinates.csv,1030,4,0.5,1.1917
pdb5pfo_A_original_CA_coordinates.csv,115,4,0.5,0.600476
pdb6bz5_A_original_CA_coordinates.csv,418,4,0.5,14.9695
pdb4cvc_A_original_CA_coordinates.csv,562,4,0.5,10.0672
pdb6fzr_H_original_CA_coordinates.csv,226,4,0.5,27.278
pdb3w88_A_original_CA_coordinates.csv,314,4,0.5,7.49785
pdb6jtn_A_original_CA_coordinates.csv,273,4,0.5,26.7263
pdb5mnc_A_original_CA_coordinates.csv,220,4,0.5,159.64
pdb6i39_A_original_CA_coordinates.csv,251,4,0.5,5.78018
pdb7nsa_A_original_CA_coordinates.csv,175,4,0.5,108.676
pdb6qdd_A_original_CA_coordinates.csv,411,4,0.5,23.4961
pdb5vpk_A_original_CA_coordinates.csv,223,4,0.5,3.92529
pdb5sfh_A_original_CA_coordinates.csv,312,4,0.5,269.086
pdb5zw7_A_original_CA_coordinates.csv,383,4,0.5,75.2392
pdb6tku_A_original_CA_coordinates.csv,534,4,0.5,14.4465
pdb5x5o_A_original_CA_coordinates.csv,291,4,0.5,21.6726
pdb4zrr_A_original_CA_coordinates.csv,310,4,0.5,3.5444
pdb6vh6_A_original_CA_coordinates.csv,141,4,0.5,13.3297
pdb4mjy_A_original_CA_coordinates.csv,171,4,0.5,17.4805
pdb5dtb_A_original_CA_coordinates.csv,263,4,0.5,93.4853
pdb4dlg_A_original_CA_coordinates.csv,540,4,0.5,39.988
pdb5cbr_A_original_CA_coordinates.csv,258,4,0.5,54.1561
pdb6ggg_A_original_CA_coordinates.csv,233,4,0.5,33.8151
pdb6lfw_A_original_CA_coordinates.csv,231,4,0.5,5.96931
pdb7psh_A_original_CA_coordinates.csv,448,4,0.5,36.2147
pdb5qb9_A_original_CA_coordinates.csv,330,4,0.5,32.0934
pdb4kpe_A_original_CA_coordinates.csv,482,4,0.5,118.315
pdb5x1x_A_original_CA_coordinates.csv,130,4,0.5,23.4236
pdb8cf0_A_original_CA_coordinates.csv,341,4,0.5,0.770973
pdb3pbt_A_original_CA_coordinates.csv,501,4,0.5,4.61942
pdb3rf3_A_original_CA_coordinates.csv,257,4,0.5,23.9332
pdb5vps_A_original_CA_coordinates.csv,260,4,0.5,0.326073
pdb7lzx_A_original_CA_coordinates.csv,299,4,0.5,19.6647
pdb8biz_E_original_CA_coordinates.csv,389,4,0.5,35.0127
pdb5kst_A_original_CA_coordinates.csv,257,4,0.5,43.9274
pdb6ezx_A_original_CA_coordinates.csv,217,4,0.5,23.7237
pdb5f2k_A_original_CA_coordinates.csv,358,4,0.5,369.007
pdb1bnr_A_original_CA_coordinates.csv,110,4,0.5,1.36962
pdb3poh_A_original_CA_coordinates.csv,425,4,0.5,15.5354
pdb7lmr_A_original_CA_coordinates.csv,210,4,0.5,113.053
pdb4dzy_A_original_CA_coordinates.csv,309,4,0.5,6.91047
pdb5ok2_A_original_CA_coordinates.csv,218,4,0.5,7.62248
pdb3e9n_A_original_CA_coordinates.csv,189,4,0.5,2.12664
pdb5igp_A_original_CA_coordinates.csv,300,4,0.5,115.104
pdb8dmq_A_original_CA_coordinates.csv,368,4,0.5,18.5103
pdb7yee_A_original_CA_coordinates.csv,456,4,0.5,1177.23
pdb5kr5_A_original_CA_coordinates.csv,455,4,0.5,9.4854
pdb1zbf_A_original_CA_coordinates.csv,132,4,0.5,3.56815
pdb5r57_A_original_CA_coordinates.csv,291,4,0.5,4.5675
pdb4pbq_A_original_CA_coordinates.csv,298,4,0.5,446.87
pdb3zgl_A_original_CA_coordinates.csv,309,4,0.5,13.0029
pdb3fxk_A_original_CA_coordinates.csv,363,4,0.5,1.62432
pdb5qqu_B_original_CA_coordinates.csv,428,4,0.5,65.0826
pdb4m0h_A_original_CA_coordinates.csv,209,4,0.5,8.36599
pdb7aha_A_original_CA_coordinates.csv,305,4,0.5,0.843492
pdb2p7u_A_original_CA_coordinates.csv,215,4,0.5,7.21799
pdb4d5r_A_original_CA_coordinates.csv,151,4,0.5,20.7361
pdb4idq_A_original_CA_coordinates.csv,417,4,0.5,407.677
pdb6r2o_A_original_CA_coordinates.csv,141,4,0.5,0.392422
pdb6v6a_A_original_CA_coordinates.csv,317,4,0.5,15.3794
pdb4hkl_A_original_CA_coordinates.csv,189,4,0.5,8.65245
pdb8xox_A_original_CA_coordinates.csv,261,4,0.5,137.978
pdb6kil_A_original_CA_coordinates.csv,113,4,0.5,23.2983
pdb5nn4_A_original_CA_coordinates.csv,847,4,0.5,51.8718
pdb5a8o_A_original_CA_coordinates.csv,336,4,0.5,134.373
pdb2jh7_A_original_CA_coordinates.csv,225,4,0.5,14.0507
pdb3nqe_A_original_CA_coordinates.csv,219,4,0.5,100.169
pdb4ehi_A_original_CA_coordinates.csv,472,4,0.5,14.6205
pdb4rtf_D_original_CA_coordinates.csv,349,4,0.5,11.2487
pdb5dw5_A_original_CA_coordinates.csv,512,4,0.5,310.508
pdb2at8_X_original_CA_coordinates.csv,184,4,0.5,4.1073
pdb3fi3_A_original_CA_coordinates.csv,328,4,0.5,70.3218
pdb4ebu_A_original_CA_coordinates.csv,306,4,0.5,0.397869
pdb5ot8_A_original_CA_coordinates.csv,256,4,0.5,170.879
pdb5t0m_A_original_CA_coordinates.csv,260,4,0.5,34.9975
pdb8cy2_A_original_CA_coordinates.csv,544,4,0.5,8.32664
pdb5e50_A_original_CA_coordinates.csv,110,4,0.5,32.7334
pdb3eso_A_original_CA_coordinates.csv,115,4,0.5,0.888169
pdb5pvm_A_original_CA_coordinates.csv,121,4,0.5,2.59621
pdb7jrc_A_original_CA_coordinates.csv,501,4,0.5,29.3955
pdb2yi6_A_original_CA_coordinates.csv,209,4,0.5,51.9047
pdb3btn_A_original_CA_coordinates.csv,394,4,0.5,1.23864
pdb4r2m_A_original_CA_coordinates.csv,142,4,0.5,292.116
pdb7pva_A_original_CA_coordinates.csv,495,4,0.5,6.8075
pdb7a0t_A_original_CA_coordinates.csv,325,4,0.5,11.9744
pdb5w3x_A_original_CA_coordinates.csv,335,4,0.5,52.1995
pdb6xxl_A_original_CA_coordinates.csv,336,4,0.5,118.952
pdb6xtg_L_original_CA_coordinates.csv,214,4,0.5,61.1221
pdb7e6a_A_original_CA_coordinates.csv,411,4,0.5,60.163
pdb7z41_A_original_CA_coordinates.csv,196,4,0.5,9.51416
pdb4wqm_A_original_CA_coordinates.csv,326,4,0.5,15.834
pdb4w91_A_original_CA_coordinates.csv,403,4,0.5,40.2699
pdb7bab_A_original_CA_coordinates.csv,236,4,0.5,11.7288
pdb3ukx_B_original_CA_coordinates.csv,426,4,0.5,0.260246
pdb4zlh_A_original_CA_coordinates.csv,323,4,0.5,5.66721
pdb7vto_A_original_CA_coordinates.csv,261,4,0.5,29.266
pdb2xxt_A_original_CA_coordinates.csv,248,4,0.5,5.20522
pdb7bur_A_original_CA_coordinates.csv,386,4,0.5,124.487
pdb5oja_A_original_CA_coordinates.csv,152,4,0.5,2.77491
pdb2evz_A_original_CA_coordinates.csv,208,4,0.5,1.26347
pdb8p7v_A_original_CA_coordinates.csv,330,4,0.5,13.0688
pdb3v0p_A_original_CA_coordinates.csv,296,4,0.5,931.741
pdb6rhg_A_original_CA_coordinates.csv,105,4,0.5,5.97449
pdb6aif_A_original_CA_coordinates.csv,309,4,0.5,25.6458
pdb5pk7_A_original_CA_coordinates.csv,331,4,0.5,0.381955
pdb7lsc_A_original_CA_coordinates.csv,161,4,0.5,301.089
pdb3ug9_A_original_CA_coordinates.csv,280,4,0.5,7.86857
pdb6uhw_A_original_CA_coordinates.csv,139,4,0.5,71.0795
pdb7a87_A_original_CA_coordinates.csv,234,4,0.5,3.14443
pdb4db8_A_original_CA_coordinates.csv,247,4,0.5,2.2534
pdb3c11_A_original_CA_coordinates.csv,214,4,0.5,65.9139
pdb6szr_A_original_CA_coordinates.csv,159,4,0.5,6.28704
pdb7axh_A_original_CA_coordinates.csv,272,4,0.5,2.09139
pdb7o83_A_original_CA_coordinates.csv,168,4,0.5,132.372
pdb4yq5_A_original_CA_coordinates.csv,244,4,0.5,27.1205
pdb1qrw_A_original_CA_coordinates.csv,198,4,0.5,3.45133
pdb5q3x_A_original_CA_coordinates.csv,341,4,0.5,150.695
pdb6jef_A_original_CA_coordinates.csv,171,4,0.5,16.9219
pdb7zsv_A_original_CA_coordinates.csv,136,4,0.5,27.1725
pdb5a93_A_original_CA_coordinates.csv,260,4,0.5,106.017
pdb2wlt_A_original_CA_coordinates.csv,326,4,0.5,11.9396
pdb3eof_A_original_CA_coordinates.csv,238,4,0.5,59.9367
pdb5xj9_A_original_CA_coordinates.csv,200,4,0.5,17.961
pdb6bxy_A_original_CA_coordinates.csv,468,4,0.5,53.6926
pdb3mok_A_original_CA_coordinates.csv,182,4,0.5,1.53512
pdb3gzs_A_original_CA_coordinates.csv,481,4,0.5,1.82933
pdb6i7e_A_original_CA_coordinates.csv,760,4,0.5,80.3431
pdb4zp1_A_original_CA_coordinates.csv,565,4,0.5,76.0143
pdb4pct_A_original_CA_coordinates.csv,438,4,0.5,2.07066
pdb5v44_A_original_CA_coordinates.csv,223,4,0.5,0.545979
pdb2rdn_A_original_CA_coordinates.csv,275,4,0.5,109.673
pdb2vzc_A_original_CA_coordinates.csv,127,4,0.5,0.0916595
pdb6hf2_A_original_CA_coordinates.csv,325,4,0.5,227.041
pdb6eaw_A_original_CA_coordinates.csv,220,4,0.5,622.134
pdb4jq9_A_original_CA_coordinates.csv,471,4,0.5,0.735858
pdb2jnt_A_original_CA_coordinates.csv,108,4,0.5,0.206985
pdb7lha_A_original_CA_coordinates.csv,501,4,0.5,77.5956
pdb5ivf_A_original_CA_coordinates.csv,308,4,0.5,0.4748
pdb5oo7_A_original_CA_coordinates.csv,257,4,0.5,15.8125
pdb5ncs_A_original_CA_coordinates.csv,374,4,0.5,311.607
pdb6ot9_C_original_CA_coordinates.csv,106,4,0.5,6.8359
pdb1x6c_A_original_CA_coordinates.csv,118,4,0.5,2.23831
pdb3e28_A_original_CA_coordinates.csv,215,4,0.5,10.033
pdb3f3r_A_original_CA_coordinates.csv,106,4,0.5,8.81847
pdb6q55_A_original_CA_coordinates.csv,461,4,0.5,166.313
pdb6jt0_A_original_CA_coordinates.csv,542,4,0.5,129.336
pdb3ql0_A_original_CA_coordinates.csv,159,4,0.5,12.3361
pdb1w9m_A_original_CA_coordinates.csv,552,4,0.5,3.42642
pdb4mso_A_original_CA_coordinates.csv,383,4,0.5,7.28021
pdb6qv5_A_original_CA_coordinates.csv,289,4,0.5,10.3137
pdb5mcq_A_original_CA_coordinates.csv,393,4,0.5,18.0597
pdb3pmf_A_original_CA_coordinates.csv,129,4,0.5,123.897
pdb3urm_A_original_CA_coordinates.csv,329,4,0.5,3.3317
pdb2rqy_A_original_CA_coordinates.csv,171,4,0.5,1.83738
pdb6zyi_A_original_CA_coordinates.csv,375,4,0.5,17.693
pdb7jty_A_original_CA_coordinates.csv,851,4,0.5,1.42231
pdb2vm3_A_original_CA_coordinates.csv,333,4,0.5,303.881
pdb3kx7_A_original_CA_coordinates.csv,133,4,0.5,111.363
pdb5fvt_A_original_CA_coordinates.csv,407,4,0.5,14.2401
pdb4b1i_A_original_CA_coordinates.csv,507,4,0.5,8.94354
pdb3rdx_A_original_CA_coordinates.csv,124,4,0.5,216.742
pdb5oya_A_original_CA_coordinates.csv,460,4,0.5,6.24336
pdb4lv0_A_original_CA_coordinates.csv,358,4,0.5,5.49955
pdb7adn_A_original_CA_coordinates.csv,376,4,0.5,14.9855
pdb4zg4_B_original_CA_coordinates.csv,705,4,0.5,125.374
pdb2uye_A_original_CA_coordinates.csv,215,4,0.5,16.9794
pdb5sa7_A_original_CA_coordinates.csv,348,4,0.5,3.37389
pdb5ucu_A_original_CA_coordinates.csv,140,4,0.5,19.7368
pdb3jw9_A_original_CA_coordinates.csv,395,4,0.5,4.37723
pdb1u3d_A_original_CA_coordinates.csv,485,4,0.5,196.55
pdb3ki0_A_original_CA_coordinates.csv,199,4,0.5,33.2817
pdb5bk6_A_original_CA_coordinates.csv,230,4,0.5,182.381
pdb5u79_A_original_CA_coordinates.csv,208,4,0.5,32.84
pdb3k29_A_original_CA_coordinates.csv,157,4,0.5,0.0142641
pdb4jth_A_original_CA_coordinates.csv,250,4,0.5,185.15
pdb7ejj_A_original_CA_coordinates.csv,250,4,0.5,22.6037
pdb4ne4_A_original_CA_coordinates.csv,278,4,0.5,91.5353
pdb7ul1_A_original_CA_coordinates.csv,196,4,0.5,18.0861
pdb8u37_A_original_CA_coordinates.csv,318,4,0.5,19.3693
pdb6xw7_A_original_CA_coordinates.csv,303,4,0.5,11.1344
pdb3noz_X_original_CA_coordinates.csv,174,4,0.5,0.866243
pdb4gca_A_original_CA_coordinates.csv,315,4,0.5,12.6495
pdb6dy7_A_original_CA_coordinates.csv,304,4,0.5,32.8875
pdb5u83_A_original_CA_coordinates.csv,208,4,0.5,1.35168
pdb3qzb_A_original_CA_coordinates.csv,131,4,0.5,23.2899
pdb3zln_A_original_CA_coordinates.csv,143,4,0.5,30.2726
pdb8oxv_A_original_CA_coordinates.csv,681,4,0.5,1.92974
pdb3s7t_A_original_CA_coordinates.csv,209,4,0.5,5.19687
pdb5l2o_A_original_CA_coordinates.csv,494,4,0.5,12.4851
pdb5iob_A_original_CA_coordinates.csv,308,4,0.5,44.6112
pdb7kkm_A_original_CA_coordinates.csv,205,4,0.5,49.2669
pdb3l60_A_original_CA_coordinates.csv,229,4,0.5,1.93855
pdb7la1_A_original_CA_coordinates.csv,412,4,0.5,11.5978
pdb4zu7_A_original_CA_coordinates.csv,137,4,0.5,2.70571
pdb3ge7_A_original_CA_coordinates.csv,359,4,0.5,17.1994
pdb6fur_A_original_CA_coordinates.csv,202,4,0.5,74.6601
pdb6ycg_A_original_CA_coordinates.csv,215,4,0.5,4.24854
pdb5jah_A_original_CA_coordinates.csv,371,4,0.5,10.0713
pdb6eve_A_original_CA_coordinates.csv,500,4,0.5,54.648
pdb6n87_A_original_CA_coordinates.csv,314,4,0.5,7.87894
pdb4h39_A_original_CA_coordinates.csv,340,4,0.5,141.648
pdb6ye6_A_original_CA_coordinates.csv,341,4,0.5,81.7525
pdb7o4n_A_original_CA_coordinates.csv,226,4,0.5,24.7291
pdb6e06_A_original_CA_coordinates.csv,227,4,0.5,5.31173
pdb8eg6_A_original_CA_coordinates.csv,147,4,0.5,53.4219
pdb2fhx_A_original_CA_coordinates.csv,234,4,0.5,71.4565
pdb2mf9_A_original_CA_coordinates.csv,157,4,0.5,9.06472
pdb8c7y_A_original_CA_coordinates.csv,275,4,0.5,83.6292
pdb4g2f_A_original_CA_coordinates.csv,275,4,0.5,2.62154
pdb4j0t_A_original_CA_coordinates.csv,381,4,0.5,1.27355
pdb6gg6_A_original_CA_coordinates.csv,509,4,0.5,36.8637
pdb5soy_A_original_CA_coordinates.csv,167,4,0.5,2.35548
pdb3oq4_A_original_CA_coordinates.csv,124,4,0.5,12.5461
pdb3uk1_A_original_CA_coordinates.csv,650,4,0.5,0.00672135
pdb8jyf_A_original_CA_coordinates.csv,191,4,0.5,106.213
pdb3e3e_A_original_CA_coordinates.csv,105,4,0.5,36.7739
pdb5pfu_A_original_CA_coordinates.csv,115,4,0.5,9.5718
pdb5xga_A_original_CA_coordinates.csv,118,4,0.5,1.85836
pdb4wha_A_original_CA_coordinates.csv,822,4,0.5,202.219
pdb7fpm_A_original_CA_coordinates.csv,158,4,0.5,62.6739
pdb3mu7_A_original_CA_coordinates.csv,273,4,0.5,4.31036
pdb4oc9_A_original_CA_coordinates.csv,419,4,0.5,81.5847
pdb2vzq_A_original_CA_coordinates.csv,126,4,0.5,88.0826
pdb4lzg_A_original_CA_coordinates.csv,325,4,0.5,15.3131
pdb5sjr_A_original_CA_coordinates.csv,312,4,0.5,3.58273
pdb2blu_A_original_CA_coordinates.csv,206,4,0.5,62.2041
pdb1v9w_A_original_CA_coordinates.csv,130,4,0.5,45.6665
pdb4fgx_A_original_CA_coordinates.csv,374,4,0.5,219.473
pdb6vpw_A_original_CA_coordinates.csv,151,4,0.5,30.5491
pdb5i49_A_original_CA_coordinates.csv,471,4,0.5,516.29
pdb6z6u_A_original_CA_coordinates.csv,172,4,0.5,5.56129
pdb5o45_A_original_CA_coordinates.csv,129,4,0.5,16.3061
pdb3zmh_A_original_CA_coordinates.csv,180,4,0.5,20.5422
pdb5nsa_A_original_CA_coordinates.csv,106,4,0.5,5.81146
pdb5gk3_A_original_CA_coordinates.csv,334,4,0.5,25.4847
pdb6f6o_A_original_CA_coordinates.csv,190,4,0.5,40.0381
pdb6q2m_A_original_CA_coordinates.csv,544,4,0.5,180.784
pdb3dn7_A_original_CA_coordinates.csv,143,4,0.5,23.8445
pdb5pfa_A_original_CA_coordinates.csv,115,4,0.5,7.37204
pdb3o74_A_original_CA_coordinates.csv,268,4,0.5,4.98341
pdb5c5r_A_original_CA_coordinates.csv,161,4,0.5,0.315518
pdb4oa8_A_original_CA_coordinates.csv,214,4,0.5,14.2167
pdb8af1_A_original_CA_coordinates.csv,179,4,0.5,1.34907
pdb4bu0_A_original_CA_coordinates.csv,182,4,0.5,8.02056
pdb6wkc_A_original_CA_coordinates.csv,303,4,0.5,4.72074
pdb8a9r_A_original_CA_coordinates.csv,129,4,0.5,0.23171
pdb6iah_A_original_CA_coordinates.csv,240,4,0.5,150.091
pdb4hfm_A_original_CA_coordinates.csv,333,4,0.5,0.528307
pdb8dhj_A_original_CA_coordinates.csv,236,4,0.5,1.35259
pdb6slx_A_original_CA_coordinates.csv,230,4,0.5,37.031
pdb7a21_A_original_CA_coordinates.csv,296,4,0.5,168.383
pdb2j7q_A_original_CA_coordinates.csv,226,4,0.5,27.7833
pdb4x2v_A_original_CA_coordinates.csv,174,4,0.5,2.52769
pdb8c3n_A_original_CA_coordinates.csv,214,4,0.5,40.7987
pdb7r28_A_original_CA_coordinates.csv,304,4,0.5,17.6159
pdb7jq4_A_original_CA_coordinates.csv,304,4,0.5,189.396
pdb4f5t_A_original_CA_coordinates.csv,583,4,0.5,1.8098
pdb5i1q_A_original_CA_coordinates.csv,135,4,0.5,50.211
pdb4jk8_A_original_CA_coordinates.csv,220,4,0.5,73.4621
pdb7b3t_A_original_CA_coordinates.csv,261,4,0.5,36.2365
pdb3uvi_A_original_CA_coordinates.csv,373,4,0.5,5.32896
pdb6njc_A_original_CA_coordinates.csv,197,4,0.5,26.4842
pdb6d64_A_original_CA_coordinates.csv,282,4,0.5,413.699
pdb4a9m_A_original_CA_coordinates.csv,112,4,0.5,1.23771
pdb3has_A_original_CA_coordinates.csv,226,4,0.5,120.532
pdb6fn5_A_original_CA_coordinates.csv,335,4,0.5,4.2658
pdb4cjq_A_original_CA_coordinates.csv,148,4,0.5,3.84694
pdb6i1i_A_original_CA_coordinates.csv,322,4,0.5,75.6593
pdb5wr6_A_original_CA_coordinates.csv,316,4,0.5,27.0856
pdb5tms_A_original_CA_coordinates.csv,234,4,0.5,29.3461
pdb6dfb_A_original_CA_coordinates.csv,117,4,0.5,10.7506
pdb8e8k_A_original_CA_coordinates.csv,425,4,0.5,231.844
pdb5lxm_A_original_CA_coordinates.csv,266,4,0.5,6.14052
pdb5qe6_A_original_CA_coordinates.csv,282,4,0.5,3.52858
pdb4bjk_A_original_CA_coordinates.csv,450,4,0.5,6.60968
pdb3a35_A_original_CA_coordinates.csv,184,4,0.5,24.4334
pdb3qwd_A_original_CA_coordinates.csv,187,4,0.5,5.84678
pdb5gpk_A_original_CA_coordinates.csv,203,4,0.5,385.666
pdb7eat_A_original_CA_coordinates.csv,337,4,0.5,7.08079
pdb5nfj_A_original_CA_coordinates.csv,178,4,0.5,16.4377
pdb4qod_A_original_CA_coordinates.csv,229,4,0.5,6.81252
pdb6yw8_A_original_CA_coordinates.csv,118,4,0.5,39.7857
pdb5hsi_A_original_CA_coordinates.csv,602,4,0.5,24.9341
pdb5bjw_A_original_CA_coordinates.csv,340,4,0.5,38.7882
pdb6q8t_A_original_CA_coordinates.csv,129,4,0.5,0.227157
pdb5ocv_A_original_CA_coordinates.csv,129,4,0.5,26.1264
pdb5u8u_A_original_CA_coordinates.csv,472,4,0.5,368.076
pdb3ryp_A_original_CA_coordinates.csv,202,4,0.5,1.03858
pdb4hqz_A_original_CA_coordinates.csv,141,4,0.5,71.3016
pdb8tor_A_original_CA_coordinates.csv,590,4,0.5,0.051819
pdb7g86_A_original_CA_coordinates.csv,179,4,0.5,19.1667
pdb3nt9_A_original_CA_coordinates.csv,223,4,0.5,40.771
pdb5vrb_A_original_CA_coordinates.csv,626,4,0.5,20.87
pdb3n04_A_original_CA_coordinates.csv,637,4,0.5,1.46639
pdb7zee_A_original_CA_coordinates.csv,282,4,0.5,17.3834
pdb2ycj_A_original_CA_coordinates.csv,271,4,0.5,39.9646
pdb3v20_A_original_CA_coordinates.csv,290,4,0.5,2.58709
pdb4l8g_A_original_CA_coordinates.csv,157,4,0.5,0.26497
pdb2wl5_A_original_CA_coordinates.csv,388,4,0.5,29.3968
pdb5hti_A_original_CA_coordinates.csv,290,4,0.5,56.6055
pdb4lsm_A_original_CA_coordinates.csv,331,4,0.5,0.642659
pdb4y4z_A_original_CA_coordinates.csv,330,4,0.5,1.31764
pdb4fn7_A_original_CA_coordinates.csv,231,4,0.5,3.88936
pdb5k1u_A_original_CA_coordinates.csv,348,4,0.5,9.6994
pdb4hew_A_original_CA_coordinates.csv,257,4,0.5,10.8889
pdb6wgz_A_original_CA_coordinates.csv,365,4,0.5,62.4605
pdb8a7s_A_original_CA_coordinates.csv,655,4,0.5,13.0265
pdb2nrm_A_original_CA_coordinates.csv,145,4,0.5,11.922
pdb4idb_A_original_CA_coordinates.csv,321,4,0.5,7.02742
pdb5sby_A_original_CA_coordinates.csv,150,4,0.5,8.38096
pdb3fka_A_original_CA_coordinates.csv,113,4,0.5,12.4193
pdb6pvd_A_original_CA_coordinates.csv,265,4,0.5,9.9861
pdb2f9n_A_original_CA_coordinates.csv,224,4,0.5,22.8277
pdb4g2t_A_original_CA_coordinates.csv,346,4,0.5,5.12292
pdb8fds_A_original_CA_coordinates.csv,178,4,0.5,178.357
pdb6uiu_A_original_CA_coordinates.csv,124,4,0.5,42.9981
pdb2kbb_A_original_CA_coordinates.csv,174,4,0.5,0.755554
pdb1e5d_A_original_CA_coordinates.csv,401,4,0.5,20.0952
pdb8fam_A_original_CA_coordinates.csv,130,4,0.5,3.85035
pdb2y6m_A_original_CA_coordinates.csv,262,4,0.5,30.7168
pdb7sv3_A_original_CA_coordinates.csv,171,4,0.5,155.659
pdb7qpp_A_original_CA_coordinates.csv,255,4,0.5,100.48
pdb2vxi_A_original_CA_coordinates.csv,157,4,0.5,1.23007
pdb3d8r_A_original_CA_coordinates.csv,253,4,0.5,5.60949
pdb6wop_A_original_CA_coordinates.csv,417,4,0.5,11.169
pdb3s7o_A_original_CA_coordinates.csv,315,4,0.5,19.5683
pdb4opv_A_original_CA_coordinates.csv,307,4,0.5,7.3684
pdb2oer_A_original_CA_coordinates.csv,178,4,0.5,11.09
pdb6gh9_A_original_CA_coordinates.csv,331,4,0.5,11.2471
pdb7gdd_A_original_CA_coordinates.csv,304,4,0.5,142.689
pdb7jqa_A_original_CA_coordinates.csv,374,4,0.5,73.7936
pdb3c7h_A_original_CA_coordinates.csv,487,4,0.5,6.7469
pdb7ut5_A_original_CA_coordinates.csv,324,4,0.5,7.00558
pdb4cm1_A_original_CA_coordinates.csv,251,4,0.5,243.516
pdb8a1a_A_original_CA_coordinates.csv,1345,4,0.5,90.8491
pdb3k9w_A_original_CA_coordinates.csv,163,4,0.5,11.9035
pdb5f4e_A_original_CA_coordinates.csv,233,4,0.5,15.1536
pdb7f98_A_original_CA_coordinates.csv,495,4,0.5,7.65834
pdb5o8w_A_original_CA_coordinates.csv,447,4,0.5,2.22976
pdb7riv_A_original_CA_coordinates.csv,270,4,0.5,119.707
pdb6gt7_A_original_CA_coordinates.csv,115,4,0.5,0.164185
pdb6ouv_A_original_CA_coordinates.csv,595,4,0.5,1.19423
pdb5g1b_A_original_CA_coordinates.csv,371,4,0.5,0.404487
pdb4ezv_A_original_CA_coordinates.csv,219,4,0.5,0.302001
pdb7cqo_A_original_CA_coordinates.csv,129,4,0.5,16.2015
pdb6q0f_A_original_CA_coordinates.csv,219,4,0.5,20.9226
pdb3v4f_A_original_CA_coordinates.csv,166,4,0.5,20.2351
pdb3ef2_A_original_CA_coordinates.csv,291,4,0.5,112.206
pdb4djt_A_original_CA_coordinates.csv,186,4,0.5,8.90362
pdb4neh_A_original_CA_coordinates.csv,1084,4,0.5,94.696
pdb7udo_A_original_CA_coordinates.csv,172,4,0.5,27.0579
pdb6ywu_A_original_CA_coordinates.csv,254,4,0.5,6.9359
pdb5phq_A_original_CA_coordinates.csv,331,4,0.5,120.344
pdb6jb5_A_original_CA_coordinates.csv,126,4,0.5,4.12009
pdb2ltl_A_original_CA_coordinates.csv,119,4,0.5,5.88715
pdb4dzi_A_original_CA_coordinates.csv,384,4,0.5,3.66616
pdb5qfj_A_original_CA_coordinates.csv,282,4,0.5,3.67315
pdb3oo8_A_original_CA_coordinates.csv,390,4,0.5,9.18981
pdb7lvq_A_original_CA_coordinates.csv,441,4,0.5,5.55378
pdb4oz0_A_original_CA_coordinates.csv,113,4,0.5,93.3618
pdb2lxm_A_original_CA_coordinates.csv,163,4,0.5,0.169939
pdb4ith_A_original_CA_coordinates.csv,247,4,0.5,46.5949
pdb2h2w_A_original_CA_coordinates.csv,289,4,0.5,138.382
pdb4agq_A_original_CA_coordinates.csv,195,4,0.5,0.21797
pdb6aub_A_original_CA_coordinates.csv,264,4,0.5,13.0825
pdb1kpq_A_original_CA_coordinates.csv,144,4,0.5,8.61848
pdb8ivj_A_original_CA_coordinates.csv,356,4,0.5,152.768
pdb7alr_A_original_CA_coordinates.csv,425,4,0.5,3.74312
pdb6czd_A_original_CA_coordinates.csv,227,4,0.5,7.34674
pdb5tn3_A_original_CA_coordinates.csv,238,4,0.5,357.727
pdb7zob_A_original_CA_coordinates.csv,134,4,0.5,21.5752
pdb2vft_A_original_CA_coordinates.csv,415,4,0.5,110.137
pdb4mia_A_original_CA_coordinates.csv,546,4,0.5,110.198
pdb6jmk_A_original_CA_coordinates.csv,142,4,0.5,6.53593
pdb7cuf_A_original_CA_coordinates.csv,303,4,0.5,9.10559
pdb1fer_A_original_CA_coordinates.csv,106,4,0.5,1.81358
pdb6i3k_A_original_CA_coordinates.csv,534,4,0.5,113.956
pdb2ebz_A_original_CA_coordinates.csv,155,4,0.5,21.9487
pdb6pg1_A_original_CA_coordinates.csv,188,4,0.5,3.18196
pdb8cpb_A_original_CA_coordinates.csv,363,4,0.5,0.800464
pdb8jt1_A_original_CA_coordinates.csv,532,4,0.5,17.7922
pdb6ana_K_original_CA_coordinates.csv,112,4,0.5,4.35888
pdb6afi_A_original_CA_coordinates.csv,187,4,0.5,0.351743
pdb3zzm_A_original_CA_coordinates.csv,520,4,0.5,236.594
pdb3es1_A_original_CA_coordinates.csv,160,4,0.5,41.9059
pdb5i06_A_original_CA_coordinates.csv,355,4,0.5,23.008
pdb7qp3_A_original_CA_coordinates.csv,391,4,0.5,30.039
pdb4yl4_A_original_CA_coordinates.csv,124,4,0.5,7.8705
pdb7b57_B_original_CA_coordinates.csv,303,4,0.5,40.2266
pdb4nvn_B_original_CA_coordinates.csv,289,4,0.5,618.216
pdb2v5c_A_original_CA_coordinates.csv,584,4,0.5,0.0203659
pdb7lk1_A_original_CA_coordinates.csv,404,4,0.5,114.305
pdb8duh_A_original_CA_coordinates.csv,230,4,0.5,11.8846
pdb5g3a_A_original_CA_coordinates.csv,172,4,0.5,33.2985
pdb5qui_A_original_CA_coordinates.csv,222,4,0.5,12.1283
pdb2cnw_A_original_CA_coordinates.csv,290,4,0.5,0.549386
pdb6zrw_A_original_CA_coordinates.csv,126,4,0.5,88.1112
pdb7b7i_A_original_CA_coordinates.csv,105,4,0.5,4.99471
pdb5sbr_A_original_CA_coordinates.csv,150,4,0.5,15.9063
pdb4tx8_A_original_CA_coordinates.csv,374,4,0.5,105.082
pdb6spu_A_original_CA_coordinates.csv,335,4,0.5,21.5031
pdb1ll8_A_original_CA_coordinates.csv,114,4,0.5,43.1721
pdb8d8s_A_original_CA_coordinates.csv,413,4,0.5,13.6411
pdb6gtu_A_original_CA_coordinates.csv,268,4,0.5,11.1357
pdb3ggj_A_original_CA_coordinates.csv,214,4,0.5,3.47485
pdb5pma_A_original_CA_coordinates.csv,331,4,0.5,35.6959
pdb2jcy_A_original_CA_coordinates.csv,379,4,0.5,26.5039
pdb6rzk_A_original_CA_coordinates.csv,138,4,0.5,7.05719
pdb2pq8_A_original_CA_coordinates.csv,260,4,0.5,254.426
pdb3qy9_A_original_CA_coordinates.csv,239,4,0.5,0.384389
pdb5pmn_A_original_CA_coordinates.csv,331,4,0.5,10.4423
pdb4boq_A_original_CA_coordinates.csv,175,4,0.5,9.9916
pdb8c2i_A_original_CA_coordinates.csv,139,4,0.5,14.2568
pdb5s36_A_original_CA_coordinates.csv,165,4,0.5,21.6593
pdb5qir_A_original_CA_coordinates.csv,225,4,0.5,9.34466
pdb1z28_A_original_CA_coordinates.csv,289,4,0.5,142.564
pdb7z42_A_original_CA_coordinates.csv,721,4,0.5,12.8699
pdb2vcn_A_original_CA_coordinates.csv,249,4,0.5,458.003
pdb5jrc_A_original_CA_coordinates.csv,186,4,0.5,7.15428
pdb3lpr_A_original_CA_coordinates.csv,178,4,0.5,1.16117
pdb2vei_A_original_CA_coordinates.csv,238,4,0.5,65.9867
pdb2qy1_A_original_CA_coordinates.csv,330,4,0.5,24.293
pdb5rf2_A_original_CA_coordinates.csv,304,4,0.5,4.8604
pdb5pxm_A_original_CA_coordinates.csv,178,4,0.5,13.6413
pdb2d51_A_original_CA_coordinates.csv,404,4,0.5,8.07934
pdb5cei_A_original_CA_coordinates.csv,345,4,0.5,1.08805
pdb5lpo_A_original_CA_coordinates.csv,362,4,0.5,39.77
pdb3m78_A_original_CA_coordinates.csv,307,4,0.5,13.02
pdb5lnu_A_original_CA_coordinates.csv,277,4,0.5,951.543
pdb6wrl_A_original_CA_coordinates.csv,129,4,0.5,2.57398
pdb5utx_A_original_CA_coordinates.csv,303,4,0.5,302.012
pdb2vxt_H_original_CA_coordinates.csv,203,4,0.5,10.322
pdb3ve7_A_original_CA_coordinates.csv,206,4,0.5,1.43438
pdb2r9f_A_original_CA_coordinates.csv,322,4,0.5,4.6624
pdb4ry1_A_original_CA_coordinates.csv,410,4,0.5,531.904
pdb7mru_A_original_CA_coordinates.csv,117,4,0.5,4.91622
pdb3of3_A_original_CA_coordinates.csv,240,4,0.5,20.7771
pdb8bgj_A_original_CA_coordinates.csv,203,4,0.5,3.05319
pdb4n3u_A_original_CA_coordinates.csv,153,4,0.5,34.7016
pdb2yla_A_original_CA_coordinates.csv,416,4,0.5,52.4337
pdb5x2b_C_original_CA_coordinates.csv,282,4,0.5,5.18387
pdb5ooo_A_original_CA_coordinates.csv,166,4,0.5,3.88477
pdb1ugj_A_original_CA_coordinates.csv,141,4,0.5,5.28422
pdb5kdy_A_original_CA_coordinates.csv,393,4,0.5,2.51139
pdb6s19_A_original_CA_coordinates.csv,207,4,0.5,1.10219
pdb3dzl_A_original_CA_coordinates.csv,157,4,0.5,61.7692
pdb5rwz_A_original_CA_coordinates.csv,460,4,0.5,38.632
pdb2cdc_A_original_CA_coordinates.csv,359,4,0.5,26.495
pdb4ybr_A_original_CA_coordinates.csv,197,4,0.5,1.70774
pdb5uju_A_original_CA_coordinates.csv,558,4,0.5,15.9845
pdb5ho2_A_original_CA_coordinates.csv,803,4,0.5,0.049821
pdb3rry_A_original_CA_coordinates.csv,166,4,0.5,105.604
pdb8og5_A_original_CA_coordinates.csv,297,4,0.5,47.5203
pdb1h0h_A_original_CA_coordinates.csv,977,4,0.5,7.87492
pdb5cph_A_original_CA_coordinates.csv,192,4,0.5,4.37551
pdb7nnz_A_original_CA_coordinates.csv,308,4,0.5,19.3447
pdb7jtb_A_original_CA_coordinates.csv,371,4,0.5,189.754
pdb6khv_A_original_CA_coordinates.csv,114,4,0.5,47.3041
pdb4xk9_A_original_CA_coordinates.csv,210,4,0.5,62.4035
pdb5y2r_A_original_CA_coordinates.csv,257,4,0.5,9.62567
pdb4p9w_A_original_CA_coordinates.csv,237,4,0.5,26.9496
pdb2keq_A_original_CA_coordinates.csv,139,4,0.5,91.6961
pdb6yeo_A_original_CA_coordinates.csv,358,4,0.5,0.576168
pdb5ivd_A_original_CA_coordinates.csv,566,4,0.5,60.7931
pdb6uvp_A_original_CA_coordinates.csv,391,4,0.5,212.104
pdb6fra_A_original_CA_coordinates.csv,201,4,0.5,6.53747
pdb7m2o_A_original_CA_coordinates.csv,335,4,0.5,14.7261
pdb3mp6_A_original_CA_coordinates.csv,508,4,0.5,12.2006
pdb2jec_A_original_CA_coordinates.csv,238,4,0.5,6.19864
pdb3i4p_A_original_CA_coordinates.csv,147,4,0.5,18.0159
pdb4hzn_A_original_CA_coordinates.csv,296,4,0.5,51.2185
pdb1ab2_A_original_CA_coordinates.csv,109,4,0.5,2.53046
pdb5v2q_A_original_CA_coordinates.csv,298,4,0.5,16.3672
pdb4ly0_A_original_CA_coordinates.csv,271,4,0.5,18.0567
pdb6m81_A_original_CA_coordinates.csv,239,4,0.5,7.0798
pdb2ixm_A_original_CA_coordinates.csv,300,4,0.5,11.5915
pdb3w56_A_original_CA_coordinates.csv,108,4,0.5,101.809
pdb4i05_A_original_CA_coordinates.csv,276,4,0.5,16.6737
pdb5n3e_A_original_CA_coordinates.csv,348,4,0.5,362.094
pdb2arf_A_original_CA_coordinates.csv,165,4,0.5,4.39286
pdb7pyw_A_original_CA_coordinates.csv,235,4,0.5,18.7812
pdb5vgt_A_original_CA_coordinates.csv,124,4,0.5,1.48604
pdb7chl_A_original_CA_coordinates.csv,498,4,0.5,5.82742
pdb3b6p_A_original_CA_coordinates.csv,217,4,0.5,144.125
pdb5qan_A_original_CA_coordinates.csv,241,4,0.5,43.5373
pdb2h0k_A_original_CA_coordinates.csv,318,4,0.5,30.206
pdb2fqe_A_original_CA_coordinates.csv,463,4,0.5,3.85367
pdb2y2k_A_original_CA_coordinates.csv,469,4,0.5,12.8628
pdb8cwf_A_original_CA_coordinates.csv,129,4,0.5,1.68637
pdb7o53_A_original_CA_coordinates.csv,207,4,0.5,72.1867
pdb3ty7_A_original_CA_coordinates.csv,445,4,0.5,306.615
pdb8fnx_A_original_CA_coordinates.csv,762,4,0.5,0.00510977
pdb3unv_A_original_CA_coordinates.csv,513,4,0.5,5.16191
pdb4gs9_A_original_CA_coordinates.csv,107,4,0.5,20.357
pdb5cdn_A_original_CA_coordinates.csv,480,4,0.5,19.1866
pdb5sgu_A_original_CA_coordinates.csv,315,4,0.5,948.091
pdb6s06_A_original_CA_coordinates.csv,294,4,0.5,19.8737
pdb8b3w_A_original_CA_coordinates.csv,353,4,0.5,15.4008
pdb4ufy_A_original_CA_coordinates.csv,208,4,0.5,21.9853
pdb2xr4_A_original_CA_coordinates.csv,116,4,0.5,58.721
pdb7r6a_A_original_CA_coordinates.csv,329,4,0.5,18.1622
pdb4dfw_A_original_CA_coordinates.csv,219,4,0.5,95.7175
pdb4n26_A_original_CA_coordinates.csv,655,4,0.5,21.9817
pdb4jwh_A_original_CA_coordinates.csv,185,4,0.5,5.81433
pdb1e2b_A_original_CA_coordinates.csv,106,4,0.5,1.60924
pdb7fpk_A_original_CA_coordinates.csv,237,4,0.5,16.5802
pdb5f9e_A_original_CA_coordinates.csv,334,4,0.5,25.8947
pdb4v38_A_original_CA_coordinates.csv,388,4,0.5,3.59519
pdb5rzf_A_original_CA_coordinates.csv,284,4,0.5,8.88949
pdb5qr5_B_original_CA_coordinates.csv,428,4,0.5,19.6473
pdb4wuk_H_original_CA_coordinates.csv,213,4,0.5,86.4581
pdb4r4k_A_original_CA_coordinates.csv,150,4,0.5,30.1037
pdb7es2_A_original_CA_coordinates.csv,405,4,0.5,31.9175
pdb1qx1_A_original_CA_coordinates.csv,1014,4,0.5,10.1469
pdb2wog_A_original_CA_coordinates.csv,333,4,0.5,119.547
pdb2fiq_A_original_CA_coordinates.csv,400,4,0.5,6.97165
pdb3jt7_A_original_CA_coordinates.csv,407,4,0.5,21.8161
pdb1q7r_A_original_CA_coordinates.csv,194,4,0.5,17.1985
pdb6g92_A_original_CA_coordinates.csv,343,4,0.5,670.343
pdb2m47_A_original_CA_coordinates.csv,163,4,0.5,1.58754
pdb6o0n_A_original_CA_coordinates.csv,523,4,0.5,1.3731
pdb5e9q_A_original_CA_coordinates.csv,255,4,0.5,269.132
pdb6kb1_A_original_CA_coordinates.csv,269,4,0.5,62.9832
pdb4v3l_A_original_CA_coordinates.csv,146,4,0.5,4.73194
pdb2ooq_A_original_CA_coordinates.csv,278,4,0.5,22.7631
pdb7ysm_A_original_CA_coordinates.csv,311,4,0.5,6.39252
pdb5way_A_original_CA_coordinates.csv,482,4,0.5,44.5151
pdb2jld_A_original_CA_coordinates.csv,349,4,0.5,6.60373
pdb2o6i_A_original_CA_coordinates.csv,436,4,0.5,119.284
pdb8a74_A_original_CA_coordinates.csv,334,4,0.5,30.6815
pdb6nxs_A_original_CA_coordinates.csv,249,4,0.5,152.35
pdb4ou3_A_original_CA_coordinates.csv,902,4,0.5,2.28747
pdb3ntn_A_original_CA_coordinates.csv,211,4,0.5,107.144
pdb7zws_A_original_CA_coordinates.csv,125,4,0.5,15.1476
pdb2oec_A_original_CA_coordinates.csv,252,4,0.5,13.8852
pdb3pxs_A_original_CA_coordinates.csv,354,4,0.5,23.8516
pdb5q1l_A_original_CA_coordinates.csv,341,4,0.5,48.941
pdb6z24_A_original_CA_coordinates.csv,258,4,0.5,158.337
pdb5og5_A_original_CA_coordinates.csv,332,4,0.5,29.8351
pdb4qfy_A_original_CA_coordinates.csv,480,4,0.5,21.0543
pdb3npx_A_original_CA_coordinates.csv,249,4,0.5,131.086
pdb5exg_A_original_CA_coordinates.csv,142,4,0.5,9.96009
pdb5b70_A_original_CA_coordinates.csv,209,4,0.5,5.51079
pdb7kbr_G_original_CA_coordinates.csv,151,4,0.5,11.8669
pdb2cq4_A_original_CA_coordinates.csv,114,4,0.5,9.15512
pdb4c5m_A_original_CA_coordinates.csv,273,4,0.5,64.8315
pdb4re5_A_original_CA_coordinates.csv,574,4,0.5,4.66183
pdb5d4h_A_original_CA_coordinates.csv,337,4,0.5,4.27431
pdb3pu3_A_original_CA_coordinates.csv,363,4,0.5,118.292
pdb1ts6_A_original_CA_coordinates.csv,125,4,0.5,48.4004
pdb5nfe_A_original_CA_coordinates.csv,116,4,0.5,279.286
pdb3h4y_A_original_CA_coordinates.csv,147,4,0.5,1.26927
pdb3dlc_A_original_CA_coordinates.csv,215,4,0.5,0.854952
pdb6i4f_A_original_CA_coordinates.csv,350,4,0.5,48.7451
pdb6dc2_A_original_CA_coordinates.csv,625,4,0.5,0.220997
pdb3sp4_A_original_CA_coordinates.csv,202,4,0.5,0.626117
pdb4xtz_A_original_CA_coordinates.csv,266,4,0.5,12.0933
pdb3b37_A_original_CA_coordinates.csv,866,4,0.5,141.925
pdb4eko_A_original_CA_coordinates.csv,207,4,0.5,16.6106
pdb3rvp_A_original_CA_coordinates.csv,130,4,0.5,13.4087
pdb5qyi_A_original_CA_coordinates.csv,237,4,0.5,20.3366
pdb4mlj_A_original_CA_coordinates.csv,294,4,0.5,2.92113
pdb3bw9_A_original_CA_coordinates.csv,276,4,0.5,18.2366
pdb6w89_A_original_CA_coordinates.csv,285,4,0.5,4.16533
pdb3hx8_A_original_CA_coordinates.csv,124,4,0.5,26.8637
pdb7n38_A_original_CA_coordinates.csv,174,4,0.5,11.7811
pdb4fvl_A_original_CA_coordinates.csv,368,4,0.5,20.9235
pdb7ggn_A_original_CA_coordinates.csv,304,4,0.5,57.2851
pdb8dxu_R_original_CA_coordinates.csv,193,4,0.5,246.896
pdb5w4s_A_original_CA_coordinates.csv,139,4,0.5,42.6814
pdb6qda_A_original_CA_coordinates.csv,411,4,0.5,23.5748
pdb5qs1_A_original_CA_coordinates.csv,171,4,0.5,128.38
pdb5inp_A_original_CA_coordinates.csv,255,4,0.5,22.3567
pdb2y7e_A_original_CA_coordinates.csv,274,4,0.5,227.605
pdb3lw0_A_original_CA_coordinates.csv,292,4,0.5,7.25055
pdb7n8j_A_original_CA_coordinates.csv,422,4,0.5,3.38159
pdb3oca_A_original_CA_coordinates.csv,179,4,0.5,12.7258
pdb1ofw_A_original_CA_coordinates.csv,292,4,0.5,124.273
pdb3iww_A_original_CA_coordinates.csv,694,4,0.5,0.0287174
pdb7cy7_A_original_CA_coordinates.csv,872,4,0.5,20.6236
pdb3wl1_A_original_CA_coordinates.csv,383,4,0.5,9.66855
pdb3bkp_A_original_CA_coordinates.csv,179,4,0.5,22.5152
pdb4rzm_A_original_CA_coordinates.csv,274,4,0.5,41.372
pdb2qx6_A_original_CA_coordinates.csv,230,4,0.5,1.34959
pdb5j1w_A_original_CA_coordinates.csv,338,4,0.5,11.5053
pdb2kmv_A_original_CA_coordinates.csv,185,4,0.5,13.5628
pdb1dxw_A_original_CA_coordinates.csv,165,4,0.5,183.922
pdb7yui_A_original_CA_coordinates.csv,305,4,0.5,33.1854
pdb6ng4_A_original_CA_coordinates.csv,414,4,0.5,2.53035
pdb3pk3_A_original_CA_coordinates.csv,295,4,0.5,4.08639
pdb7nx2_A_original_CA_coordinates.csv,210,4,0.5,2.8888
pdb5q3o_A_original_CA_coordinates.csv,341,4,0.5,2.86678
pdb7g9h_A_original_CA_coordinates.csv,179,4,0.5,0.477833
pdb4xd8_A_original_CA_coordinates.csv,216,4,0.5,28.0075
pdb2jm5_A_original_CA_coordinates.csv,134,4,0.5,0.0574173
pdb4ohy_A_original_CA_coordinates.csv,398,4,0.5,43.1425
pdb5ply_A_original_CA_coordinates.csv,331,4,0.5,18.3704
pdb3zr5_A_original_CA_coordinates.csv,641,4,0.5,346.078
pdb5hye_A_original_CA_coordinates.csv,208,4,0.5,12.7839
pdb2op5_A_original_CA_coordinates.csv,110,4,0.5,29.5596
pdb3d9x_A_original_CA_coordinates.csv,114,4,0.5,1.39061
pdb1ax0_A_original_CA_coordinates.csv,239,4,0.5,23.1743
pdb3w9w_A_original_CA_coordinates.csv,376,4,0.5,1.2424
pdb6pag_A_original_CA_coordinates.csv,277,4,0.5,22.9948
pdb5d16_A_original_CA_coordinates.csv,161,4,0.5,113.139
pdb4qyp_A_original_CA_coordinates.csv,133,4,0.5,16.3387
pdb3b0q_A_original_CA_coordinates.csv,262,4,0.5,2.89215
pdb2qhp_A_original_CA_coordinates.csv,282,4,0.5,0.454052
pdb4x6h_A_original_CA_coordinates.csv,215,4,0.5,13.6548
pdb1uhp_A_original_CA_coordinates.csv,107,4,0.5,52.6896
pdb4gek_A_original_CA_coordinates.csv,230,4,0.5,16.5725
pdb7q77_A_original_CA_coordinates.csv,124,4,0.5,4.15345
pdb3aem_A_original_CA_coordinates.csv,387,4,0.5,51.4681
pdb3csr_A_original_CA_coordinates.csv,159,4,0.5,34.612
pdb5rd3_A_original_CA_coordinates.csv,330,4,0.5,19.6606
pdb5fp8_A_original_CA_coordinates.csv,330,4,0.5,55.3104
pdb2e56_A_original_CA_coordinates.csv,144,4,0.5,4.55194
pdb5qyj_A_original_CA_coordinates.csv,237,4,0.5,27.7376
pdb4psf_A_original_CA_coordinates.csv,134,4,0.5,0.914629
pdb3w76_A_original_CA_coordinates.csv,313,4,0.5,79.303
pdb5qza_A_original_CA_coordinates.csv,237,4,0.5,122.467
pdb5sev_A_original_CA_coordinates.csv,312,4,0.5,46.5042
pdb2ihp_A_original_CA_coordinates.csv,275,4,0.5,1754.79
pdb5fwo_A_original_CA_coordinates.csv,112,4,0.5,0.801634
pdb4h7n_A_original_CA_coordinates.csv,462,4,0.5,154.83
pdb1npl_A_original_CA_coordinates.csv,109,4,0.5,7.15606
pdb5ocg_A_original_CA_coordinates.csv,172,4,0.5,10.9277
pdb5zmj_H_original_CA_coordinates.csv,227,4,0.5,4.79453
pdb3i76_A_original_CA_coordinates.csv,223,4,0.5,4.39766
pdb5hf0_X_original_CA_coordinates.csv,157,4,0.5,3.5026
pdb4etp_A_original_CA_coordinates.csv,379,4,0.5,49.1283
pdb4yw4_A_original_CA_coordinates.csv,659,4,0.5,49.7937
pdb4ged_A_original_CA_coordinates.csv,268,4,0.5,4.22451
pdb2x76_A_original_CA_coordinates.csv,342,4,0.5,0.984044
pdb5on1_A_original_CA_coordinates.csv,498,4,0.5,32.0367
pdb5dyr_A_original_CA_coordinates.csv,139,4,0.5,17.842
pdb4yj2_A_original_CA_coordinates.csv,437,4,0.5,83.6601
pdb7fs2_A_original_CA_coordinates.csv,422,4,0.5,12.2655
pdb6sw3_A_original_CA_coordinates.csv,115,4,0.5,0.796461
pdb4zlu_A_original_CA_coordinates.csv,432,4,0.5,6.26298
pdb3m2n_A_original_CA_coordinates.csv,258,4,0.5,213.692
pdb5quc_A_original_CA_coordinates.csv,222,4,0.5,0.559351
pdb5s90_A_original_CA_coordinates.csv,119,4,0.5,5.02167
pdb7gh5_A_original_CA_coordinates.csv,304,4,0.5,8.91618
pdb6ekt_A_original_CA_coordinates.csv,419,4,0.5,17.1771
pdb2dmg_A_original_CA_coordinates.csv,142,4,0.5,38.6617
pdb5sxr_A_original_CA_coordinates.csv,712,4,0.5,47.3789
pdb5m4d_A_original_CA_coordinates.csv,439,4,0.5,204.644
pdb2l85_A_original_CA_coordinates.csv,121,4,0.5,2.80378
pdb3rj8_A_original_CA_coordinates.csv,473,4,0.5,18.7663
pdb6xys_A_original_CA_coordinates.csv,535,4,0.5,460.303
pdb4p2f_A_original_CA_coordinates.csv,189,4,0.5,60.959
pdb4yjq_A_original_CA_coordinates.csv,264,4,0.5,0.365102
pdb1g42_A_original_CA_coordinates.csv,293,4,0.5,96.9154
pdb5sow_A_original_CA_coordinates.csv,167,4,0.5,6.8492
pdb8erd_A_original_CA_coordinates.csv,290,4,0.5,20.9914
pdb3qva_A_original_CA_coordinates.csv,109,4,0.5,0.0785072
pdb6a50_A_original_CA_coordinates.csv,527,4,0.5,91.7616
pdb3ngh_A_original_CA_coordinates.csv,106,4,0.5,2.58186
pdb2k4z_A_original_CA_coordinates.csv,125,4,0.5,0.2813
pdb6emu_A_original_CA_coordinates.csv,170,4,0.5,33.563
pdb6bh0_A_original_CA_coordinates.csv,291,4,0.5,4.68609
pdb5qpd_A_original_CA_coordinates.csv,359,4,0.5,22.4582
pdb6s61_A_original_CA_coordinates.csv,172,4,0.5,37.7928
pdb5xcy_A_original_CA_coordinates.csv,358,4,0.5,7.46765
pdb6fih_A_original_CA_coordinates.csv,379,4,0.5,23.3429
pdb7jxq_D_original_CA_coordinates.csv,298,4,0.5,66.2913
pdb3ey7_A_original_CA_coordinates.csv,127,4,0.5,37.9821
pdb3g2q_A_original_CA_coordinates.csv,247,4,0.5,5.40184
pdb2kli_A_original_CA_coordinates.csv,172,4,0.5,0.0677643
pdb6ky9_A_original_CA_coordinates.csv,143,4,0.5,69.9939
pdb3hh1_A_original_CA_coordinates.csv,111,4,0.5,16.2362
pdb4wvf_A_original_CA_coordinates.csv,209,4,0.5,0.785902
pdb7oft_A_original_CA_coordinates.csv,315,4,0.5,385.862
pdb4y3b_A_original_CA_coordinates.csv,229,4,0.5,5.46782
pdb7flh_A_original_CA_coordinates.csv,237,4,0.5,4.23287
pdb5kb5_A_original_CA_coordinates.csv,341,4,0.5,52.4438
pdb6gx6_A_original_CA_coordinates.csv,159,4,0.5,4.68298
pdb6p9v_A_original_CA_coordinates.csv,380,4,0.5,353.038
pdb4k02_A_original_CA_coordinates.csv,127,4,0.5,46.944
pdb6kod_A_original_CA_coordinates.csv,440,4,0.5,11.089
pdb6uvg_A_original_CA_coordinates.csv,145,4,0.5,21.2483
pdb3lsn_A_original_CA_coordinates.csv,273,4,0.5,874.737
pdb6ud6_A_original_CA_coordinates.csv,119,4,0.5,19.271
pdb2kxf_A_original_CA_coordinates.csv,199,4,0.5,18.4391
pdb4yrn_A_original_CA_coordinates.csv,415,4,0.5,189.847
pdb5uo5_A_original_CA_coordinates.csv,415,4,0.5,17.1748
pdb4pxw_A_original_CA_coordinates.csv,292,4,0.5,23.6039
pdb6yv6_A_original_CA_coordinates.csv,200,4,0.5,1.34741
pdb5ia5_A_original_CA_coordinates.csv,273,4,0.5,10.4437
pdb7kuh_X_original_CA_coordinates.csv,283,4,0.5,2.62943
pdb2cr4_A_original_CA_coordinates.csv,126,4,0.5,0.746816
pdb3eiz_A_original_CA_coordinates.csv,182,4,0.5,4.04972
pdb4du6_A_original_CA_coordinates.csv,219,4,0.5,45.7351
pdb2w4w_C_original_CA_coordinates.csv,772,4,0.5,27.9802
pdb6q4s_A_original_CA_coordinates.csv,308,4,0.5,24.2625
pdb7v1g_A_original_CA_coordinates.csv,259,4,0.5,2.58656
pdb7c5f_O_original_CA_coordinates.csv,335,4,0.5,3.78942
pdb5xmc_A_original_CA_coordinates.csv,409,4,0.5,1.75336
pdb5sex_A_original_CA_coordinates.csv,312,4,0.5,28.7293
pdb4kyw_A_original_CA_coordinates.csv,254,4,0.5,49.9518
pdb7eze_A_original_CA_coordinates.csv,170,4,0.5,0.48938
pdb3dkr_A_original_CA_coordinates.csv,241,4,0.5,0.0528274
pdb7rm8_A_original_CA_coordinates.csv,110,4,0.5,34.2983
pdb3fi2_A_original_CA_coordinates.csv,326,4,0.5,199.713
pdb6yqg_A_original_CA_coordinates.csv,162,4,0.5,3.57589
pdb6km1_A_original_CA_coordinates.csv,257,4,0.5,383.397
pdb4iw7_A_original_CA_coordinates.csv,334,4,0.5,5.25068
pdb6l08_A_original_CA_coordinates.csv,285,4,0.5,6.33918
pdb2gs3_A_original_CA_coordinates.csv,171,4,0.5,4.64351
pdb7r61_A_original_CA_coordinates.csv,266,4,0.5,148.991
pdb6qr1_A_original_CA_coordinates.csv,213,4,0.5,3.1996
pdb6ipn_A_original_CA_coordinates.csv,331,4,0.5,52.9414
pdb3e84_A_original_CA_coordinates.csv,164,4,0.5,2.71187
pdb3kpc_A_original_CA_coordinates.csv,124,4,0.5,7.52662
pdb7cww_A_original_CA_coordinates.csv,350,4,0.5,140.991
pdb2cjs_A_original_CA_coordinates.csv,163,4,0.5,103.568
pdb5mv9_A_original_CA_coordinates.csv,480,4,0.5,99.8058
pdb3gov_A_original_CA_coordinates.csv,147,4,0.5,58.0131
pdb5l99_A_original_CA_coordinates.csv,116,4,0.5,0.0637497
pdb8bjv_A_original_CA_coordinates.csv,321,4,0.5,90.1361
pdb4k6x_A_original_CA_coordinates.csv,199,4,0.5,11.8449
pdb2qe3_A_original_CA_coordinates.csv,140,4,0.5,55.7144
pdb2i0h_A_original_CA_coordinates.csv,349,4,0.5,10.1615
pdb7cdb_A_original_CA_coordinates.csv,122,4,0.5,0.258374
pdb2x1z_M_original_CA_coordinates.csv,151,4,0.5,7.69532
pdb6n35_L_original_CA_coordinates.csv,211,4,0.5,3.72734
pdb8asd_A_original_CA_coordinates.csv,1826,4,0.5,3.03792
pdb5km9_B_original_CA_coordinates.csv,112,4,0.5,2.202
pdb7ttj_B_original_CA_coordinates.csv,590,4,0.5,175.137
pdb2n4b_A_original_CA_coordinates.csv,138,4,0.5,5.27074
pdb7ghz_A_original_CA_coordinates.csv,306,4,0.5,302.899
pdb3eu9_A_original_CA_coordinates.csv,232,4,0.5,0.297462
pdb4hmu_A_original_CA_coordinates.csv,202,4,0.5,1176.44
pdb4gp7_A_original_CA_coordinates.csv,167,4,0.5,6.15738
pdb8djc_A_original_CA_coordinates.csv,331,4,0.5,1.62664
pdb1t1i_A_original_CA_coordinates.csv,357,4,0.5,61.1033
pdb6v2q_A_original_CA_coordinates.csv,276,4,0.5,194.263
pdb2poj_A_original_CA_coordinates.csv,164,4,0.5,10.443
pdb6yf3_A_original_CA_coordinates.csv,108,4,0.5,2.00404
pdb4tof_A_original_CA_coordinates.csv,157,4,0.5,7.75706
pdb4lbm_A_original_CA_coordinates.csv,139,4,0.5,8.581
pdb8ewr_A_original_CA_coordinates.csv,446,4,0.5,28.9327
pdb8btu_A_original_CA_coordinates.csv,262,4,0.5,10.4292
pdb6skk_A_original_CA_coordinates.csv,220,4,0.5,7.75916
pdb5vnr_A_original_CA_coordinates.csv,164,4,0.5,8.88045
pdb3sbj_A_original_CA_coordinates.csv,252,4,0.5,2.26558
pdb3t8d_A_original_CA_coordinates.csv,316,4,0.5,6.58947
pdb8c8w_A_original_CA_coordinates.csv,1032,4,0.5,0.89153
pdb3kgs_A_original_CA_coordinates.csv,115,4,0.5,34.7087
pdb7cpq_A_original_CA_coordinates.csv,438,4,0.5,57.3074
pdb5zwa_A_original_CA_coordinates.csv,262,4,0.5,110.869
pdb4cb7_A_original_CA_coordinates.csv,159,4,0.5,61.557
pdb7bcc_A_original_CA_coordinates.csv,352,4,0.5,7.67275
pdb6l5o_A_original_CA_coordinates.csv,372,4,0.5,68.6281
pdb5y65_B_original_CA_coordinates.csv,233,4,0.5,122.524
pdb4ece_A_original_CA_coordinates.csv,282,4,0.5,3.21445
pdb6o91_A_original_CA_coordinates.csv,374,4,0.5,14.3826
pdb1zk0_A_original_CA_coordinates.csv,251,4,0.5,0.579263
pdb3dn6_A_original_CA_coordinates.csv,164,4,0.5,0.846973
pdb3nra_A_original_CA_coordinates.csv,384,4,0.5,38.1948
pdb3znx_A_original_CA_coordinates.csv,260,4,0.5,24.5074
pdb2p8g_A_original_CA_coordinates.csv,155,4,0.5,40.8736
pdb4tvs_A_original_CA_coordinates.csv,224,4,0.5,18.5202
pdb5xlz_A_original_CA_coordinates.csv,437,4,0.5,1.74542
pdb3sqn_A_original_CA_coordinates.csv,463,4,0.5,2.13478
pdb6i41_A_original_CA_coordinates.csv,139,4,0.5,30.2378
pdb1evu_A_original_CA_coordinates.csv,707,4,0.5,13.3018
pdb8cuq_B_original_CA_coordinates.csv,360,4,0.5,17.8933
pdb5o1a_A_original_CA_coordinates.csv,196,4,0.5,1.67612
pdb6ccx_A_original_CA_coordinates.csv,198,4,0.5,13.1782
pdb7jx1_A_original_CA_coordinates.csv,263,4,0.5,8.20043
pdb2v31_A_original_CA_coordinates.csv,112,4,0.5,6.47234
pdb4ts6_A_original_CA_coordinates.csv,126,4,0.5,35.7845
pdb7xb7_B_original_CA_coordinates.csv,246,4,0.5,3.81263
pdb7dpj_A_original_CA_coordinates.csv,166,4,0.5,3.10004
pdb5qhu_A_original_CA_coordinates.csv,182,4,0.5,49.5028
pdb3l4o_A_original_CA_coordinates.csv,353,4,0.5,9.37686
pdb3bk0_A_original_CA_coordinates.csv,257,4,0.5,3.80163
pdb8cfh_A_original_CA_coordinates.csv,462,4,0.5,51.6731
pdb1usc_A_original_CA_coordinates.csv,178,4,0.5,98.9937
pdb5e4n_A_original_CA_coordinates.csv,459,4,0.5,8.50202
pdb5zo5_A_original_CA_coordinates.csv,205,4,0.5,15.3533
pdb4mfk_A_original_CA_coordinates.csv,323,4,0.5,7.98372
pdb8dcu_A_original_CA_coordinates.csv,129,4,0.5,3.37496
pdb6b9i_A_original_CA_coordinates.csv,283,4,0.5,183.009
pdb2ww4_A_original_CA_coordinates.csv,283,4,0.5,12.8999
pdb7k5d_A_original_CA_coordinates.csv,123,4,0.5,5.63626
pdb3rv9_A_original_CA_coordinates.csv,420,4,0.5,15.2564
pdb3g7q_A_original_CA_coordinates.csv,373,4,0.5,11.5348
pdb4ram_A_original_CA_coordinates.csv,239,4,0.5,5.50354
pdb5rfe_A_original_CA_coordinates.csv,304,4,0.5,28.9585
pdb4tqe_L_original_CA_coordinates.csv,218,4,0.5,14.2201
pdb5o6r_A_original_CA_coordinates.csv,218,4,0.5,1.65686
pdb2g4k_A_original_CA_coordinates.csv,339,4,0.5,0.64825
pdb1uto_A_original_CA_coordinates.csv,220,4,0.5,10.5689
pdb5icw_A_original_CA_coordinates.csv,180,4,0.5,42.2682
pdb4boe_A_original_CA_coordinates.csv,154,4,0.5,5.21056
pdb4r14_A_original_CA_coordinates.csv,153,4,0.5,10.5007
pdb3c5i_A_original_CA_coordinates.csv,343,4,0.5,0.49101
pdb6t9s_A_original_CA_coordinates.csv,526,4,0.5,145.778
pdb5vi6_A_original_CA_coordinates.csv,353,4,0.5,0.273153
pdb7ck0_A_original_CA_coordinates.csv,386,4,0.5,3.20188
pdb8t1t_A_original_CA_coordinates.csv,262,4,0.5,159.52
pdb4ls5_A_original_CA_coordinates.csv,413,4,0.5,15.5326
pdb5pt8_A_original_CA_coordinates.csv,121,4,0.5,1.08042
pdb3vvy_A_original_CA_coordinates.csv,184,4,0.5,70.2899
pdb3ciw_A_original_CA_coordinates.csv,344,4,0.5,294.374
pdb2y1s_A_original_CA_coordinates.csv,108,4,0.5,19.1016
pdb4fu7_A_original_CA_coordinates.csv,246,4,0.5,36.4221
pdb2hrb_A_original_CA_coordinates.csv,273,4,0.5,57.8822
pdb8b9n_A_original_CA_coordinates.csv,239,4,0.5,0.700287
pdb5g4l_A_original_CA_coordinates.csv,265,4,0.5,31.3033
pdb6ehq_S_original_CA_coordinates.csv,267,4,0.5,239.598
pdb6g34_A_original_CA_coordinates.csv,327,4,0.5,28.1269
pdb7mlr_A_original_CA_coordinates.csv,126,4,0.5,6.23137
pdb3zrh_A_original_CA_coordinates.csv,428,4,0.5,392.469
pdb6nev_A_original_CA_coordinates.csv,431,4,0.5,112.627
pdb3bvx_A_original_CA_coordinates.csv,1016,4,0.5,0.252261
pdb2b67_A_original_CA_coordinates.csv,198,4,0.5,14.143
pdb2fhq_A_original_CA_coordinates.csv,131,4,0.5,68.5885
pdb2hr9_A_original_CA_coordinates.csv,174,4,0.5,6.93916
pdb6fzo_A_original_CA_coordinates.csv,133,4,0.5,152.229
pdb6pzj_A_original_CA_coordinates.csv,264,4,0.5,12.5943
pdb6dn0_A_original_CA_coordinates.csv,119,4,0.5,19.5245
pdb6jrc_A_original_CA_coordinates.csv,268,4,0.5,34.9961
pdb7l1i_A_original_CA_coordinates.csv,169,4,0.5,42.5083
pdb5mno_A_original_CA_coordinates.csv,220,4,0.5,10.2784
pdb3mu0_A_original_CA_coordinates.csv,229,4,0.5,232.227
pdb4g75_A_original_CA_coordinates.csv,286,4,0.5,7.63328
pdb4j8p_A_original_CA_coordinates.csv,155,4,0.5,7.69532
pdb3bp5_A_original_CA_coordinates.csv,114,4,0.5,3.1985
pdb6joe_A_original_CA_coordinates.csv,242,4,0.5,1.74604
pdb3vd8_A_original_CA_coordinates.csv,467,4,0.5,98.2374
pdb3hu9_A_original_CA_coordinates.csv,162,4,0.5,16.9607
pdb7kwu_A_original_CA_coordinates.csv,556,4,0.5,19.3509
pdb5psg_A_original_CA_coordinates.csv,121,4,0.5,7.07395
pdb4w8k_A_original_CA_coordinates.csv,289,4,0.5,10.5845
pdb7yq6_E_original_CA_coordinates.csv,799,4,0.5,3.22562
pdb6emr_A_original_CA_coordinates.csv,206,4,0.5,25.5798
pdb3tfu_A_original_CA_coordinates.csv,417,4,0.5,24.3349
pdb5rx3_A_original_CA_coordinates.csv,460,4,0.5,38.0355
pdb8bk5_A_original_CA_coordinates.csv,134,4,0.5,1.31637
pdb5sqy_A_original_CA_coordinates.csv,167,4,0.5,0.988014
pdb3bwk_A_original_CA_coordinates.csv,242,4,0.5,20.3705
pdb4nl4_H_original_CA_coordinates.csv,698,4,0.5,99.6038
pdb5ah2_A_original_CA_coordinates.csv,380,4,0.5,4.0487
pdb1kw3_B_original_CA_coordinates.csv,288,4,0.5,70.5485
pdb8ke1_A_original_CA_coordinates.csv,260,4,0.5,0.0650085
pdb2q7j_A_original_CA_coordinates.csv,247,4,0.5,10.5254
pdb4noh_A_original_CA_coordinates.csv,159,4,0.5,2.37187
pdb6m4l_A_original_CA_coordinates.csv,496,4,0.5,2.5165
pdb3dj9_A_original_CA_coordinates.csv,107,4,0.5,4.98896
pdb7wfw_A_original_CA_coordinates.csv,998,4,0.5,2.84315
pdb4n1i_A_original_CA_coordinates.csv,312,4,0.5,269.109
pdb4afj_A_original_CA_coordinates.csv,343,4,0.5,10.9921
pdb4j2v_A_original_CA_coordinates.csv,581,4,0.5,98.4819
pdb7b7a_A_original_CA_coordinates.csv,391,4,0.5,1.99633
pdb3u6d_A_original_CA_coordinates.csv,252,4,0.5,5.51699
pdb4gy7_A_original_CA_coordinates.csv,827,4,0.5,8.51247
pdb5y6b_A_original_CA_coordinates.csv,145,4,0.5,19.9987
pdb4ax2_A_original_CA_coordinates.csv,124,4,0.5,9.26353
pdb2dgz_A_original_CA_coordinates.csv,113,4,0.5,1.28398
pdb7miy_A_original_CA_coordinates.csv,1326,4,0.5,773.999
pdb3jz0_A_original_CA_coordinates.csv,266,4,0.5,273.522
pdb5qh4_A_original_CA_coordinates.csv,184,4,0.5,2.10498
pdb6mp8_A_original_CA_coordinates.csv,308,4,0.5,105.161
pdb6ssc_A_original_CA_coordinates.csv,149,4,0.5,0.472268
pdb7bd5_A_original_CA_coordinates.csv,338,4,0.5,182.277
pdb2ibp_A_original_CA_coordinates.csv,407,4,0.5,42.1104
pdb6hxa_A_original_CA_coordinates.csv,375,4,0.5,54.7775
pdb2ogf_A_original_CA_coordinates.csv,118,4,0.5,4.55129
pdb2xkf_A_original_CA_coordinates.csv,250,4,0.5,9.01062
pdb4gw6_A_original_CA_coordinates.csv,144,4,0.5,5.09293
pdb3mux_A_original_CA_coordinates.csv,247,4,0.5,21.9087
pdb6vb8_A_original_CA_coordinates.csv,233,4,0.5,7.29923
pdb7u0u_A_original_CA_coordinates.csv,195,4,0.5,0.38296
pdb5z5n_A_original_CA_coordinates.csv,231,4,0.5,17.078
pdb6w8a_A_original_CA_coordinates.csv,276,4,0.5,7.96441
pdb3w1w_A_original_CA_coordinates.csv,359,4,0.5,590.675
pdb5vg0_A_original_CA_coordinates.csv,142,4,0.5,4.47583
pdb8gbw_H_original_CA_coordinates.csv,214,4,0.5,35.2147
pdb7tkv_A_original_CA_coordinates.csv,631,4,0.5,0.493502
pdb4bve_A_original_CA_coordinates.csv,274,4,0.5,23.7253
pdb4nga_H_original_CA_coordinates.csv,231,4,0.5,332.536
pdb4xez_A_original_CA_coordinates.csv,186,4,0.5,25.0169
pdb6coi_A_original_CA_coordinates.csv,260,4,0.5,1.0786
pdb6zij_A_original_CA_coordinates.csv,277,4,0.5,169.422
pdb7cj5_A_original_CA_coordinates.csv,292,4,0.5,31.2827
pdb5jkf_A_original_CA_coordinates.csv,369,4,0.5,104.611
pdb6h1s_A_original_CA_coordinates.csv,453,4,0.5,34.811
pdb3m5u_A_original_CA_coordinates.csv,346,4,0.5,3.32903
pdb7kl1_A_original_CA_coordinates.csv,268,4,0.5,7.40502
pdb4bw3_A_original_CA_coordinates.csv,127,4,0.5,2.5096
pdb5vyr_A_original_CA_coordinates.csv,244,4,0.5,3.99509
pdb3prc_C_original_CA_coordinates.csv,332,4,0.5,96.2843
pdb6bd9_A_original_CA_coordinates.csv,542,4,0.5,0.949478
pdb5e7z_A_original_CA_coordinates.csv,459,4,0.5,96.4869
pdb2own_A_original_CA_coordinates.csv,252,4,0.5,363.265
pdb4yec_A_original_CA_coordinates.csv,126,4,0.5,138.786
pdb5fzf_A_original_CA_coordinates.csv,457,4,0.5,27.3409
pdb6lxc_A_original_CA_coordinates.csv,257,4,0.5,288.825
pdb7apn_A_original_CA_coordinates.csv,269,4,0.5,14.2112
pdb8gc8_A_original_CA_coordinates.csv,253,4,0.5,8.85222
pdb4mxr_A_original_CA_coordinates.csv,297,4,0.5,0.911548
pdb4zj2_A_original_CA_coordinates.csv,264,4,0.5,0.314046
pdb2oy0_A_original_CA_coordinates.csv,262,4,0.5,1.38025
pdb3ieo_A_original_CA_coordinates.csv,256,4,0.5,0.734667
pdb5akv_A_original_CA_coordinates.csv,116,4,0.5,1.17912
pdb6fbf_A_original_CA_coordinates.csv,538,4,0.5,236.992
pdb8aqf_A_original_CA_coordinates.csv,289,4,0.5,32.94
pdb6uqs_A_original_CA_coordinates.csv,363,4,0.5,36.4518
pdb6c7w_A_original_CA_coordinates.csv,259,4,0.5,14.02
pdb5acl_A_original_CA_coordinates.csv,109,4,0.5,99.3753
pdb6nw7_A_original_CA_coordinates.csv,216,4,0.5,16.4816
pdb5prk_A_original_CA_coordinates.csv,121,4,0.5,0.583473
pdb6guh_A_original_CA_coordinates.csv,284,4,0.5,17.4948
pdb4mtd_A_original_CA_coordinates.csv,149,4,0.5,1.34919
pdb5rtj_A_original_CA_coordinates.csv,167,4,0.5,29.5469
pdb8by5_A_original_CA_coordinates.csv,198,4,0.5,32.24
pdb6gbf_A_original_CA_coordinates.csv,417,4,0.5,238.152
pdb6a06_A_original_CA_coordinates.csv,188,4,0.5,4.92278
pdb5v88_A_original_CA_coordinates.csv,363,4,0.5,1387.58
pdb4bke_A_original_CA_coordinates.csv,582,4,0.5,5.49331
pdb7ein_A_original_CA_coordinates.csv,300,4,0.5,1.94469
pdb4e4a_A_original_CA_coordinates.csv,257,4,0.5,366.197
pdb7pth_A_original_CA_coordinates.csv,517,4,0.5,279.99
pdb7ajo_A_original_CA_coordinates.csv,481,4,0.5,182.015
pdb6t0g_A_original_CA_coordinates.csv,426,4,0.5,195.359
pdb6ovk_R_original_CA_coordinates.csv,213,4,0.5,1.84019
pdb5fra_A_original_CA_coordinates.csv,197,4,0.5,2.90216
pdb6g1w_A_original_CA_coordinates.csv,530,4,0.5,497.645
pdb6fpq_A_original_CA_coordinates.csv,174,4,0.5,0.494021
pdb8b8x_A_original_CA_coordinates.csv,268,4,0.5,6.92163
pdb5mhc_A_original_CA_coordinates.csv,235,4,0.5,2.56049
pdb1l9y_A_original_CA_coordinates.csv,263,4,0.5,32.3352
pdb4anv_A_original_CA_coordinates.csv,848,4,0.5,7.53875
pdb6w30_A_original_CA_coordinates.csv,287,4,0.5,192.971
pdb6dvi_A_original_CA_coordinates.csv,394,4,0.5,5.11293
pdb5qzu_A_original_CA_coordinates.csv,237,4,0.5,0.0796993
pdb7ktf_A_original_CA_coordinates.csv,327,4,0.5,15.1158
pdb7oyp_A_original_CA_coordinates.csv,258,4,0.5,47.4573
pdb5kns_A_original_CA_coordinates.csv,170,4,0.5,37.0295
pdb3o9z_A_original_CA_coordinates.csv,310,4,0.5,96.9176
pdb2amm_X_original_CA_coordinates.csv,180,4,0.5,1.57995
pdb5oov_A_original_CA_coordinates.csv,157,4,0.5,0.732602
pdb1w8h_A_original_CA_coordinates.csv,114,4,0.5,122.836
pdb4k73_A_original_CA_coordinates.csv,221,4,0.5,9.27558
pdb7mqx_A_original_CA_coordinates.csv,357,4,0.5,88.6808
pdb1yxm_A_original_CA_coordinates.csv,297,4,0.5,19.6268
pdb6hsr_A_original_CA_coordinates.csv,148,4,0.5,4.84807
pdb4o5o_A_original_CA_coordinates.csv,257,4,0.5,18.9167
pdb6rrp_A_original_CA_coordinates.csv,459,4,0.5,137.721
pdb7oct_A_original_CA_coordinates.csv,686,4,0.5,0.0483036
pdb4mnr_A_original_CA_coordinates.csv,407,4,0.5,1.75483
pdb3c6c_A_original_CA_coordinates.csv,285,4,0.5,10.5426
pdb4pq7_A_original_CA_coordinates.csv,260,4,0.5,23.5265
pdb8a7c_A_original_CA_coordinates.csv,345,4,0.5,650.422
pdb5tui_A_original_CA_coordinates.csv,388,4,0.5,162.514
pdb6hyw_A_original_CA_coordinates.csv,311,4,0.5,190.607
pdb3rqo_A_original_CA_coordinates.csv,404,4,0.5,48.9909
pdb4kti_A_original_CA_coordinates.csv,344,4,0.5,1.93164
pdb7fxo_A_original_CA_coordinates.csv,130,4,0.5,3.71799
pdb5iko_A_original_CA_coordinates.csv,807,4,0.5,0.878656
pdb2x7k_A_original_CA_coordinates.csv,164,4,0.5,46.8153
pdb5ht4_A_original_CA_coordinates.csv,186,4,0.5,60.2384
pdb7ull_A_original_CA_coordinates.csv,217,4,0.5,48.7802
pdb5uob_A_original_CA_coordinates.csv,404,4,0.5,203.099
pdb5hm7_A_original_CA_coordinates.csv,207,4,0.5,5.73594
pdb5o4t_A_original_CA_coordinates.csv,113,4,0.5,18.0245
pdb7z2j_A_original_CA_coordinates.csv,225,4,0.5,31.7355
pdb7vdo_D_original_CA_coordinates.csv,251,4,0.5,18.1697
pdb5c4t_A_original_CA_coordinates.csv,241,4,0.5,9.56279
pdb5pp5_A_original_CA_coordinates.csv,121,4,0.5,0.048573
pdb7e5u_A_original_CA_coordinates.csv,373,4,0.5,0.943654
pdb5pa4_A_original_CA_coordinates.csv,213,4,0.5,7.62942
pdb2kl2_A_original_CA_coordinates.csv,149,4,0.5,20.3344
pdb7scd_A_original_CA_coordinates.csv,371,4,0.5,16.0057
pdb5cmm_A_original_CA_coordinates.csv,257,4,0.5,22.6064
pdb5sqo_A_original_CA_coordinates.csv,167,4,0.5,92.1064
pdb4ybm_A_original_CA_coordinates.csv,177,4,0.5,12.6043
pdb6iwg_A_original_CA_coordinates.csv,276,4,0.5,6.97715
pdb8bxz_A_original_CA_coordinates.csv,230,4,0.5,26.8176
pdb7nru_A_original_CA_coordinates.csv,239,4,0.5,18.3477
pdb7ust_B_original_CA_coordinates.csv,125,4,0.5,1.63927
pdb5ky3_A_original_CA_coordinates.csv,353,4,0.5,10.8696
pdb6sq0_A_original_CA_coordinates.csv,229,4,0.5,22.1554
pdb6byg_A_original_CA_coordinates.csv,856,4,0.5,1.28123
pdb3q80_A_original_CA_coordinates.csv,218,4,0.5,0.884146
pdb2mze_A_original_CA_coordinates.csv,250,4,0.5,5.06745
pdb6nbl_A_original_CA_coordinates.csv,405,4,0.5,61.6671
pdb2xid_A_original_CA_coordinates.csv,416,4,0.5,93.8008
pdb2uui_A_original_CA_coordinates.csv,155,4,0.5,8.13164
pdb4rvo_A_original_CA_coordinates.csv,419,4,0.5,9.35903
pdb6lo9_A_original_CA_coordinates.csv,259,4,0.5,2.77931
pdb5f4n_A_original_CA_coordinates.csv,258,4,0.5,19.8413
pdb2cqm_A_original_CA_coordinates.csv,122,4,0.5,0.292549
pdb5jo7_A_original_CA_coordinates.csv,510,4,0.5,26.1899
pdb4gxb_A_original_CA_coordinates.csv,263,4,0.5,3.87212
pdb7niv_D_original_CA_coordinates.csv,208,4,0.5,3.69915
pdb4l1s_A_original_CA_coordinates.csv,116,4,0.5,19.6029
pdb7ka0_A_original_CA_coordinates.csv,339,4,0.5,111.339
pdb7go8_A_original_CA_coordinates.csv,182,4,0.5,4.51403
pdb8g22_A_original_CA_coordinates.csv,286,4,0.5,92.1675
pdb5mmv_A_original_CA_coordinates.csv,166,4,0.5,137.606
pdb3x3z_A_original_CA_coordinates.csv,619,4,0.5,4.17921
pdb8p88_A_original_CA_coordinates.csv,212,4,0.5,2.47574
pdb7vvg_A_original_CA_coordinates.csv,166,4,0.5,0.86615
pdb7em2_A_original_CA_coordinates.csv,313,4,0.5,9.85452
pdb4b5n_A_original_CA_coordinates.csv,354,4,0.5,62.3973
pdb5due_A_original_CA_coordinates.csv,235,4,0.5,7.48198
pdb2x66_A_original_CA_coordinates.csv,343,4,0.5,65.9897
pdb4xqa_A_original_CA_coordinates.csv,184,4,0.5,11.3861
pdb7kb6_A_original_CA_coordinates.csv,850,4,0.5,4.64958
pdb5ao9_A_original_CA_coordinates.csv,280,4,0.5,5.40877
pdb5qit_A_original_CA_coordinates.csv,225,4,0.5,5.21586
pdb5fwj_A_original_CA_coordinates.csv,435,4,0.5,7.7464
pdb6tet_A_original_CA_coordinates.csv,392,4,0.5,12.3499
pdb5ji6_A_original_CA_coordinates.csv,368,4,0.5,488.778
pdb4rtl_A_original_CA_coordinates.csv,254,4,0.5,4.38217
pdb2iqj_A_original_CA_coordinates.csv,118,4,0.5,0.42785
pdb6sz0_A_original_CA_coordinates.csv,397,4,0.5,8.28153
pdb6a0e_A_original_CA_coordinates.csv,305,4,0.5,49.0753
pdb4ooe_A_original_CA_coordinates.csv,376,4,0.5,113.904
pdb5pg0_A_original_CA_coordinates.csv,115,4,0.5,5.42741
pdb6lgd_A_original_CA_coordinates.csv,570,4,0.5,1.38216
pdb4bds_A_original_CA_coordinates.csv,524,4,0.5,25.7431
pdb7zsp_A_original_CA_coordinates.csv,281,4,0.5,34.3921
pdb3ohs_X_original_CA_coordinates.csv,331,4,0.5,0.514164
pdb8c14_A_original_CA_coordinates.csv,263,4,0.5,338.456
pdb2y9q_A_original_CA_coordinates.csv,350,4,0.5,96.965
pdb2oo0_A_original_CA_coordinates.csv,419,4,0.5,2.89116
pdb5fz0_A_original_CA_coordinates.csv,453,4,0.5,11.2178
pdb5q8i_A_original_CA_coordinates.csv,341,4,0.5,86.9742
pdb7m0b_A_original_CA_coordinates.csv,331,4,0.5,5.7106
pdb6z5n_A_original_CA_coordinates.csv,110,4,0.5,0.985183
pdb4kfn_A_original_CA_coordinates.csv,473,4,0.5,180.586
pdb4hlz_A_original_CA_coordinates.csv,317,4,0.5,108.365
pdb5jd9_A_original_CA_coordinates.csv,358,4,0.5,220.166
pdb1h2g_A_original_CA_coordinates.csv,205,4,0.5,159.632
pdb5nbx_A_original_CA_coordinates.csv,109,4,0.5,16.8673
pdb5ryv_A_original_CA_coordinates.csv,284,4,0.5,2.58503
pdb8bin_A_original_CA_coordinates.csv,264,4,0.5,4.63346
pdb2lok_A_original_CA_coordinates.csv,191,4,0.5,38.7322
pdb3tgb_A_original_CA_coordinates.csv,184,4,0.5,3.78237
pdb7c5o_O_original_CA_coordinates.csv,338,4,0.5,134.576
pdb2atf_A_original_CA_coordinates.csv,183,4,0.5,0.439207
pdb6r3o_A_original_CA_coordinates.csv,500,4,0.5,59.3705
pdb4yym_A_original_CA_coordinates.csv,132,4,0.5,12.6057
pdb4a8n_A_original_CA_coordinates.csv,386,4,0.5,68.0404
pdb6csw_A_original_CA_coordinates.csv,316,4,0.5,55.1695
pdb7twc_A_original_CA_coordinates.csv,409,4,0.5,0.458594
pdb3fco_A_original_CA_coordinates.csv,267,4,0.5,13.6177
pdb5pgf_A_original_CA_coordinates.csv,115,4,0.5,30.1432
pdb6mob_A_original_CA_coordinates.csv,306,4,0.5,3.3211
pdb8oe5_A_original_CA_coordinates.csv,261,4,0.5,1.28232
pdb7dp3_A_original_CA_coordinates.csv,278,4,0.5,166.036
pdb6yxi_A_original_CA_coordinates.csv,351,4,0.5,7.20644
pdb2c2h_A_original_CA_coordinates.csv,168,4,0.5,66.482
pdb2g9i_A_original_CA_coordinates.csv,229,4,0.5,121.744
pdb5st9_A_original_CA_coordinates.csv,237,4,0.5,9.68036
pdb5js5_A_original_CA_coordinates.csv,124,4,0.5,0.172869
pdb8cnf_A_original_CA_coordinates.csv,316,4,0.5,22.7153
pdb4fmm_A_original_CA_coordinates.csv,324,4,0.5,0.524299
pdb4h82_A_original_CA_coordinates.csv,160,4,0.5,10.3769
pdb3u6e_A_original_CA_coordinates.csv,252,4,0.5,20.2688
pdb6szx_A_original_CA_coordinates.csv,161,4,0.5,12.1759
pdb4zu6_X_original_CA_coordinates.csv,309,4,0.5,14.5112
pdb4awi_A_original_CA_coordinates.csv,352,4,0.5,3.83098
pdb6qyi_A_original_CA_coordinates.csv,518,4,0.5,159.794
pdb8xxb_A_original_CA_coordinates.csv,222,4,0.5,5.09873
pdb4hwm_A_original_CA_coordinates.csv,113,4,0.5,5.75285
pdb4i97_A_original_CA_coordinates.csv,207,4,0.5,46.7335
pdb6zwh_A_original_CA_coordinates.csv,351,4,0.5,0.990774
pdb4jcz_A_original_CA_coordinates.csv,147,4,0.5,50.2243
pdb2p01_A_original_CA_coordinates.csv,323,4,0.5,6.9904
pdb4ld1_A_original_CA_coordinates.csv,157,4,0.5,49.3434
pdb5apg_A_original_CA_coordinates.csv,180,4,0.5,58.5093
pdb8b0r_A_original_CA_coordinates.csv,496,4,0.5,13.9551
pdb2pyq_A_original_CA_coordinates.csv,108,4,0.5,28.0094
pdb7jid_A_original_CA_coordinates.csv,287,4,0.5,67.0389
pdb5eg4_A_original_CA_coordinates.csv,220,4,0.5,55.9616
pdb4qa4_A_original_CA_coordinates.csv,366,4,0.5,53.4401
pdb3lxl_A_original_CA_coordinates.csv,281,4,0.5,101.038
pdb8fp0_A_original_CA_coordinates.csv,274,4,0.5,12.049
pdb8dhf_A_original_CA_coordinates.csv,355,4,0.5,0.344925
pdb7yko_A_original_CA_coordinates.csv,259,4,0.5,482.778
pdb5aqe_A_original_CA_coordinates.csv,269,4,0.5,40.3779
pdb5plh_A_original_CA_coordinates.csv,331,4,0.5,142.631
pdb5m5u_A_original_CA_coordinates.csv,360,4,0.5,3.63253
pdb6h8b_B_original_CA_coordinates.csv,268,4,0.5,7.89064
pdb6zs4_A_original_CA_coordinates.csv,110,4,0.5,5.79714
pdb5r8k_A_original_CA_coordinates.csv,152,4,0.5,18.2516
pdb6ckc_A_original_CA_coordinates.csv,625,4,0.5,0.217761
pdb5sez_A_original_CA_coordinates.csv,312,4,0.5,5.8252
pdb4fk4_A_original_CA_coordinates.csv,901,4,0.5,1.21453
pdb5zyl_A_original_CA_coordinates.csv,235,4,0.5,2.99678
pdb4l9n_A_original_CA_coordinates.csv,137,4,0.5,10.4975
pdb6y1k_H_original_CA_coordinates.csv,216,4,0.5,74.86
pdb5b5z_A_original_CA_coordinates.csv,240,4,0.5,10.9787
pdb4mpn_A_original_CA_coordinates.csv,363,4,0.5,109.949
pdb3at8_A_original_CA_coordinates.csv,196,4,0.5,348.743
pdb4jgk_A_original_CA_coordinates.csv,164,4,0.5,39.0659
pdb8ei7_A_original_CA_coordinates.csv,375,4,0.5,7.33738
pdb6ev9_A_original_CA_coordinates.csv,496,4,0.5,57.1405
pdb6hur_A_original_CA_coordinates.csv,428,4,0.5,177.178
pdb6nmn_A_original_CA_coordinates.csv,253,4,0.5,18.3346
pdb5k9m_A_original_CA_coordinates.csv,353,4,0.5,24.3326
pdb5g0t_A_original_CA_coordinates.csv,260,4,0.5,2.87519
pdb5n3f_A_original_CA_coordinates.csv,318,4,0.5,4.13715
pdb2kck_A_original_CA_coordinates.csv,112,4,0.5,3.73297
pdb4dlr_A_original_CA_coordinates.csv,166,4,0.5,18.3982
pdb4y0x_A_original_CA_coordinates.csv,322,4,0.5,3.48526
pdb6hbz_A_original_CA_coordinates.csv,269,4,0.5,64.3058
pdb3r09_A_original_CA_coordinates.csv,194,4,0.5,47.9574
pdb5t3y_A_original_CA_coordinates.csv,125,4,0.5,144.743
pdb8ej0_A_original_CA_coordinates.csv,567,4,0.5,426.966
pdb8cis_A_original_CA_coordinates.csv,312,4,0.5,1.19283
pdb3mau_A_original_CA_coordinates.csv,452,4,0.5,15.3224
pdb3nft_A_original_CA_coordinates.csv,262,4,0.5,236.29
pdb5f0v_A_original_CA_coordinates.csv,394,4,0.5,158.881
pdb2qlt_A_original_CA_coordinates.csv,251,4,0.5,26.2935
pdb4di9_A_original_CA_coordinates.csv,293,4,0.5,3.49039
pdb3bwr_A_original_CA_coordinates.csv,267,4,0.5,24.9579
pdb4ry8_A_original_CA_coordinates.csv,315,4,0.5,0.497548
pdb4cdp_A_original_CA_coordinates.csv,333,4,0.5,9.38143
pdb4ly1_A_original_CA_coordinates.csv,368,4,0.5,19.1071
pdb3prs_A_original_CA_coordinates.csv,330,4,0.5,1.7856
pdb7foh_A_original_CA_coordinates.csv,237,4,0.5,10.2456
pdb5r7y_A_original_CA_coordinates.csv,304,4,0.5,3.70885
pdb4q9p_A_original_CA_coordinates.csv,131,4,0.5,14.8357
pdb6dvl_A_original_CA_coordinates.csv,356,4,0.5,13.1255
pdb6rli_A_original_CA_coordinates.csv,250,4,0.5,21.1695
pdb5ug8_A_original_CA_coordinates.csv,280,4,0.5,308.493
pdb7r5f_A_original_CA_coordinates.csv,149,4,0.5,23.4989
pdb5dkb_A_original_CA_coordinates.csv,230,4,0.5,26.3949
pdb5pff_A_original_CA_coordinates.csv,115,4,0.5,24.879
pdb3gmn_A_original_CA_coordinates.csv,268,4,0.5,9.63865
pdb5erq_A_original_CA_coordinates.csv,417,4,0.5,12.3843
pdb5sj6_A_original_CA_coordinates.csv,314,4,0.5,5.7253
pdb4hzf_A_original_CA_coordinates.csv,200,4,0.5,12.4345
pdb5hyh_A_original_CA_coordinates.csv,287,4,0.5,34.976
pdb8doy_A_original_CA_coordinates.csv,302,4,0.5,80.8993
pdb4ljy_A_original_CA_coordinates.csv,438,4,0.5,14.0025
pdb4qrz_A_original_CA_coordinates.csv,383,4,0.5,17.7952
pdb6zir_A_original_CA_coordinates.csv,163,4,0.5,1.39881
pdb7n8t_A_original_CA_coordinates.csv,355,4,0.5,242.409
pdb7so8_A_original_CA_coordinates.csv,219,4,0.5,2.82172
pdb2ll7_A_original_CA_coordinates.csv,148,4,0.5,0.0104304
pdb2o1v_A_original_CA_coordinates.csv,578,4,0.5,0.311782
pdb5d87_A_original_CA_coordinates.csv,316,4,0.5,199.678
pdb4dj9_A_original_CA_coordinates.csv,243,4,0.5,192.785
pdb2q1e_A_original_CA_coordinates.csv,109,4,0.5,36.7172
pdb8b7i_A_original_CA_coordinates.csv,213,4,0.5,3.42284
pdb6p5o_A_original_CA_coordinates.csv,619,4,0.5,241.224
pdb6jit_A_original_CA_coordinates.csv,284,4,0.5,5.98217
pdb2gzq_A_original_CA_coordinates.csv,186,4,0.5,15.7226
pdb8qeu_A_original_CA_coordinates.csv,304,4,0.5,157.458
pdb2qh1_A_original_CA_coordinates.csv,179,4,0.5,4.69461
pdb5w89_A_original_CA_coordinates.csv,141,4,0.5,1.48116
pdb4equ_A_original_CA_coordinates.csv,274,4,0.5,121.415
pdb7xzf_A_original_CA_coordinates.csv,443,4,0.5,25.0043
pdb7obk_A_original_CA_coordinates.csv,234,4,0.5,5.42051
pdb2ftq_A_original_CA_coordinates.csv,263,4,0.5,5.09297
pdb2xme_A_original_CA_coordinates.csv,201,4,0.5,0.0567823
pdb6mbh_A_original_CA_coordinates.csv,286,4,0.5,19.4096
pdb4fek_A_original_CA_coordinates.csv,249,4,0.5,10.7357
pdb2kff_A_original_CA_coordinates.csv,105,4,0.5,2.77335
pdb6w3o_A_original_CA_coordinates.csv,244,4,0.5,12.5079
pdb4xmt_A_original_CA_coordinates.csv,867,4,0.5,19.9741
pdb4obq_A_original_CA_coordinates.csv,275,4,0.5,17.93
pdb5ptq_A_original_CA_coordinates.csv,121,4,0.5,0.412696
pdb8st8_A_original_CA_coordinates.csv,195,4,0.5,297.464
pdb5shp_A_original_CA_coordinates.csv,312,4,0.5,154.247
pdb3iwk_A_original_CA_coordinates.csv,496,4,0.5,225.461
pdb3vwv_A_original_CA_coordinates.csv,182,4,0.5,121.611
pdb7l9s_A_original_CA_coordinates.csv,226,4,0.5,20.8011
pdb4yxo_A_original_CA_coordinates.csv,257,4,0.5,13.6661
pdb3hr5_L_original_CA_coordinates.csv,219,4,0.5,7.39583
pdb3lq3_A_original_CA_coordinates.csv,339,4,0.5,416.506
pdb7dob_A_original_CA_coordinates.csv,277,4,0.5,4.30269
pdb5kre_A_original_CA_coordinates.csv,224,4,0.5,40.1142
pdb7b4r_A_original_CA_coordinates.csv,217,4,0.5,8.92459
pdb6ckz_A_original_CA_coordinates.csv,146,4,0.5,0.390916
pdb2jly_A_original_CA_coordinates.csv,451,4,0.5,5.68052
pdb6fqv_A_original_CA_coordinates.csv,482,4,0.5,222.517
pdb3fm9_A_original_CA_coordinates.csv,220,4,0.5,0.888341
pdb4kep_A_original_CA_coordinates.csv,273,4,0.5,11.8895
pdb4k3b_A_original_CA_coordinates.csv,771,4,0.5,11.9171
pdb7ree_A_original_CA_coordinates.csv,290,4,0.5,87.1924
pdb2wqs_A_original_CA_coordinates.csv,333,4,0.5,9.22043
pdb2yqg_A_original_CA_coordinates.csv,123,4,0.5,18.3344
pdb6cik_A_original_CA_coordinates.csv,607,4,0.5,73.2245
pdb7auj_A_original_CA_coordinates.csv,158,4,0.5,25.2346
pdb1v5j_A_original_CA_coordinates.csv,108,4,0.5,11.0451
pdb3iis_M_original_CA_coordinates.csv,151,4,0.5,15.7846
pdb4ibt_A_original_CA_coordinates.csv,196,4,0.5,31.3693
pdb5bod_A_original_CA_coordinates.csv,192,4,0.5,22.0316
pdb4kcv_B_original_CA_coordinates.csv,498,4,0.5,6.96783
pdb1t17_A_original_CA_coordinates.csv,148,4,0.5,0.426294
pdb8fiu_A_original_CA_coordinates.csv,219,4,0.5,2.87727
pdb5sly_D_original_CA_coordinates.csv,457,4,0.5,98.3399
pdb4kf9_A_original_CA_coordinates.csv,318,4,0.5,55.6999
pdb2h2m_A_original_CA_coordinates.csv,108,4,0.5,21.8522
pdb7l6t_A_original_CA_coordinates.csv,299,4,0.5,3.33152
pdb4g5h_A_original_CA_coordinates.csv,346,4,0.5,43.004
pdb6r1m_A_original_CA_coordinates.csv,427,4,0.5,4.14784
pdb6g8l_A_original_CA_coordinates.csv,236,4,0.5,5.00131
pdb5qq0_A_original_CA_coordinates.csv,360,4,0.5,4.2827
pdb7q78_A_original_CA_coordinates.csv,124,4,0.5,0.854205
pdb5pod_A_original_CA_coordinates.csv,123,4,0.5,9.49658
pdb7o51_A_original_CA_coordinates.csv,207,4,0.5,4.6528
pdb3nm2_A_original_CA_coordinates.csv,125,4,0.5,0.860209
pdb7w2w_A_original_CA_coordinates.csv,771,4,0.5,0.672681
pdb5ts5_A_original_CA_coordinates.csv,483,4,0.5,570.13
pdb5tpa_A_original_CA_coordinates.csv,275,4,0.5,542.046
pdb6h0y_A_original_CA_coordinates.csv,330,4,0.5,15.5215
pdb6ph0_A_original_CA_coordinates.csv,162,4,0.5,2.93184
pdb4im4_A_original_CA_coordinates.csv,336,4,0.5,171.31
pdb6v3u_A_original_CA_coordinates.csv,207,4,0.5,93.4116
pdb5r4w_A_original_CA_coordinates.csv,130,4,0.5,25.314
pdb7ria_A_original_CA_coordinates.csv,121,4,0.5,0.307181
pdb7tss_A_original_CA_coordinates.csv,217,4,0.5,54.7757
pdb6uo5_A_original_CA_coordinates.csv,358,4,0.5,24.7255
pdb4mde_A_original_CA_coordinates.csv,171,4,0.5,3.4941
pdb4pcz_A_original_CA_coordinates.csv,271,4,0.5,1.62572
pdb3s1w_A_original_CA_coordinates.csv,223,4,0.5,7.01126
pdb6bee_A_original_CA_coordinates.csv,542,4,0.5,413.977
pdb5ocq_A_original_CA_coordinates.csv,271,4,0.5,3.55806
pdb4m4v_A_original_CA_coordinates.csv,385,4,0.5,349.663
pdb8dse_A_original_CA_coordinates.csv,468,4,0.5,70.5245
pdb5jbd_A_original_CA_coordinates.csv,854,4,0.5,0.00928868
pdb4iqf_A_original_CA_coordinates.csv,308,4,0.5,66.8985
pdb5r0t_A_original_CA_coordinates.csv,237,4,0.5,12.9352
pdb5f07_A_original_CA_coordinates.csv,212,4,0.5,175.277
pdb5v1w_A_original_CA_coordinates.csv,752,4,0.5,2.43567
pdb6ckv_A_original_CA_coordinates.csv,156,4,0.5,0.918464
pdb2hit_L_original_CA_coordinates.csv,281,4,0.5,69.1448
pdb5f90_A_original_CA_coordinates.csv,150,4,0.5,3.18003
pdb7ob1_A_original_CA_coordinates.csv,677,4,0.5,0.00189137
pdb4dtj_A_original_CA_coordinates.csv,901,4,0.5,4.20199
pdb3q65_A_original_CA_coordinates.csv,316,4,0.5,33.3407
pdb3p53_A_original_CA_coordinates.csv,486,4,0.5,508.574
pdb2hi0_A_original_CA_coordinates.csv,235,4,0.5,40.0456
pdb2e1y_A_original_CA_coordinates.csv,394,4,0.5,103.725
pdb6dxc_A_original_CA_coordinates.csv,377,4,0.5,185.029
pdb4hw4_A_original_CA_coordinates.csv,154,4,0.5,14.9353
pdb2qm4_A_original_CA_coordinates.csv,223,4,0.5,161.77
pdb5rgj_A_original_CA_coordinates.csv,304,4,0.5,3.89716
pdb7q7d_A_original_CA_coordinates.csv,280,4,0.5,10.7136
pdb5fda_A_original_CA_coordinates.csv,154,4,0.5,13.8454
pdb8s0u_A_original_CA_coordinates.csv,257,4,0.5,442.729
pdb7svm_A_original_CA_coordinates.csv,852,4,0.5,0.102344
pdb5qor_A_original_CA_coordinates.csv,149,4,0.5,28.9902
pdb5n1l_A_original_CA_coordinates.csv,347,4,0.5,1135.86
pdb6ehn_A_original_CA_coordinates.csv,397,4,0.5,440.698
pdb6tfq_A_original_CA_coordinates.csv,489,4,0.5,30.616
pdb4mp8_A_original_CA_coordinates.csv,334,4,0.5,135.342
pdb4al4_A_original_CA_coordinates.csv,330,4,0.5,8.15527
pdb5sdt_A_original_CA_coordinates.csv,419,4,0.5,19.1859
pdb6bh5_A_original_CA_coordinates.csv,292,4,0.5,0.0879775
pdb4osk_A_original_CA_coordinates.csv,490,4,0.5,10.2777
pdb5abw_A_original_CA_coordinates.csv,209,4,0.5,32.2359
pdb3kog_A_original_CA_coordinates.csv,224,4,0.5,103.957
pdb6t4g_A_original_CA_coordinates.csv,241,4,0.5,14.5396
pdb3fw2_A_original_CA_coordinates.csv,147,4,0.5,51.5367
pdb6cz8_C_original_CA_coordinates.csv,807,4,0.5,1.83326
pdb7bon_A_original_CA_coordinates.csv,171,4,0.5,43.3372
pdb6jr5_A_original_CA_coordinates.csv,268,4,0.5,156.485
pdb3gwr_A_original_CA_coordinates.csv,122,4,0.5,193.584
pdb3p97_A_original_CA_coordinates.csv,256,4,0.5,13.842
pdb4gqm_A_original_CA_coordinates.csv,105,4,0.5,0.541224
pdb5th4_A_original_CA_coordinates.csv,257,4,0.5,4.21064
pdb6dxd_A_original_CA_coordinates.csv,388,4,0.5,590.902
pdb6xix_A_original_CA_coordinates.csv,219,4,0.5,324.996
pdb4gi5_A_original_CA_coordinates.csv,253,4,0.5,95.1635
pdb4enz_A_original_CA_coordinates.csv,1029,4,0.5,0.262192
pdb4exg_A_original_CA_coordinates.csv,377,4,0.5,36.1255
pdb3njz_A_original_CA_coordinates.csv,364,4,0.5,5.63003
pdb7rxi_L_original_CA_coordinates.csv,207,4,0.5,101.066
pdb7tlr_A_original_CA_coordinates.csv,408,4,0.5,35.2254
pdb5woy_A_original_CA_coordinates.csv,248,4,0.5,14.1309
pdb7ayw_A_original_CA_coordinates.csv,138,4,0.5,0.20639
pdb4a07_A_original_CA_coordinates.csv,282,4,0.5,13.5091
pdb3cny_A_original_CA_coordinates.csv,294,4,0.5,2.90172
pdb2hvl_A_original_CA_coordinates.csv,285,4,0.5,41.0792
pdb1tru_A_original_CA_coordinates.csv,105,4,0.5,29.0715
pdb5w5b_A_original_CA_coordinates.csv,219,4,0.5,4.17884
pdb7cer_A_original_CA_coordinates.csv,414,4,0.5,77.4614
pdb3hbk_A_original_CA_coordinates.csv,230,4,0.5,0.980906
pdb2jog_A_original_CA_coordinates.csv,327,4,0.5,37.3035
pdb5rt0_A_original_CA_coordinates.csv,167,4,0.5,0.0900761
pdb4gpv_A_original_CA_coordinates.csv,324,4,0.5,155.736
pdb3f95_A_original_CA_coordinates.csv,175,4,0.5,297.432
pdb3mwq_A_original_CA_coordinates.csv,256,4,0.5,15.8489
pdb5ok3_A_original_CA_coordinates.csv,349,4,0.5,40.5034
pdb7fkq_A_original_CA_coordinates.csv,237,4,0.5,5.41791
pdb5uto_A_original_CA_coordinates.csv,288,4,0.5,327.977
pdb6zjd_A_original_CA_coordinates.csv,214,4,0.5,2.85959
pdb4lqb_A_original_CA_coordinates.csv,129,4,0.5,11.5317
pdb6zzm_A_original_CA_coordinates.csv,237,4,0.5,12.0844
pdb6gke_A_original_CA_coordinates.csv,309,4,0.5,60.3564
pdb6ta7_A_original_CA_coordinates.csv,131,4,0.5,61.2198
pdb5onp_A_original_CA_coordinates.csv,316,4,0.5,124.254
pdb5hkq_A_original_CA_coordinates.csv,142,4,0.5,2.44848
pdb5v4i_A_original_CA_coordinates.csv,129,4,0.5,2.97584
pdb7mt5_A_original_CA_coordinates.csv,264,4,0.5,153.371
pdb3fkq_A_original_CA_coordinates.csv,344,4,0.5,0.799874
pdb4wuq_A_original_CA_coordinates.csv,258,4,0.5,12.7747
pdb7brz_A_original_CA_coordinates.csv,223,4,0.5,1.29299
pdb5sd7_A_original_CA_coordinates.csv,186,4,0.5,7.55108
pdb8ab2_A_original_CA_coordinates.csv,329,4,0.5,7.02637
pdb5ijw_A_original_CA_coordinates.csv,272,4,0.5,16.6554
pdb6ilq_A_original_CA_coordinates.csv,247,4,0.5,64.567
pdb3m2d_A_original_CA_coordinates.csv,291,4,0.5,7.42984
pdb2mmb_A_original_CA_coordinates.csv,107,4,0.5,25.4367
pdb4d1w_A_original_CA_coordinates.csv,226,4,0.5,25.07
pdb8cpn_A_original_CA_coordinates.csv,156,4,0.5,24.1323
pdb5uli_A_original_CA_coordinates.csv,358,4,0.5,130.301
pdb4yrr_A_original_CA_coordinates.csv,410,4,0.5,49.8653
pdb6bum_A_original_CA_coordinates.csv,362,4,0.5,14.5434
pdb6el0_A_original_CA_coordinates.csv,324,4,0.5,3.05061
pdb6td4_A_original_CA_coordinates.csv,107,4,0.5,82.8089
pdb2auw_A_original_CA_coordinates.csv,148,4,0.5,3.5026
pdb7c60_A_original_CA_coordinates.csv,297,4,0.5,117.4
pdb2dis_A_original_CA_coordinates.csv,109,4,0.5,8.38624
pdb5hme_A_original_CA_coordinates.csv,456,4,0.5,26.0192
pdb8arl_A_original_CA_coordinates.csv,232,4,0.5,0.923957
pdb1m40_A_original_CA_coordinates.csv,263,4,0.5,4.56518
pdb5dw3_A_original_CA_coordinates.csv,382,4,0.5,38.8015
pdb3oqh_A_original_CA_coordinates.csv,215,4,0.5,1.07837
pdb7ftf_A_original_CA_coordinates.csv,358,4,0.5,50.4518
pdb5ecu_A_original_CA_coordinates.csv,350,4,0.5,10.064
