p_pdb_id,Residue length,actual_hinge_cnt,sigma,average_delta_g
pdb2b44_A_original_CA_coordinates.csv,129,2,0.5,0.19357
pdb6gjy_A_original_CA_coordinates.csv,165,2,0.5,7.55433
pdb3hc4_H_original_CA_coordinates.csv,212,2,0.5,0.228113
pdb7lg4_A_original_CA_coordinates.csv,227,2,0.5,1.70252
pdb2lgh_A_original_CA_coordinates.csv,144,2,0.5,3.64401
pdb7wxl_A_original_CA_coordinates.csv,310,2,0.5,27.2476
pdb7ycq_A_original_CA_coordinates.csv,111,2,0.5,0.344921
pdb5qfq_A_original_CA_coordinates.csv,284,2,0.5,3.17789
pdb4eem_A_original_CA_coordinates.csv,273,2,0.5,2.53434
pdb4whn_A_original_CA_coordinates.csv,170,2,0.5,0.409243
pdb3ju3_A_original_CA_coordinates.csv,113,2,0.5,33.4879
pdb6i62_A_original_CA_coordinates.csv,224,2,0.5,5.16124
pdb4lgn_A_original_CA_coordinates.csv,739,2,0.5,0.158973
pdb4yjv_A_original_CA_coordinates.csv,263,2,0.5,5.25487
pdb2edl_A_original_CA_coordinates.csv,110,2,0.5,113.045
pdb1zja_A_original_CA_coordinates.csv,557,2,0.5,5.60037
pdb8h63_A_original_CA_coordinates.csv,462,2,0.5,0.438678
pdb1kz1_A_original_CA_coordinates.csv,150,2,0.5,1.27182
pdb6mt3_A_original_CA_coordinates.csv,276,2,0.5,1.38555
pdb4jsf_A_original_CA_coordinates.csv,407,2,0.5,0.201888
pdb5ecw_A_original_CA_coordinates.csv,132,2,0.5,0.018247
pdb7tbr_A_original_CA_coordinates.csv,142,2,0.5,0.18667
pdb6y9f_A_original_CA_coordinates.csv,288,2,0.5,1.77468
pdb8e8j_A_original_CA_coordinates.csv,425,2,0.5,3.1314
pdb3ze8_A_original_CA_coordinates.csv,277,2,0.5,0.214876
pdb2j4m_A_original_CA_coordinates.csv,100,2,0.5,0.178637
pdb2lc9_A_original_CA_coordinates.csv,164,2,0.5,0.374345
pdb2hdj_A_original_CA_coordinates.csv,322,2,0.5,4.34012
pdb3uiq_A_original_CA_coordinates.csv,901,2,0.5,6.83662
pdb3h54_A_original_CA_coordinates.csv,387,2,0.5,0.334751
pdb1j3x_A_original_CA_coordinates.csv,77,2,0.5,0.261707
pdb4q81_A_original_CA_coordinates.csv,257,2,0.5,0.300115
pdb8f7h_A_original_CA_coordinates.csv,428,2,0.5,2.81275
pdb5qzq_A_original_CA_coordinates.csv,237,2,0.5,31.6696
pdb3bvl_A_original_CA_coordinates.csv,172,2,0.5,199.951
pdb7lsa_A_original_CA_coordinates.csv,760,2,0.5,1.2644
pdb6pvz_A_original_CA_coordinates.csv,188,2,0.5,28.198
pdb7kua_A_original_CA_coordinates.csv,149,2,0.5,15.4775
pdb4wpn_A_original_CA_coordinates.csv,494,2,0.5,4.04961
pdb5hhj_A_original_CA_coordinates.csv,294,2,0.5,0.225579
pdb4idz_A_original_CA_coordinates.csv,437,2,0.5,0.261026
pdb3nfa_A_original_CA_coordinates.csv,149,2,0.5,3.20816
pdb8j0v_X_original_CA_coordinates.csv,173,2,0.5,791.716
pdb6z8j_A_original_CA_coordinates.csv,279,2,0.5,2.31661
pdb3mfs_A_original_CA_coordinates.csv,303,2,0.5,0.610264
pdb2bid_A_original_CA_coordinates.csv,197,2,0.5,0.10311
pdb4icy_A_original_CA_coordinates.csv,462,2,0.5,13.7731
pdb4y4b_A_original_CA_coordinates.csv,330,2,0.5,4.21461
pdb4tjw_A_original_CA_coordinates.csv,199,2,0.5,1.01471
pdb5nkl_A_original_CA_coordinates.csv,540,2,0.5,427.24
pdb5yjk_A_original_CA_coordinates.csv,221,2,0.5,1.73401
pdb5chu_A_original_CA_coordinates.csv,359,2,0.5,3.97632
pdb7ea2_B_original_CA_coordinates.csv,107,2,0.5,2.38112
pdb6gvi_A_original_CA_coordinates.csv,910,2,0.5,0.0261359
pdb3k50_A_original_CA_coordinates.csv,376,2,0.5,0.261279
pdb1gx4_A_original_CA_coordinates.csv,287,2,0.5,0.0752704
pdb7p49_A_original_CA_coordinates.csv,276,2,0.5,5.23272
pdb1rga_A_original_CA_coordinates.csv,104,2,0.5,0.0635714
pdb8cif_H_original_CA_coordinates.csv,255,2,0.5,0.994806
pdb6ir6_A_original_CA_coordinates.csv,232,2,0.5,3.20289
pdb3hpw_A_original_CA_coordinates.csv,101,2,0.5,4.93446
pdb4g4q_A_original_CA_coordinates.csv,254,2,0.5,0.911584
pdb4zgj_A_original_CA_coordinates.csv,204,2,0.5,2.675
pdb4p31_A_original_CA_coordinates.csv,230,2,0.5,1.53594
pdb6hos_A_original_CA_coordinates.csv,213,2,0.5,0.262163
pdb2f8d_A_original_CA_coordinates.csv,221,2,0.5,0.943824
pdb2w8h_A_original_CA_coordinates.csv,322,2,0.5,1.03352
pdb8elt_A_original_CA_coordinates.csv,166,2,0.5,0.192846
pdb6qi3_A_original_CA_coordinates.csv,298,2,0.5,51.3494
pdb4n2r_A_original_CA_coordinates.csv,306,2,0.5,0.353654
pdb4nnm_A_original_CA_coordinates.csv,111,2,0.5,0.0512181
pdb4o04_A_original_CA_coordinates.csv,208,2,0.5,0.162237
pdb2jbh_A_original_CA_coordinates.csv,207,2,0.5,2.30305
pdb7xza_A_original_CA_coordinates.csv,443,2,0.5,0.645444
pdb7lco_A_original_CA_coordinates.csv,306,2,0.5,0.416019
pdb2y6g_A_original_CA_coordinates.csv,167,2,0.5,1.98806
pdb4jrh_A_original_CA_coordinates.csv,412,2,0.5,11.7398
pdb1qpm_A_original_CA_coordinates.csv,69,2,0.5,0.0536969
pdb1roe_A_original_CA_coordinates.csv,97,2,0.5,0.453996
pdb6qq9_A_original_CA_coordinates.csv,225,2,0.5,2.90677
pdb3paj_A_original_CA_coordinates.csv,302,2,0.5,2.44194
pdb4hs2_A_original_CA_coordinates.csv,64,2,0.5,0.0364401
pdb7m26_A_original_CA_coordinates.csv,258,2,0.5,0.912279
pdb2boj_A_original_CA_coordinates.csv,114,2,0.5,3.49703
pdb7b82_A_original_CA_coordinates.csv,105,2,0.5,1.77354
pdb8q1n_A_original_CA_coordinates.csv,320,2,0.5,0.0764063
pdb7fzt_A_original_CA_coordinates.csv,130,2,0.5,0.89009
pdb6ach_A_original_CA_coordinates.csv,364,2,0.5,166.083
pdb3kae_A_original_CA_coordinates.csv,225,2,0.5,0.0348004
pdb5hvy_A_original_CA_coordinates.csv,335,2,0.5,42.489
pdb6iv7_A_original_CA_coordinates.csv,386,2,0.5,0.144019
pdb5n0g_A_original_CA_coordinates.csv,208,2,0.5,0.873949
pdb6g8t_A_original_CA_coordinates.csv,106,2,0.5,0.591311
pdb4cn9_A_original_CA_coordinates.csv,397,2,0.5,1.68547
pdb6z2o_A_original_CA_coordinates.csv,354,2,0.5,14.0439
pdb6t5l_A_original_CA_coordinates.csv,224,2,0.5,2.53929
pdb4r66_A_original_CA_coordinates.csv,326,2,0.5,2.59169
pdb5pjt_A_original_CA_coordinates.csv,331,2,0.5,6.3026
pdb6lul_B_original_CA_coordinates.csv,224,2,0.5,1.19658
pdb2rr6_A_original_CA_coordinates.csv,168,2,0.5,0.025978
pdb3ioj_A_original_CA_coordinates.csv,284,2,0.5,0.127352
pdb3ckg_A_original_CA_coordinates.csv,236,2,0.5,26.4029
pdb5uav_A_original_CA_coordinates.csv,278,2,0.5,24.0677
pdb8i4j_A_original_CA_coordinates.csv,220,2,0.5,7.44803
pdb6lqo_A_original_CA_coordinates.csv,258,2,0.5,99.1169
pdb3fj1_A_original_CA_coordinates.csv,326,2,0.5,1.61348
pdb4pg7_A_original_CA_coordinates.csv,402,2,0.5,1.57315
pdb2qnl_A_original_CA_coordinates.csv,159,2,0.5,5.44482
pdb5nvg_A_original_CA_coordinates.csv,75,2,0.5,0.0451035
pdb7tl4_A_original_CA_coordinates.csv,184,2,0.5,22.8945
pdb6prc_C_original_CA_coordinates.csv,332,2,0.5,2.30302
pdb1fdt_A_original_CA_coordinates.csv,285,2,0.5,9.83076
pdb6c8q_A_original_CA_coordinates.csv,268,2,0.5,7.84428
pdb6oe6_A_original_CA_coordinates.csv,127,2,0.5,3.71269
pdb4l7t_A_original_CA_coordinates.csv,490,2,0.5,1.46404
pdb6btf_A_original_CA_coordinates.csv,317,2,0.5,0.54575
pdb5r96_A_original_CA_coordinates.csv,347,2,0.5,1.32057
pdb3smv_A_original_CA_coordinates.csv,233,2,0.5,30.0829
pdb2fvv_A_original_CA_coordinates.csv,135,2,0.5,0.39407
pdb3cg6_A_original_CA_coordinates.csv,131,2,0.5,0.747279
pdb3hob_M_original_CA_coordinates.csv,156,2,0.5,0.603477
pdb3zjf_A_original_CA_coordinates.csv,322,2,0.5,67.7095
pdb8tuv_A_original_CA_coordinates.csv,425,2,0.5,0.785811
pdb4ok3_A_original_CA_coordinates.csv,426,2,0.5,0.611954
pdb5ii8_A_original_CA_coordinates.csv,131,2,0.5,22.4321
pdb5v0r_A_original_CA_coordinates.csv,145,2,0.5,4.52695
pdb7lp0_A_original_CA_coordinates.csv,111,2,0.5,0.0362793
pdb3as5_A_original_CA_coordinates.csv,183,2,0.5,1.53141
pdb7bqi_A_original_CA_coordinates.csv,174,2,0.5,26.6282
pdb4yk9_A_original_CA_coordinates.csv,142,2,0.5,0.0486736
pdb4dl2_A_original_CA_coordinates.csv,428,2,0.5,22.1252
pdb6y4w_A_original_CA_coordinates.csv,341,2,0.5,4.08978
pdb4ega_A_original_CA_coordinates.csv,522,2,0.5,0.707472
pdb3ndo_A_original_CA_coordinates.csv,225,2,0.5,4.78474
pdb1x7x_A_original_CA_coordinates.csv,370,2,0.5,110.094
pdb6zzj_A_original_CA_coordinates.csv,240,2,0.5,0.723936
pdb2vfo_A_original_CA_coordinates.csv,555,2,0.5,159.408
pdb5q3r_A_original_CA_coordinates.csv,341,2,0.5,0.862911
pdb7lmf_A_original_CA_coordinates.csv,305,2,0.5,124.341
pdb7vj6_A_original_CA_coordinates.csv,453,2,0.5,0.676189
pdb6n0q_A_original_CA_coordinates.csv,257,2,0.5,3.09304
pdb5moc_A_original_CA_coordinates.csv,227,2,0.5,3.07708
pdb3ugq_A_original_CA_coordinates.csv,426,2,0.5,0.364327
pdb2kct_A_original_CA_coordinates.csv,88,2,0.5,0.091437
pdb7trl_A_original_CA_coordinates.csv,90,2,0.5,0.359813
pdb1ak7_A_original_CA_coordinates.csv,174,2,0.5,26.7752
pdb1j7q_A_original_CA_coordinates.csv,86,2,0.5,23.4548
pdb2c0c_A_original_CA_coordinates.csv,353,2,0.5,0.517578
pdb5yrd_A_original_CA_coordinates.csv,241,2,0.5,18.8976
pdb3ch2_X_original_CA_coordinates.csv,256,2,0.5,0.271014
pdb6aw6_A_original_CA_coordinates.csv,216,2,0.5,0.866486
pdb3vcz_A_original_CA_coordinates.csv,127,2,0.5,4.66813
pdb3x2k_A_original_CA_coordinates.csv,180,2,0.5,0.421924
pdb4qcd_A_original_CA_coordinates.csv,242,2,0.5,1.42451
pdb1z8m_A_original_CA_coordinates.csv,88,2,0.5,0.174727
pdb5r86_A_original_CA_coordinates.csv,149,2,0.5,2.95746
pdb2wpt_A_original_CA_coordinates.csv,82,2,0.5,0.711784
pdb4yvy_A_original_CA_coordinates.csv,256,2,0.5,1.41978
pdb5hf1_A_original_CA_coordinates.csv,117,2,0.5,0.0336712
pdb7qwj_A_original_CA_coordinates.csv,298,2,0.5,0.225362
pdb7l3i_A_original_CA_coordinates.csv,162,2,0.5,0.0753565
pdb5sua_A_original_CA_coordinates.csv,237,2,0.5,9.85875
pdb7p1q_A_original_CA_coordinates.csv,383,2,0.5,4.59798
pdb2lll_A_original_CA_coordinates.csv,121,2,0.5,26.3453
pdb4lil_A_original_CA_coordinates.csv,370,2,0.5,14.886
pdb5c0u_A_original_CA_coordinates.csv,208,2,0.5,4.52109
pdb4w7k_A_original_CA_coordinates.csv,446,2,0.5,3.16571
pdb1koi_A_original_CA_coordinates.csv,184,2,0.5,1.2194
pdb2k5n_A_original_CA_coordinates.csv,74,2,0.5,0.121998
pdb2c4e_A_original_CA_coordinates.csv,299,2,0.5,0.209456
pdb5jcz_A_original_CA_coordinates.csv,172,2,0.5,3.37974
pdb7t5r_A_original_CA_coordinates.csv,257,2,0.5,2.85642
pdb4ptm_A_original_CA_coordinates.csv,397,2,0.5,78.7685
pdb6y80_A_original_CA_coordinates.csv,347,2,0.5,2.73241
pdb4dqj_A_original_CA_coordinates.csv,137,2,0.5,0.481257
pdb6tpc_A_original_CA_coordinates.csv,305,2,0.5,0.20016
pdb8d9c_A_original_CA_coordinates.csv,354,2,0.5,0.575218
pdb7mk3_A_original_CA_coordinates.csv,361,2,0.5,0.0818338
pdb6pna_A_original_CA_coordinates.csv,415,2,0.5,0.169036
pdb3zpm_A_original_CA_coordinates.csv,211,2,0.5,9.52831
pdb3vg1_A_original_CA_coordinates.csv,376,2,0.5,0.986953
pdb6tbe_A_original_CA_coordinates.csv,116,2,0.5,0.0755267
pdb5qrh_A_original_CA_coordinates.csv,171,2,0.5,8.73382
pdb3gt4_A_original_CA_coordinates.csv,279,2,0.5,0.68823
pdb4zcg_A_original_CA_coordinates.csv,342,2,0.5,50.3349
pdb5vcy_A_original_CA_coordinates.csv,296,2,0.5,0.111678
pdb5ymx_A_original_CA_coordinates.csv,202,2,0.5,21.0189
pdb7pj8_A_original_CA_coordinates.csv,161,2,0.5,0.0546703
pdb1evq_A_original_CA_coordinates.csv,304,2,0.5,4.40573
pdb5gr2_A_original_CA_coordinates.csv,755,2,0.5,0.0579436
pdb5nu9_A_original_CA_coordinates.csv,174,2,0.5,10.2985
pdb5ggi_A_original_CA_coordinates.csv,394,2,0.5,3.51572
pdb6l72_A_original_CA_coordinates.csv,294,2,0.5,4.86507
pdb6ood_A_original_CA_coordinates.csv,155,2,0.5,1.60744
pdb5psl_A_original_CA_coordinates.csv,121,2,0.5,0.897779
pdb5kn9_A_original_CA_coordinates.csv,222,2,0.5,15.1277
pdb8pku_A_original_CA_coordinates.csv,290,2,0.5,1.14666
pdb3f1p_A_original_CA_coordinates.csv,114,2,0.5,0.524139
pdb5d7d_A_original_CA_coordinates.csv,193,2,0.5,0.255925
pdb6fmw_A_original_CA_coordinates.csv,270,2,0.5,0.589246
pdb6cf8_A_original_CA_coordinates.csv,510,2,0.5,0.231286
pdb7eyk_A_original_CA_coordinates.csv,92,2,0.5,0.188573
pdb4hh5_A_original_CA_coordinates.csv,163,2,0.5,0.06503
pdb5qzz_A_original_CA_coordinates.csv,237,2,0.5,5.51136
pdb1k0x_A_original_CA_coordinates.csv,108,2,0.5,0.327413
pdb2mxx_A_original_CA_coordinates.csv,179,2,0.5,0.144256
pdb3ld3_A_original_CA_coordinates.csv,171,2,0.5,2.67143
pdb6np1_A_original_CA_coordinates.csv,268,2,0.5,1.79037
pdb5reu_A_original_CA_coordinates.csv,304,2,0.5,33.9453
pdb2oym_A_original_CA_coordinates.csv,434,2,0.5,0.684615
pdb4pkr_A_original_CA_coordinates.csv,495,2,0.5,7.96544
pdb6ct3_A_original_CA_coordinates.csv,249,2,0.5,29.2234
pdb2mg5_A_original_CA_coordinates.csv,148,2,0.5,50.0425
pdb8h5p_A_original_CA_coordinates.csv,306,2,0.5,1.6282
pdb7gd1_A_original_CA_coordinates.csv,304,2,0.5,0.199787
pdb4i8i_A_original_CA_coordinates.csv,250,2,0.5,6.66507
pdb7fo7_A_original_CA_coordinates.csv,237,2,0.5,1.38727
pdb5tcw_A_original_CA_coordinates.csv,298,2,0.5,0.192307
pdb2osr_A_original_CA_coordinates.csv,87,2,0.5,0.755378
pdb5s2a_A_original_CA_coordinates.csv,165,2,0.5,0.129564
pdb2k6m_S_original_CA_coordinates.csv,67,2,0.5,2.38601
pdb4qqs_A_original_CA_coordinates.csv,312,2,0.5,6.99902
pdb3pa4_A_original_CA_coordinates.csv,257,2,0.5,0.236333
pdb7zww_A_original_CA_coordinates.csv,131,2,0.5,5.27569
pdb4irl_A_original_CA_coordinates.csv,462,2,0.5,0.0919055
pdb2zby_A_original_CA_coordinates.csv,400,2,0.5,0.0779398
pdb2rei_A_original_CA_coordinates.csv,277,2,0.5,5.4241
pdb2vp7_A_original_CA_coordinates.csv,66,2,0.5,0.130123
pdb1yux_A_original_CA_coordinates.csv,200,2,0.5,42.1089
pdb4qu0_A_original_CA_coordinates.csv,240,2,0.5,7.84476
pdb8fqq_A_original_CA_coordinates.csv,355,2,0.5,1.79065
pdb7bpl_A_original_CA_coordinates.csv,110,2,0.5,7.33773
pdb5ujp_A_original_CA_coordinates.csv,112,2,0.5,0.735249
pdb3c72_A_original_CA_coordinates.csv,306,2,0.5,0.30755
pdb6ojx_A_original_CA_coordinates.csv,353,2,0.5,3.10388
pdb5cno_A_original_CA_coordinates.csv,300,2,0.5,0.0680269
pdb5pfi_A_original_CA_coordinates.csv,115,2,0.5,0.0205853
pdb6gmi_A_original_CA_coordinates.csv,120,2,0.5,7.06465
pdb4baj_A_original_CA_coordinates.csv,366,2,0.5,0.364661
pdb5iqs_A_original_CA_coordinates.csv,280,2,0.5,0.807412
pdb2y3h_A_original_CA_coordinates.csv,110,2,0.5,17.2411
pdb5hyq_A_original_CA_coordinates.csv,213,2,0.5,0.206172
pdb2hpg_A_original_CA_coordinates.csv,308,2,0.5,112.271
pdb3f9t_A_original_CA_coordinates.csv,385,2,0.5,22.4936
pdb2dlx_A_original_CA_coordinates.csv,153,2,0.5,2.67833
pdb1ug2_A_original_CA_coordinates.csv,95,2,0.5,2.85636
pdb4cyq_A_original_CA_coordinates.csv,411,2,0.5,1.83594
pdb5weq_A_original_CA_coordinates.csv,211,2,0.5,2.82776
pdb4udt_A_original_CA_coordinates.csv,202,2,0.5,3.34842
pdb6imu_A_original_CA_coordinates.csv,494,2,0.5,4.49653
pdb6xr7_A_original_CA_coordinates.csv,287,2,0.5,1.70563
pdb6dg1_A_original_CA_coordinates.csv,105,2,0.5,0.343044
pdb3q5o_A_original_CA_coordinates.csv,100,2,0.5,0.670415
pdb6xu3_A_original_CA_coordinates.csv,320,2,0.5,6.27734
pdb7epj_A_original_CA_coordinates.csv,101,2,0.5,6.09801
pdb3ihg_A_original_CA_coordinates.csv,535,2,0.5,0.682619
pdb3t7f_A_original_CA_coordinates.csv,288,2,0.5,19.2045
pdb2ppe_A_original_CA_coordinates.csv,336,2,0.5,7.80147
pdb5z9k_A_original_CA_coordinates.csv,123,2,0.5,0.159376
pdb4axb_A_original_CA_coordinates.csv,526,2,0.5,3.16611
pdb2m8t_A_original_CA_coordinates.csv,112,2,0.5,0.0850201
pdb5c0f_A_original_CA_coordinates.csv,277,2,0.5,4.95849
pdb4azd_A_original_CA_coordinates.csv,122,2,0.5,5.93873
pdb7puf_A_original_CA_coordinates.csv,295,2,0.5,3.78741
pdb5cgk_A_original_CA_coordinates.csv,129,2,0.5,7.58627
pdb5fmd_A_original_CA_coordinates.csv,624,2,0.5,0.490074
pdb6tol_A_original_CA_coordinates.csv,130,2,0.5,13.7025
pdb8k9y_A_original_CA_coordinates.csv,322,2,0.5,6.11128
pdb7b8b_A_original_CA_coordinates.csv,369,2,0.5,0.132088
pdb6zy1_A_original_CA_coordinates.csv,700,2,0.5,0.337399
pdb5kph_A_original_CA_coordinates.csv,85,2,0.5,0.0624889
pdb7lv1_C_original_CA_coordinates.csv,106,2,0.5,1.01976
pdb5qet_A_original_CA_coordinates.csv,282,2,0.5,0.28742
pdb2cp3_A_original_CA_coordinates.csv,84,2,0.5,0.0824223
pdb5vgl_A_original_CA_coordinates.csv,154,2,0.5,0.12469
pdb6qsp_A_original_CA_coordinates.csv,399,2,0.5,13.1896
pdb3cxg_A_original_CA_coordinates.csv,122,2,0.5,0.211779
pdb8ghy_A_original_CA_coordinates.csv,362,2,0.5,1.87343
pdb6v6o_D_original_CA_coordinates.csv,314,2,0.5,33.5559
pdb6thj_A_original_CA_coordinates.csv,139,2,0.5,0.806423
pdb4r8s_A_original_CA_coordinates.csv,256,2,0.5,7.92766
pdb7sjb_A_original_CA_coordinates.csv,137,2,0.5,0.215576
pdb6djg_A_original_CA_coordinates.csv,438,2,0.5,1.13785
pdb6x1r_A_original_CA_coordinates.csv,94,2,0.5,0.198951
pdb4iv0_A_original_CA_coordinates.csv,263,2,0.5,0.0479692
pdb2agt_A_original_CA_coordinates.csv,316,2,0.5,2.45677
pdb1nkl_A_original_CA_coordinates.csv,78,2,0.5,0.14934
pdb3s2v_A_original_CA_coordinates.csv,254,2,0.5,0.0349669
pdb3gqs_A_original_CA_coordinates.csv,100,2,0.5,2.80151
pdb7u9f_A_original_CA_coordinates.csv,454,2,0.5,17.9994
pdb2hqn_A_original_CA_coordinates.csv,109,2,0.5,0.100722
pdb4c9n_A_original_CA_coordinates.csv,408,2,0.5,0.586864
pdb5vyo_A_original_CA_coordinates.csv,189,2,0.5,0.285668
pdb5pd2_A_original_CA_coordinates.csv,115,2,0.5,0.123546
pdb2gvi_A_original_CA_coordinates.csv,195,2,0.5,0.505144
pdb2z59_A_original_CA_coordinates.csv,109,2,0.5,0.263386
pdb4key_A_original_CA_coordinates.csv,450,2,0.5,89.7409
pdb6pfs_A_original_CA_coordinates.csv,228,2,0.5,0.152154
pdb4ebj_A_original_CA_coordinates.csv,254,2,0.5,20.5791
pdb7s8z_A_original_CA_coordinates.csv,209,2,0.5,1.16973
pdb5tg4_A_original_CA_coordinates.csv,242,2,0.5,4.54125
pdb3lho_A_original_CA_coordinates.csv,250,2,0.5,13.9328
pdb5rfa_A_original_CA_coordinates.csv,301,2,0.5,1.69235
pdb4ttp_A_original_CA_coordinates.csv,201,2,0.5,60.4835
pdb5hqj_A_original_CA_coordinates.csv,280,2,0.5,0.138537
pdb8duy_A_original_CA_coordinates.csv,390,2,0.5,76.7006
pdb5qpt_A_original_CA_coordinates.csv,360,2,0.5,28.9865
pdb6r8k_B_original_CA_coordinates.csv,77,2,0.5,0.617527
pdb7ajw_A_original_CA_coordinates.csv,329,2,0.5,13.7352
pdb5uih_A_original_CA_coordinates.csv,159,2,0.5,7.20846
pdb6zsk_A_original_CA_coordinates.csv,136,2,0.5,0.216927
pdb6gpw_A_original_CA_coordinates.csv,209,2,0.5,1.73409
pdb4gt6_A_original_CA_coordinates.csv,374,2,0.5,15.3852
pdb6xuj_A_original_CA_coordinates.csv,224,2,0.5,0.154378
pdb6vdl_A_original_CA_coordinates.csv,200,2,0.5,0.105555
pdb3fhf_A_original_CA_coordinates.csv,212,2,0.5,3.20985
pdb3mmf_A_original_CA_coordinates.csv,257,2,0.5,0.132366
pdb3vb4_A_original_CA_coordinates.csv,301,2,0.5,0.551751
pdb7vhe_A_original_CA_coordinates.csv,283,2,0.5,0.532283
pdb2eqy_A_original_CA_coordinates.csv,122,2,0.5,14.0339
pdb3v2o_A_original_CA_coordinates.csv,158,2,0.5,0.0860075
pdb1pl8_A_original_CA_coordinates.csv,356,2,0.5,0.231188
pdb6nkb_A_original_CA_coordinates.csv,227,2,0.5,0.308339
pdb5b78_A_original_CA_coordinates.csv,119,2,0.5,1.15268
pdb6etp_A_original_CA_coordinates.csv,124,2,0.5,0.0591515
pdb4xv6_A_original_CA_coordinates.csv,289,2,0.5,2.34002
pdb7f51_A_original_CA_coordinates.csv,287,2,0.5,0.274116
pdb3ha8_A_original_CA_coordinates.csv,342,2,0.5,0.35854
pdb6lje_A_original_CA_coordinates.csv,101,2,0.5,0.153747
pdb1gun_A_original_CA_coordinates.csv,67,2,0.5,0.0363455
pdb8cj5_A_original_CA_coordinates.csv,908,2,0.5,10.2715
pdb5elv_A_original_CA_coordinates.csv,263,2,0.5,4.12962
pdb3d53_A_original_CA_coordinates.csv,170,2,0.5,5.41852
pdb8em5_A_original_CA_coordinates.csv,92,2,0.5,12.2996
pdb4f10_A_original_CA_coordinates.csv,353,2,0.5,0.902742
pdb3lat_A_original_CA_coordinates.csv,207,2,0.5,0.347408
pdb4e3m_A_original_CA_coordinates.csv,358,2,0.5,0.222945
pdb5wa9_A_original_CA_coordinates.csv,115,2,0.5,13.1856
pdb4uuo_A_original_CA_coordinates.csv,328,2,0.5,0.733066
pdb4prn_A_original_CA_coordinates.csv,276,2,0.5,0.538584
pdb7bnh_A_original_CA_coordinates.csv,96,2,0.5,2.64948
pdb5oss_A_original_CA_coordinates.csv,443,2,0.5,0.170288
pdb5zha_A_original_CA_coordinates.csv,263,2,0.5,1.82102
pdb5g1x_A_original_CA_coordinates.csv,262,2,0.5,0.051486
pdb7aq3_A_original_CA_coordinates.csv,568,2,0.5,240.129
pdb5yum_A_original_CA_coordinates.csv,91,2,0.5,4.5946
pdb7s0n_A_original_CA_coordinates.csv,122,2,0.5,0.131505
pdb4c73_A_original_CA_coordinates.csv,414,2,0.5,0.152048
pdb1fov_A_original_CA_coordinates.csv,82,2,0.5,2.44717
pdb3fgy_A_original_CA_coordinates.csv,132,2,0.5,14.339
pdb2bbh_A_original_CA_coordinates.csv,220,2,0.5,3.25625
pdb7p27_A_original_CA_coordinates.csv,160,2,0.5,6.51848
pdb4ysa_A_original_CA_coordinates.csv,294,2,0.5,14.5805
pdb8fdl_A_original_CA_coordinates.csv,141,2,0.5,0.167298
pdb3ifo_H_original_CA_coordinates.csv,216,2,0.5,23.0803
pdb5qdn_A_original_CA_coordinates.csv,282,2,0.5,7.79849
pdb5nci_A_original_CA_coordinates.csv,262,2,0.5,0.506834
pdb6smw_A_original_CA_coordinates.csv,475,2,0.5,11.7263
pdb3on7_A_original_CA_coordinates.csv,263,2,0.5,0.66707
pdb3gpu_A_original_CA_coordinates.csv,251,2,0.5,0.352229
pdb2d9r_A_original_CA_coordinates.csv,83,2,0.5,0.391876
pdb6jym_A_original_CA_coordinates.csv,704,2,0.5,0.0127066
pdb4d3a_A_original_CA_coordinates.csv,404,2,0.5,0.350662
pdb7vzq_A_original_CA_coordinates.csv,674,2,0.5,0.0952364
pdb3u0x_A_original_CA_coordinates.csv,290,2,0.5,0.0588612
pdb4y3d_A_original_CA_coordinates.csv,330,2,0.5,0.0530215
pdb3nok_A_original_CA_coordinates.csv,234,2,0.5,0.159402
pdb8bbu_A_original_CA_coordinates.csv,121,2,0.5,0.429702
pdb6yea_A_original_CA_coordinates.csv,170,2,0.5,0.447718
pdb4hno_A_original_CA_coordinates.csv,285,2,0.5,2.5129
pdb5ub4_A_original_CA_coordinates.csv,278,2,0.5,2.042
pdb4fb1_A_original_CA_coordinates.csv,354,2,0.5,0.13493
pdb2vw5_A_original_CA_coordinates.csv,214,2,0.5,0.194926
pdb4xvt_G_original_CA_coordinates.csv,341,2,0.5,3.60243
pdb1snr_A_original_CA_coordinates.csv,336,2,0.5,1.29389
pdb5aoh_A_original_CA_coordinates.csv,265,2,0.5,1.4124
pdb5wk0_A_original_CA_coordinates.csv,156,2,0.5,0.304424
pdb4gk1_A_original_CA_coordinates.csv,134,2,0.5,0.540132
pdb2mm3_A_original_CA_coordinates.csv,127,2,0.5,1.4271
pdb4ied_A_original_CA_coordinates.csv,241,2,0.5,1.94034
pdb7o82_A_original_CA_coordinates.csv,437,2,0.5,4.92851
pdb3bgv_A_original_CA_coordinates.csv,269,2,0.5,0.0423415
pdb6vz6_A_original_CA_coordinates.csv,77,2,0.5,0.492861
pdb3m2i_A_original_CA_coordinates.csv,291,2,0.5,1.60344
pdb6zu3_A_original_CA_coordinates.csv,230,2,0.5,6.71137
pdb3o6h_A_original_CA_coordinates.csv,261,2,0.5,0.315691
pdb5ugf_A_original_CA_coordinates.csv,286,2,0.5,0.203732
pdb5wof_A_original_CA_coordinates.csv,84,2,0.5,0.0999184
pdb3dhj_A_original_CA_coordinates.csv,100,2,0.5,3.28444
pdb4z6b_A_original_CA_coordinates.csv,282,2,0.5,4.94017
pdb5sha_A_original_CA_coordinates.csv,313,2,0.5,6.73583
pdb4l7e_A_original_CA_coordinates.csv,180,2,0.5,0.0682982
pdb3n7c_A_original_CA_coordinates.csv,107,2,0.5,1.02397
pdb3vo0_A_original_CA_coordinates.csv,466,2,0.5,14.6584
pdb7gbt_A_original_CA_coordinates.csv,304,2,0.5,1.65951
pdb3c6x_A_original_CA_coordinates.csv,256,2,0.5,7.37879
pdb4wnk_A_original_CA_coordinates.csv,499,2,0.5,0.608884
pdb6eu6_A_original_CA_coordinates.csv,405,2,0.5,3.25972
pdb3fse_A_original_CA_coordinates.csv,328,2,0.5,0.597801
pdb6l4n_A_original_CA_coordinates.csv,90,2,0.5,0.149336
pdb1j8b_A_original_CA_coordinates.csv,85,2,0.5,1.01797
pdb2d9f_A_original_CA_coordinates.csv,135,2,0.5,1.82382
pdb2vxv_H_original_CA_coordinates.csv,214,2,0.5,8.5115
pdb6qqi_A_original_CA_coordinates.csv,116,2,0.5,0.354905
pdb8oiv_A_original_CA_coordinates.csv,293,2,0.5,0.248927
pdb2x9f_A_original_CA_coordinates.csv,265,2,0.5,0.218584
pdb6pob_A_original_CA_coordinates.csv,416,2,0.5,6.35542
pdb7zp0_A_original_CA_coordinates.csv,217,2,0.5,1.07549
pdb4hez_A_original_CA_coordinates.csv,257,2,0.5,0.130044
pdb8clh_A_original_CA_coordinates.csv,439,2,0.5,0.895803
pdb4nyw_A_original_CA_coordinates.csv,116,2,0.5,0.122122
pdb6qi1_A_original_CA_coordinates.csv,297,2,0.5,63.2731
pdb6h7f_A_original_CA_coordinates.csv,671,2,0.5,5.66773
pdb6i0b_A_original_CA_coordinates.csv,526,2,0.5,0.627785
pdb2m1u_A_original_CA_coordinates.csv,93,2,0.5,0.0402942
pdb6s8v_A_original_CA_coordinates.csv,172,2,0.5,0.599083
pdb4nqg_A_original_CA_coordinates.csv,197,2,0.5,0.536431
pdb6ez7_A_original_CA_coordinates.csv,82,2,0.5,0.488121
pdb8j5a_A_original_CA_coordinates.csv,172,2,0.5,0.0645755
pdb5rkv_A_original_CA_coordinates.csv,119,2,0.5,8.25653
pdb5a30_A_original_CA_coordinates.csv,463,2,0.5,0.0608141
pdb4rq4_A_original_CA_coordinates.csv,326,2,0.5,1.29754
pdb7kid_A_original_CA_coordinates.csv,625,2,0.5,0.254882
pdb2jqj_A_original_CA_coordinates.csv,141,2,0.5,1.05775
pdb5o72_A_original_CA_coordinates.csv,255,2,0.5,19.8783
pdb8hq4_A_original_CA_coordinates.csv,209,2,0.5,8.52469
pdb4f2c_A_original_CA_coordinates.csv,69,2,0.5,3.09646
pdb5sfc_A_original_CA_coordinates.csv,312,2,0.5,19.2976
pdb4kcr_A_original_CA_coordinates.csv,404,2,0.5,47.0885
pdb2ya8_A_original_CA_coordinates.csv,470,2,0.5,1.09986
pdb6n0u_A_original_CA_coordinates.csv,295,2,0.5,1.12785
pdb4kv7_A_original_CA_coordinates.csv,360,2,0.5,3.91859
pdb5nid_A_original_CA_coordinates.csv,609,2,0.5,0.0103057
pdb2xd5_A_original_CA_coordinates.csv,469,2,0.5,1.89589
pdb2cks_A_original_CA_coordinates.csv,305,2,0.5,0.237687
pdb4xmx_A_original_CA_coordinates.csv,866,2,0.5,0.687505
pdb3n7t_A_original_CA_coordinates.csv,241,2,0.5,1.51223
pdb3rd5_A_original_CA_coordinates.csv,268,2,0.5,2.12163
pdb3hp8_A_original_CA_coordinates.csv,107,2,0.5,1.46532
pdb5pvr_A_original_CA_coordinates.csv,121,2,0.5,0.134191
pdb6rml_B_original_CA_coordinates.csv,278,2,0.5,0.09716
pdb5udy_A_original_CA_coordinates.csv,388,2,0.5,0.611128
pdb3rhr_A_original_CA_coordinates.csv,498,2,0.5,6.76188
pdb3ap9_A_original_CA_coordinates.csv,151,2,0.5,2.09594
pdb5pu7_A_original_CA_coordinates.csv,121,2,0.5,5.47385
pdb5fac_A_original_CA_coordinates.csv,383,2,0.5,0.124371
pdb2ptx_A_original_CA_coordinates.csv,431,2,0.5,0.733271
pdb8gbz_H_original_CA_coordinates.csv,208,2,0.5,0.0682014
pdb7fx9_A_original_CA_coordinates.csv,133,2,0.5,27.9813
pdb8qm1_A_original_CA_coordinates.csv,412,2,0.5,88.4799
pdb6kwu_O_original_CA_coordinates.csv,245,2,0.5,1.21138
pdb2oyz_A_original_CA_coordinates.csv,92,2,0.5,3.45712
pdb4x09_A_original_CA_coordinates.csv,128,2,0.5,0.454184
pdb5fhw_A_original_CA_coordinates.csv,129,2,0.5,0.595171
pdb6l99_A_original_CA_coordinates.csv,75,2,0.5,0.169334
pdb4rv5_A_original_CA_coordinates.csv,363,2,0.5,89.736
pdb2vot_A_original_CA_coordinates.csv,837,2,0.5,4.27159
pdb5s7f_A_original_CA_coordinates.csv,283,2,0.5,136.136
pdb7a0l_A_original_CA_coordinates.csv,295,2,0.5,49.7545
pdb4dp2_X_original_CA_coordinates.csv,99,2,0.5,0.0843795
pdb4qtc_A_original_CA_coordinates.csv,330,2,0.5,2.11071
pdb4xal_A_original_CA_coordinates.csv,90,2,0.5,0.11022
pdb4v3m_A_original_CA_coordinates.csv,135,2,0.5,0.696298
pdb3rqj_A_original_CA_coordinates.csv,407,2,0.5,398.412
pdb5bjv_A_original_CA_coordinates.csv,339,2,0.5,16.5841
pdb5ps7_A_original_CA_coordinates.csv,121,2,0.5,0.0598686
pdb8azy_A_original_CA_coordinates.csv,170,2,0.5,0.0728894
pdb4xhs_A_original_CA_coordinates.csv,452,2,0.5,0.0408724
pdb2xms_A_original_CA_coordinates.csv,281,2,0.5,31.6495
pdb5pul_A_original_CA_coordinates.csv,121,2,0.5,0.221312
pdb6qhs_A_original_CA_coordinates.csv,297,2,0.5,0.364459
pdb5h3m_A_original_CA_coordinates.csv,133,2,0.5,0.59524
pdb4nug_L_original_CA_coordinates.csv,213,2,0.5,0.0484071
pdb4g31_A_original_CA_coordinates.csv,248,2,0.5,0.389659
pdb2n9i_A_original_CA_coordinates.csv,104,2,0.5,3.53933
pdb5exp_A_original_CA_coordinates.csv,250,2,0.5,1.10802
pdb3juh_A_original_CA_coordinates.csv,334,2,0.5,206.662
pdb6g7n_A_original_CA_coordinates.csv,318,2,0.5,220.74
pdb6i6v_A_original_CA_coordinates.csv,266,2,0.5,2.8744
pdb2ozj_A_original_CA_coordinates.csv,106,2,0.5,0.224522
pdb6o7m_A_original_CA_coordinates.csv,477,2,0.5,3.42607
pdb5h2p_A_original_CA_coordinates.csv,231,2,0.5,65.6027
pdb5fsu_A_original_CA_coordinates.csv,235,2,0.5,0.188432
pdb3cou_A_original_CA_coordinates.csv,180,2,0.5,0.0695376
pdb6hai_A_original_CA_coordinates.csv,212,2,0.5,31.8935
pdb8gck_B_original_CA_coordinates.csv,128,2,0.5,1.15198
pdb2kjl_A_original_CA_coordinates.csv,107,2,0.5,3.7178
pdb2da3_A_original_CA_coordinates.csv,80,2,0.5,0.496948
pdb5ram_A_original_CA_coordinates.csv,340,2,0.5,0.857865
pdb4n94_A_original_CA_coordinates.csv,360,2,0.5,41.7847
pdb6bq7_A_original_CA_coordinates.csv,292,2,0.5,0.332235
pdb6elv_A_original_CA_coordinates.csv,134,2,0.5,1.09539
pdb4h09_A_original_CA_coordinates.csv,368,2,0.5,0.423911
pdb7q9o_A_original_CA_coordinates.csv,113,2,0.5,10.3392
pdb6c1b_A_original_CA_coordinates.csv,265,2,0.5,0.678511
pdb6jtd_A_original_CA_coordinates.csv,477,2,0.5,53.1168
pdb3czt_X_original_CA_coordinates.csv,91,2,0.5,0.117834
pdb5i5p_A_original_CA_coordinates.csv,306,2,0.5,29.6515
pdb5aul_A_original_CA_coordinates.csv,108,2,0.5,2.40125
pdb5a14_A_original_CA_coordinates.csv,284,2,0.5,29.6468
pdb6uhl_A_original_CA_coordinates.csv,224,2,0.5,7.0794
pdb5p93_A_original_CA_coordinates.csv,213,2,0.5,0.56853
pdb5hi7_A_original_CA_coordinates.csv,426,2,0.5,1.32498
pdb3pby_A_original_CA_coordinates.csv,219,2,0.5,17.1992
pdb6qa6_A_original_CA_coordinates.csv,810,2,0.5,0.435921
pdb5ilv_A_original_CA_coordinates.csv,92,2,0.5,21.1312
pdb3nle_A_original_CA_coordinates.csv,404,2,0.5,0.290009
pdb5pcu_A_original_CA_coordinates.csv,115,2,0.5,0.0349854
pdb5w4g_B_original_CA_coordinates.csv,425,2,0.5,2.28813
pdb3zm0_A_original_CA_coordinates.csv,261,2,0.5,0.273076
pdb5h8z_A_original_CA_coordinates.csv,358,2,0.5,9.82011
pdb7e0e_A_original_CA_coordinates.csv,149,2,0.5,3.70022
pdb5g3o_A_original_CA_coordinates.csv,276,2,0.5,0.0816089
pdb4cxo_A_original_CA_coordinates.csv,255,2,0.5,40.8834
pdb6rj4_B_original_CA_coordinates.csv,269,2,0.5,34.3012
pdb7agz_A_original_CA_coordinates.csv,386,2,0.5,1.23687
pdb5tbs_A_original_CA_coordinates.csv,284,2,0.5,0.113294
pdb4gyy_A_original_CA_coordinates.csv,693,2,0.5,0.28019
pdb8uzn_A_original_CA_coordinates.csv,488,2,0.5,25.0204
pdb6pxn_A_original_CA_coordinates.csv,290,2,0.5,12.4365
pdb5ld0_A_original_CA_coordinates.csv,206,2,0.5,0.451623
pdb2k9z_A_original_CA_coordinates.csv,89,2,0.5,0.957174
pdb3hyz_A_original_CA_coordinates.csv,204,2,0.5,0.0604426
pdb5pic_A_original_CA_coordinates.csv,331,2,0.5,7.22409
pdb3umh_A_original_CA_coordinates.csv,180,2,0.5,1.00725
pdb6hzz_A_original_CA_coordinates.csv,511,2,0.5,11.5209
pdb4brs_A_original_CA_coordinates.csv,342,2,0.5,0.664856
pdb6vo5_A_original_CA_coordinates.csv,319,2,0.5,3.72642
pdb6nsf_A_original_CA_coordinates.csv,317,2,0.5,27.1164
pdb6fk3_A_original_CA_coordinates.csv,530,2,0.5,2.07227
pdb2yne_A_original_CA_coordinates.csv,384,2,0.5,2.15311
pdb4hze_A_original_CA_coordinates.csv,306,2,0.5,11.9175
pdb7myp_A_original_CA_coordinates.csv,99,2,0.5,4.55927
pdb3dxl_A_original_CA_coordinates.csv,299,2,0.5,14.3124
pdb5aou_A_original_CA_coordinates.csv,240,2,0.5,0.0792634
pdb8f4k_A_original_CA_coordinates.csv,334,2,0.5,1.58219
pdb8dl4_A_original_CA_coordinates.csv,525,2,0.5,0.0937533
pdb2uyu_A_original_CA_coordinates.csv,274,2,0.5,3.56853
pdb6jcl_A_original_CA_coordinates.csv,218,2,0.5,1.23762
pdb6qhx_A_original_CA_coordinates.csv,296,2,0.5,3.34665
pdb5fxs_A_original_CA_coordinates.csv,308,2,0.5,1.7159
pdb4jk7_A_original_CA_coordinates.csv,221,2,0.5,2.72469
pdb4qa3_A_original_CA_coordinates.csv,365,2,0.5,53.2812
pdb4rha_A_original_CA_coordinates.csv,130,2,0.5,0.173652
pdb7xlz_A_original_CA_coordinates.csv,241,2,0.5,0.444783
pdb2xgw_A_original_CA_coordinates.csv,166,2,0.5,9.11858
pdb7lpv_A_original_CA_coordinates.csv,279,2,0.5,0.11542
pdb4bo7_A_original_CA_coordinates.csv,238,2,0.5,1.14388
pdb8ov4_A_original_CA_coordinates.csv,301,2,0.5,3.30853
pdb2osw_A_original_CA_coordinates.csv,433,2,0.5,1.84785
pdb7abs_A_original_CA_coordinates.csv,359,2,0.5,0.313816
pdb6uz6_A_original_CA_coordinates.csv,285,2,0.5,0.0912049
pdb5q3l_A_original_CA_coordinates.csv,341,2,0.5,0.0772498
pdb8te1_A_original_CA_coordinates.csv,273,2,0.5,1.00639
pdb5vej_A_original_CA_coordinates.csv,327,2,0.5,1.35355
pdb1vl1_A_original_CA_coordinates.csv,218,2,0.5,1.17726
pdb8cdq_A_original_CA_coordinates.csv,813,2,0.5,1.89329
pdb6mi5_X_original_CA_coordinates.csv,117,2,0.5,27.9598
pdb7jy0_A_original_CA_coordinates.csv,141,2,0.5,16.5357
pdb4fuf_A_original_CA_coordinates.csv,246,2,0.5,11.3555
pdb4e5a_X_original_CA_coordinates.csv,332,2,0.5,22.1842
pdb2rrf_A_original_CA_coordinates.csv,141,2,0.5,2.62566
pdb3c8l_A_original_CA_coordinates.csv,115,2,0.5,9.44192
pdb5j5z_A_original_CA_coordinates.csv,477,2,0.5,8.14105
pdb7ppg_A_original_CA_coordinates.csv,467,2,0.5,62.3466
pdb8ppd_A_original_CA_coordinates.csv,270,2,0.5,0.15599
pdb4jbv_A_original_CA_coordinates.csv,458,2,0.5,0.581255
pdb7c6h_A_original_CA_coordinates.csv,420,2,0.5,0.441767
pdb5h7k_A_original_CA_coordinates.csv,367,2,0.5,28.9638
pdb6sfj_A_original_CA_coordinates.csv,341,2,0.5,38.6795
pdb8u98_A_original_CA_coordinates.csv,391,2,0.5,0.886971
pdb7prq_A_original_CA_coordinates.csv,304,2,0.5,0.223149
pdb6emq_A_original_CA_coordinates.csv,165,2,0.5,0.0537276
pdb3omu_A_original_CA_coordinates.csv,208,2,0.5,7.78477
pdb5q5m_A_original_CA_coordinates.csv,341,2,0.5,6.84661
pdb7jif_A_original_CA_coordinates.csv,166,2,0.5,3.85574
pdb6bs0_A_original_CA_coordinates.csv,272,2,0.5,3.5244
pdb7vkm_A_original_CA_coordinates.csv,300,2,0.5,0.693922
pdb6ly4_A_original_CA_coordinates.csv,450,2,0.5,7.96759
pdb6fcb_A_original_CA_coordinates.csv,380,2,0.5,15.2493
pdb6anx_A_original_CA_coordinates.csv,125,2,0.5,1.65664
pdb1w5m_A_original_CA_coordinates.csv,329,2,0.5,0.920565
pdb4mg3_A_original_CA_coordinates.csv,142,2,0.5,3.18494
pdb5vrv_A_original_CA_coordinates.csv,307,2,0.5,2.40423
pdb7b2w_A_original_CA_coordinates.csv,531,2,0.5,28.2021
pdb4hb4_A_original_CA_coordinates.csv,209,2,0.5,2.63887
pdb3efb_A_original_CA_coordinates.csv,239,2,0.5,5.6493
pdb7ppn_A_original_CA_coordinates.csv,279,2,0.5,0.537653
pdb6pn4_A_original_CA_coordinates.csv,411,2,0.5,4.92108
pdb3dlx_A_original_CA_coordinates.csv,470,2,0.5,5.29078
pdb4l2h_A_original_CA_coordinates.csv,436,2,0.5,0.163947
pdb5c7y_A_original_CA_coordinates.csv,266,2,0.5,2.93031
pdb2kiz_A_original_CA_coordinates.csv,69,2,0.5,0.494283
pdb2m1w_A_original_CA_coordinates.csv,166,2,0.5,0.346326
pdb4lh1_A_original_CA_coordinates.csv,534,2,0.5,1.94303
pdb5l18_A_original_CA_coordinates.csv,388,2,0.5,0.418917
pdb3n4y_A_original_CA_coordinates.csv,97,2,0.5,0.771934
pdb1usn_A_original_CA_coordinates.csv,165,2,0.5,0.823818
pdb5q14_A_original_CA_coordinates.csv,230,2,0.5,3.52578
pdb2duh_A_original_CA_coordinates.csv,225,2,0.5,35.5319
pdb5kcc_A_original_CA_coordinates.csv,237,2,0.5,24.9598
pdb3tbb_A_original_CA_coordinates.csv,279,2,0.5,28.2189
pdb1bn6_A_original_CA_coordinates.csv,291,2,0.5,0.123946
pdb5zn2_A_original_CA_coordinates.csv,324,2,0.5,1.87049
pdb8d6l_A_original_CA_coordinates.csv,133,2,0.5,24.0976
pdb6d2y_A_original_CA_coordinates.csv,416,2,0.5,20.4413
pdb4u6q_A_original_CA_coordinates.csv,328,2,0.5,3.69043
pdb2hm8_A_original_CA_coordinates.csv,136,2,0.5,0.384506
pdb5hwm_A_original_CA_coordinates.csv,304,2,0.5,0.425939
pdb4y31_A_original_CA_coordinates.csv,150,2,0.5,129.179
pdb3nvs_A_original_CA_coordinates.csv,426,2,0.5,1.3458
pdb4qgp_A_original_CA_coordinates.csv,106,2,0.5,47.1285
pdb5f6b_A_original_CA_coordinates.csv,133,2,0.5,0.620951
pdb7vmw_A_original_CA_coordinates.csv,296,2,0.5,0.953308
pdb7xbs_A_original_CA_coordinates.csv,484,2,0.5,11.8624
pdb6bt9_A_original_CA_coordinates.csv,625,2,0.5,0.909542
pdb2kkl_A_original_CA_coordinates.csv,140,2,0.5,0.529394
pdb3irv_A_original_CA_coordinates.csv,213,2,0.5,0.0827759
pdb7qr6_A_original_CA_coordinates.csv,471,2,0.5,1.23199
pdb5quq_A_original_CA_coordinates.csv,218,2,0.5,0.273149
pdb2glz_A_original_CA_coordinates.csv,147,2,0.5,0.513075
pdb5e7b_A_original_CA_coordinates.csv,126,2,0.5,6.26882
pdb4ql5_A_original_CA_coordinates.csv,68,2,0.5,0.157617
pdb7tn4_A_original_CA_coordinates.csv,134,2,0.5,4.78096
pdb2r2d_A_original_CA_coordinates.csv,276,2,0.5,0.503197
pdb6x4i_A_original_CA_coordinates.csv,348,2,0.5,18.1181
pdb3dog_A_original_CA_coordinates.csv,297,2,0.5,24.1611
pdb5rv6_A_original_CA_coordinates.csv,167,2,0.5,0.485169
pdb7nuk_A_original_CA_coordinates.csv,305,2,0.5,13.5908
pdb7jr2_A_original_CA_coordinates.csv,220,2,0.5,0.296222
pdb2yb7_A_original_CA_coordinates.csv,140,2,0.5,0.102135
pdb8bow_A_original_CA_coordinates.csv,692,2,0.5,0.0134375
pdb1o3i_A_original_CA_coordinates.csv,219,2,0.5,5.27788
pdb8gdh_A_original_CA_coordinates.csv,114,2,0.5,0.179423
pdb7en0_A_original_CA_coordinates.csv,313,2,0.5,17.947
pdb7am8_A_original_CA_coordinates.csv,267,2,0.5,14.5155
pdb4dxf_A_original_CA_coordinates.csv,194,2,0.5,0.516113
pdb2wbx_A_original_CA_coordinates.csv,102,2,0.5,0.0782039
pdb2c71_A_original_CA_coordinates.csv,205,2,0.5,1.40113
pdb1h9j_A_original_CA_coordinates.csv,145,2,0.5,4.21505
pdb1r4y_A_original_CA_coordinates.csv,136,2,0.5,0.168998
pdb3wd0_A_original_CA_coordinates.csv,498,2,0.5,1.5935
pdb6omy_A_original_CA_coordinates.csv,297,2,0.5,0.113248
pdb5vq0_A_original_CA_coordinates.csv,160,2,0.5,7.17434
pdb7mfk_A_original_CA_coordinates.csv,885,2,0.5,13.8946
pdb4gm4_A_original_CA_coordinates.csv,525,2,0.5,72.1006
pdb2dj0_A_original_CA_coordinates.csv,137,2,0.5,0.290577
pdb6rte_A_original_CA_coordinates.csv,464,2,0.5,8.22396
pdb8yjj_A_original_CA_coordinates.csv,183,2,0.5,29.8424
pdb4u9k_A_original_CA_coordinates.csv,187,2,0.5,0.185269
pdb5yql_A_original_CA_coordinates.csv,296,2,0.5,0.752478
pdb3w7v_A_original_CA_coordinates.csv,219,2,0.5,0.80471
pdb5kl2_A_original_CA_coordinates.csv,88,2,0.5,3.26023
pdb1qlk_A_original_CA_coordinates.csv,92,2,0.5,3.03992
pdb4d6q_A_original_CA_coordinates.csv,330,2,0.5,1.52845
pdb3fgv_A_original_CA_coordinates.csv,91,2,0.5,0.123963
pdb5q4w_A_original_CA_coordinates.csv,341,2,0.5,12.0564
pdb3r90_A_original_CA_coordinates.csv,185,2,0.5,0.547442
pdb3lmt_A_original_CA_coordinates.csv,162,2,0.5,12.2271
pdb6xip_A_original_CA_coordinates.csv,72,2,0.5,1.44474
pdb7k0h_A_original_CA_coordinates.csv,298,2,0.5,0.162748
pdb4rsc_A_original_CA_coordinates.csv,504,2,0.5,0.200597
pdb4zvm_A_original_CA_coordinates.csv,230,2,0.5,0.220388
pdb1wx6_A_original_CA_coordinates.csv,91,2,0.5,0.0972849
pdb2xl8_A_original_CA_coordinates.csv,125,2,0.5,1.51067
pdb3ju5_A_original_CA_coordinates.csv,350,2,0.5,1.76069
pdb4rz4_A_original_CA_coordinates.csv,220,2,0.5,0.763679
pdb8pbp_A_original_CA_coordinates.csv,361,2,0.5,0.471111
pdb4gx8_A_original_CA_coordinates.csv,306,2,0.5,24.0054
pdb7ghh_A_original_CA_coordinates.csv,304,2,0.5,13.846
pdb5ige_A_original_CA_coordinates.csv,129,2,0.5,18.3663
pdb1xf6_A_original_CA_coordinates.csv,75,2,0.5,1.10029
pdb8bsv_A_original_CA_coordinates.csv,328,2,0.5,1.14523
pdb4zoc_A_original_CA_coordinates.csv,724,2,0.5,0.0650612
pdb6pof_A_original_CA_coordinates.csv,1021,2,0.5,32.3548
pdb2hkv_A_original_CA_coordinates.csv,145,2,0.5,0.888978
pdb5sng_A_original_CA_coordinates.csv,412,2,0.5,0.273731
pdb6txv_A_original_CA_coordinates.csv,116,2,0.5,5.51566
pdb2qno_A_original_CA_coordinates.csv,629,2,0.5,9.65217
pdb5cb7_A_original_CA_coordinates.csv,160,2,0.5,0.22807
pdb1afi_A_original_CA_coordinates.csv,72,2,0.5,3.83062
pdb4dyn_A_original_CA_coordinates.csv,437,2,0.5,6.775
pdb1sh4_A_original_CA_coordinates.csv,82,2,0.5,4.05682
pdb5y4f_A_original_CA_coordinates.csv,415,2,0.5,0.118707
pdb3oj1_A_original_CA_coordinates.csv,137,2,0.5,28.9639
pdb5slk_D_original_CA_coordinates.csv,459,2,0.5,5.62781
pdb2vi3_A_original_CA_coordinates.csv,206,2,0.5,4.42594
pdb1w4w_A_original_CA_coordinates.csv,306,2,0.5,12.7757
pdb8e9c_A_original_CA_coordinates.csv,378,2,0.5,1.51114
pdb6y1p_A_original_CA_coordinates.csv,316,2,0.5,0.202704
pdb4kvq_A_original_CA_coordinates.csv,223,2,0.5,13.766
pdb4x2i_A_original_CA_coordinates.csv,126,2,0.5,0.171128
pdb4mkv_A_original_CA_coordinates.csv,458,2,0.5,1.69898
pdb5ocw_A_original_CA_coordinates.csv,257,2,0.5,0.236676
pdb7uv5_A_original_CA_coordinates.csv,312,2,0.5,49.6377
pdb5c10_A_original_CA_coordinates.csv,230,2,0.5,40.3969
pdb7n53_A_original_CA_coordinates.csv,183,2,0.5,6.21585
pdb2azc_A_original_CA_coordinates.csv,99,2,0.5,4.29293
pdb6cvs_A_original_CA_coordinates.csv,180,2,0.5,0.670447
pdb6g7r_S_original_CA_coordinates.csv,263,2,0.5,0.552847
pdb7ymk_A_original_CA_coordinates.csv,237,2,0.5,1.71437
pdb7yqg_A_original_CA_coordinates.csv,299,2,0.5,0.591342
pdb1ncu_A_original_CA_coordinates.csv,98,2,0.5,22.9137
pdb4ryy_A_original_CA_coordinates.csv,510,2,0.5,180.654
pdb6yzz_A_original_CA_coordinates.csv,151,2,0.5,1.52814
pdb3m12_A_original_CA_coordinates.csv,381,2,0.5,0.171622
pdb8r6t_A_original_CA_coordinates.csv,68,2,0.5,1.06009
pdb2h0h_A_original_CA_coordinates.csv,229,2,0.5,0.576212
pdb4b7f_A_original_CA_coordinates.csv,515,2,0.5,584.872
pdb5y5l_A_original_CA_coordinates.csv,399,2,0.5,0.155546
pdb5a4w_A_original_CA_coordinates.csv,211,2,0.5,0.522892
pdb6fac_A_original_CA_coordinates.csv,653,2,0.5,0.144707
pdb2do8_A_original_CA_coordinates.csv,188,2,0.5,0.289501
pdb4yfp_A_original_CA_coordinates.csv,137,2,0.5,0.292376
pdb3pf9_A_original_CA_coordinates.csv,251,2,0.5,35.3586
pdb2n53_A_original_CA_coordinates.csv,143,2,0.5,0.0702579
pdb5i7n_A_original_CA_coordinates.csv,325,2,0.5,0.0913334
pdb1ueq_A_original_CA_coordinates.csv,123,2,0.5,15.4729
pdb4tmz_B_original_CA_coordinates.csv,332,2,0.5,0.399992
pdb7fsa_A_original_CA_coordinates.csv,422,2,0.5,0.065573
pdb7p45_A_original_CA_coordinates.csv,659,2,0.5,0.755622
pdb3uj9_A_original_CA_coordinates.csv,258,2,0.5,3.90623
pdb4r9b_A_original_CA_coordinates.csv,138,2,0.5,6.78161
pdb3pxp_A_original_CA_coordinates.csv,281,2,0.5,41.4838
pdb4lg6_A_original_CA_coordinates.csv,163,2,0.5,23.8542
pdb3jvg_A_original_CA_coordinates.csv,264,2,0.5,0.164487
pdb5dfi_A_original_CA_coordinates.csv,276,2,0.5,25.1653
pdb8soq_A_original_CA_coordinates.csv,203,2,0.5,60.1793
pdb4o9k_A_original_CA_coordinates.csv,124,2,0.5,74.6393
pdb6qau_A_original_CA_coordinates.csv,276,2,0.5,126.769
pdb5qyy_A_original_CA_coordinates.csv,237,2,0.5,28.1068
pdb6lzo_A_original_CA_coordinates.csv,316,2,0.5,5.16261
pdb3aup_A_original_CA_coordinates.csv,377,2,0.5,20.6991
pdb2lgv_A_original_CA_coordinates.csv,100,2,0.5,0.0704045
pdb3al7_A_original_CA_coordinates.csv,207,2,0.5,3.0504
pdb4gq3_A_original_CA_coordinates.csv,466,2,0.5,0.0445721
pdb4cqh_A_original_CA_coordinates.csv,306,2,0.5,0.201142
pdb1kul_A_original_CA_coordinates.csv,108,2,0.5,0.170974
pdb4a8u_A_original_CA_coordinates.csv,159,2,0.5,0.0512739
pdb3cfc_H_original_CA_coordinates.csv,210,2,0.5,155.028
pdb5tsq_A_original_CA_coordinates.csv,312,2,0.5,0.169051
pdb4ket_A_original_CA_coordinates.csv,313,2,0.5,22.6046
pdb2q1z_A_original_CA_coordinates.csv,176,2,0.5,0.239508
pdb4u3z_B_original_CA_coordinates.csv,294,2,0.5,1.7054
pdb3p1s_A_original_CA_coordinates.csv,236,2,0.5,49.3506
pdb8b1p_A_original_CA_coordinates.csv,235,2,0.5,0.0902596
pdb3klb_A_original_CA_coordinates.csv,160,2,0.5,1.43282
pdb2ezl_A_original_CA_coordinates.csv,99,2,0.5,0.125486
pdb3quk_A_original_CA_coordinates.csv,262,2,0.5,17.1643
pdb4hlj_A_original_CA_coordinates.csv,223,2,0.5,0.202492
pdb5w8q_A_original_CA_coordinates.csv,379,2,0.5,21.7254
pdb2dic_A_original_CA_coordinates.csv,105,2,0.5,8.58402
pdb5mdl_L_original_CA_coordinates.csv,600,2,0.5,0.245511
pdb5ii6_A_original_CA_coordinates.csv,100,2,0.5,15.1801
pdb4c5w_A_original_CA_coordinates.csv,384,2,0.5,10.2958
pdb6u8l_A_original_CA_coordinates.csv,304,2,0.5,0.0620114
pdb6z8o_A_original_CA_coordinates.csv,277,2,0.5,0.421194
pdb1g47_A_original_CA_coordinates.csv,70,2,0.5,0.13383
pdb2zg9_X_original_CA_coordinates.csv,173,2,0.5,23.557
pdb3t64_A_original_CA_coordinates.csv,153,2,0.5,10.9112
pdb5oow_A_original_CA_coordinates.csv,182,2,0.5,0.623349
pdb7oi2_A_original_CA_coordinates.csv,307,2,0.5,1.34278
pdb8xx9_A_original_CA_coordinates.csv,620,2,0.5,20.9991
pdb3qwl_A_original_CA_coordinates.csv,272,2,0.5,0.136828
pdb5ahz_A_original_CA_coordinates.csv,243,2,0.5,1.42103
pdb6q2e_A_original_CA_coordinates.csv,330,2,0.5,0.0918636
pdb8ewz_A_original_CA_coordinates.csv,889,2,0.5,0.000151199
pdb2eeh_A_original_CA_coordinates.csv,100,2,0.5,0.288569
pdb2o3f_A_original_CA_coordinates.csv,75,2,0.5,0.0754195
pdb4jkc_A_original_CA_coordinates.csv,220,2,0.5,0.284862
pdb4nus_A_original_CA_coordinates.csv,301,2,0.5,26.9482
pdb6rs7_A_original_CA_coordinates.csv,220,2,0.5,5.32476
pdb4g0x_A_original_CA_coordinates.csv,142,2,0.5,0.0944727
pdb7c35_A_original_CA_coordinates.csv,306,2,0.5,4.99069
pdb7aki_A_original_CA_coordinates.csv,113,2,0.5,0.172682
pdb7wjb_A_original_CA_coordinates.csv,729,2,0.5,0.1853
pdb7ngk_A_original_CA_coordinates.csv,193,2,0.5,2.27778
pdb3rhl_A_original_CA_coordinates.csv,498,2,0.5,4.30837
pdb5etm_A_original_CA_coordinates.csv,159,2,0.5,0.148263
pdb2wfy_A_original_CA_coordinates.csv,295,2,0.5,1.73405
pdb5s79_A_original_CA_coordinates.csv,284,2,0.5,0.124483
pdb4bky_A_original_CA_coordinates.csv,311,2,0.5,3.60771
pdb5uaw_A_original_CA_coordinates.csv,263,2,0.5,0.0830051
pdb6wih_A_original_CA_coordinates.csv,401,2,0.5,8.32238
pdb5btd_A_original_CA_coordinates.csv,486,2,0.5,108.989
pdb7kr0_A_original_CA_coordinates.csv,169,2,0.5,0.0995434
pdb3pfr_A_original_CA_coordinates.csv,412,2,0.5,0.0268521
pdb3b8b_A_original_CA_coordinates.csv,263,2,0.5,3.85343
pdb7uju_A_original_CA_coordinates.csv,189,2,0.5,3.39705
pdb4o45_A_original_CA_coordinates.csv,305,2,0.5,2.03836
pdb3ugr_A_original_CA_coordinates.csv,308,2,0.5,0.0848241
pdb7bmb_A_original_CA_coordinates.csv,343,2,0.5,2.12805
pdb4l4u_A_original_CA_coordinates.csv,388,2,0.5,1.46879
pdb6dqh_A_original_CA_coordinates.csv,250,2,0.5,12.8194
pdb4q5q_A_original_CA_coordinates.csv,218,2,0.5,27.3773
pdb3q7x_A_original_CA_coordinates.csv,123,2,0.5,0.793018
pdb3qsj_A_original_CA_coordinates.csv,216,2,0.5,0.394815
pdb5ap6_A_original_CA_coordinates.csv,262,2,0.5,0.367848
pdb2go9_A_original_CA_coordinates.csv,161,2,0.5,8.55979
pdb4r9n_A_original_CA_coordinates.csv,241,2,0.5,0.161299
pdb5ok4_A_original_CA_coordinates.csv,344,2,0.5,1.29618
pdb5ppz_A_original_CA_coordinates.csv,121,2,0.5,10.0705
pdb6mv9_A_original_CA_coordinates.csv,674,2,0.5,0.0728723
pdb2akl_A_original_CA_coordinates.csv,116,2,0.5,2.74199
pdb4yt8_A_original_CA_coordinates.csv,334,2,0.5,2.38325
pdb6ecw_A_original_CA_coordinates.csv,281,2,0.5,51.5312
pdb7au9_A_original_CA_coordinates.csv,489,2,0.5,4.76543
pdb2cuf_A_original_CA_coordinates.csv,95,2,0.5,4.57416
pdb6pk1_A_original_CA_coordinates.csv,399,2,0.5,0.0674957
pdb3q9v_A_original_CA_coordinates.csv,98,2,0.5,1.2556
pdb5ps5_A_original_CA_coordinates.csv,121,2,0.5,0.851246
pdb5jth_A_original_CA_coordinates.csv,147,2,0.5,0.373154
pdb6u4u_A_original_CA_coordinates.csv,148,2,0.5,0.22768
pdb4b85_A_original_CA_coordinates.csv,536,2,0.5,1.94769
pdb3r8h_A_original_CA_coordinates.csv,303,2,0.5,0.180924
pdb4upg_A_original_CA_coordinates.csv,169,2,0.5,1.98403
pdb7fle_A_original_CA_coordinates.csv,237,2,0.5,10.4201
pdb5le5_A_original_CA_coordinates.csv,230,2,0.5,20.5508
pdb2cra_A_original_CA_coordinates.csv,70,2,0.5,0.0331501
pdb5up7_A_original_CA_coordinates.csv,172,2,0.5,0.267736
pdb7ehp_A_original_CA_coordinates.csv,397,2,0.5,153.86
pdb3mwd_A_original_CA_coordinates.csv,419,2,0.5,3.53239
pdb2eje_A_original_CA_coordinates.csv,114,2,0.5,1.51468
pdb3beu_A_original_CA_coordinates.csv,215,2,0.5,0.0937973
pdb7p6a_A_original_CA_coordinates.csv,108,2,0.5,1.22772
pdb6fum_A_original_CA_coordinates.csv,202,2,0.5,0.29928
pdb5dgb_A_original_CA_coordinates.csv,430,2,0.5,1.22059
pdb2ar6_A_original_CA_coordinates.csv,240,2,0.5,0.141654
pdb7kxn_A_original_CA_coordinates.csv,266,2,0.5,0.145736
pdb4ceb_A_original_CA_coordinates.csv,149,2,0.5,5.77613
pdb3kx1_A_original_CA_coordinates.csv,213,2,0.5,5.33496
pdb4ghr_A_original_CA_coordinates.csv,354,2,0.5,6.69183
pdb4gxo_A_original_CA_coordinates.csv,139,2,0.5,0.132624
pdb6p06_A_original_CA_coordinates.csv,253,2,0.5,53.549
pdb6xo3_A_original_CA_coordinates.csv,296,2,0.5,0.12592
pdb7rgv_A_original_CA_coordinates.csv,222,2,0.5,0.305263
pdb5r87_A_original_CA_coordinates.csv,152,2,0.5,6.5448
pdb6zc4_A_original_CA_coordinates.csv,88,2,0.5,36.1046
pdb5vas_A_original_CA_coordinates.csv,129,2,0.5,3.80229
pdb6l7d_A_original_CA_coordinates.csv,423,2,0.5,0.220774
pdb3bsy_A_original_CA_coordinates.csv,193,2,0.5,2.21784
pdb4xum_A_original_CA_coordinates.csv,260,2,0.5,32.7818
pdb3r8g_A_original_CA_coordinates.csv,303,2,0.5,0.191018
pdb6lv6_A_original_CA_coordinates.csv,257,2,0.5,27.7523
pdb7kjf_A_original_CA_coordinates.csv,340,2,0.5,6.13124
pdb4hdo_A_original_CA_coordinates.csv,310,2,0.5,5.87612
pdb3r7f_A_original_CA_coordinates.csv,291,2,0.5,1.8985
pdb6hmh_A_original_CA_coordinates.csv,341,2,0.5,5.61328
pdb5sfp_A_original_CA_coordinates.csv,312,2,0.5,0.373425
pdb7rh0_A_original_CA_coordinates.csv,138,2,0.5,10.1878
pdb3ldv_A_original_CA_coordinates.csv,231,2,0.5,1.22988
pdb7mws_A_original_CA_coordinates.csv,96,2,0.5,8.07119
pdb4r1j_A_original_CA_coordinates.csv,174,2,0.5,0.270179
pdb5sru_A_original_CA_coordinates.csv,167,2,0.5,9.35577
pdb2csg_A_original_CA_coordinates.csv,417,2,0.5,24.5215
pdb5pgh_A_original_CA_coordinates.csv,115,2,0.5,1.2989
pdb4a4g_A_original_CA_coordinates.csv,64,2,0.5,3.5056
pdb6ght_A_original_CA_coordinates.csv,261,2,0.5,23.0057
pdb3lhg_A_original_CA_coordinates.csv,369,2,0.5,0.182941
pdb7oub_B_original_CA_coordinates.csv,173,2,0.5,1.66204
pdb5tf3_A_original_CA_coordinates.csv,128,2,0.5,6.88354
pdb6hyn_A_original_CA_coordinates.csv,132,2,0.5,0.208552
pdb7q90_A_original_CA_coordinates.csv,294,2,0.5,0.0815266
pdb5e83_A_original_CA_coordinates.csv,141,2,0.5,0.0890119
pdb6gxs_A_original_CA_coordinates.csv,362,2,0.5,5.29715
pdb3ump_A_original_CA_coordinates.csv,309,2,0.5,10.841
pdb5ou8_A_original_CA_coordinates.csv,174,2,0.5,132.061
pdb6a2w_A_original_CA_coordinates.csv,166,2,0.5,0.753069
pdb4u9g_A_original_CA_coordinates.csv,187,2,0.5,9.43189
pdb3s7s_A_original_CA_coordinates.csv,452,2,0.5,56.0976
pdb4lh6_A_original_CA_coordinates.csv,322,2,0.5,2.95111
pdb6w3d_A_original_CA_coordinates.csv,115,2,0.5,0.81355
pdb7qr2_A_original_CA_coordinates.csv,365,2,0.5,1.2461
pdb7nzx_A_original_CA_coordinates.csv,258,2,0.5,0.166897
pdb3g7r_A_original_CA_coordinates.csv,187,2,0.5,8.2716
pdb5orz_A_original_CA_coordinates.csv,264,2,0.5,19.3004
pdb5upd_A_original_CA_coordinates.csv,214,2,0.5,0.132356
pdb5q58_A_original_CA_coordinates.csv,341,2,0.5,0.209631
pdb4ibv_A_original_CA_coordinates.csv,197,2,0.5,9.47077
pdb6qe9_A_original_CA_coordinates.csv,124,2,0.5,2.8857
pdb7ga7_A_original_CA_coordinates.csv,435,2,0.5,0.915271
pdb2aik_X_original_CA_coordinates.csv,274,2,0.5,21.1703
pdb2lcc_A_original_CA_coordinates.csv,76,2,0.5,0.206357
pdb3iwt_A_original_CA_coordinates.csv,166,2,0.5,23.3905
pdb4fhg_A_original_CA_coordinates.csv,340,2,0.5,3.5942
pdb6gjp_A_original_CA_coordinates.csv,165,2,0.5,1.92994
pdb6z8t_A_original_CA_coordinates.csv,650,2,0.5,11.796
pdb5j9v_A_original_CA_coordinates.csv,171,2,0.5,0.196943
pdb5wud_A_original_CA_coordinates.csv,196,2,0.5,0.0774955
pdb5kup_A_original_CA_coordinates.csv,265,2,0.5,0.442849
pdb5ps6_A_original_CA_coordinates.csv,121,2,0.5,20.6002
pdb7mxg_A_original_CA_coordinates.csv,625,2,0.5,22.3147
pdb4xa8_A_original_CA_coordinates.csv,301,2,0.5,1.43822
pdb5n30_A_original_CA_coordinates.csv,229,2,0.5,82.3056
pdb5jve_A_original_CA_coordinates.csv,124,2,0.5,0.0974214
pdb4ohh_A_original_CA_coordinates.csv,494,2,0.5,2.91536
pdb1lw9_A_original_CA_coordinates.csv,164,2,0.5,40.5528
pdb1ayf_A_original_CA_coordinates.csv,103,2,0.5,0.339198
pdb5foy_A_original_CA_coordinates.csv,367,2,0.5,1.51659
pdb6teo_A_original_CA_coordinates.csv,863,2,0.5,0.0098125
pdb4n9a_A_original_CA_coordinates.csv,356,2,0.5,1.2882
pdb6uae_A_original_CA_coordinates.csv,124,2,0.5,46.1778
pdb3bq3_A_original_CA_coordinates.csv,246,2,0.5,0.290814
pdb8g50_A_original_CA_coordinates.csv,158,2,0.5,0.209005
pdb8tt1_A_original_CA_coordinates.csv,227,2,0.5,3.02254
pdb2jxx_A_original_CA_coordinates.csv,78,2,0.5,0.0526972
pdb2k4n_A_original_CA_coordinates.csv,111,2,0.5,0.208226
pdb4hxc_A_original_CA_coordinates.csv,252,2,0.5,3.0711
pdb4rd0_A_original_CA_coordinates.csv,414,2,0.5,1.95284
pdb4pvh_A_original_CA_coordinates.csv,490,2,0.5,0.309764
pdb4zx6_A_original_CA_coordinates.csv,888,2,0.5,27.4825
pdb5uwh_A_original_CA_coordinates.csv,203,2,0.5,0.350768
pdb4eul_A_original_CA_coordinates.csv,226,2,0.5,0.826522
pdb1nmv_A_original_CA_coordinates.csv,163,2,0.5,10.3416
pdb6p44_A_original_CA_coordinates.csv,115,2,0.5,0.272918
pdb4f5q_A_original_CA_coordinates.csv,320,2,0.5,0.11287
pdb5kmw_A_original_CA_coordinates.csv,256,2,0.5,0.217841
pdb8em0_A_original_CA_coordinates.csv,166,2,0.5,8.16417
pdb3rq7_A_original_CA_coordinates.csv,212,2,0.5,9.43524
pdb4uqo_A_original_CA_coordinates.csv,222,2,0.5,0.242285
pdb5go0_A_original_CA_coordinates.csv,78,2,0.5,0.256833
pdb3gq5_A_original_CA_coordinates.csv,252,2,0.5,3.02471
pdb6hmn_A_original_CA_coordinates.csv,505,2,0.5,4.17635
pdb3zqs_A_original_CA_coordinates.csv,186,2,0.5,0.344025
pdb3zs7_A_original_CA_coordinates.csv,277,2,0.5,30.1331
pdb7f9p_A_original_CA_coordinates.csv,483,2,0.5,0.46496
pdb8wiu_A_original_CA_coordinates.csv,123,2,0.5,7.21735
pdb2hst_A_original_CA_coordinates.csv,136,2,0.5,2.09512
pdb4uhd_A_original_CA_coordinates.csv,274,2,0.5,2.36923
pdb2rkv_A_original_CA_coordinates.csv,443,2,0.5,36.3983
pdb3kbg_A_original_CA_coordinates.csv,186,2,0.5,0.325856
pdb4r9h_A_original_CA_coordinates.csv,100,2,0.5,4.56103
pdb4abl_A_original_CA_coordinates.csv,181,2,0.5,0.179348
pdb4dln_A_original_CA_coordinates.csv,297,2,0.5,44.5563
pdb4cho_A_original_CA_coordinates.csv,149,2,0.5,1.49833
pdb6r6k_A_original_CA_coordinates.csv,275,2,0.5,6.30152
pdb6vlf_A_original_CA_coordinates.csv,447,2,0.5,13.1757
pdb4qzt_A_original_CA_coordinates.csv,133,2,0.5,0.83638
pdb2rnj_A_original_CA_coordinates.csv,67,2,0.5,0.599338
pdb7c7m_A_original_CA_coordinates.csv,248,2,0.5,6.05401
pdb6orr_A_original_CA_coordinates.csv,271,2,0.5,0.480042
pdb7frz_A_original_CA_coordinates.csv,422,2,0.5,44.4608
pdb6t0q_A_original_CA_coordinates.csv,340,2,0.5,62.6539
pdb6gqe_A_original_CA_coordinates.csv,162,2,0.5,0.210028
pdb5po8_A_original_CA_coordinates.csv,123,2,0.5,0.033041
pdb4nbq_A_original_CA_coordinates.csv,643,2,0.5,0.397086
pdb4unv_A_original_CA_coordinates.csv,108,2,0.5,0.0903936
pdb6o0j_A_original_CA_coordinates.csv,527,2,0.5,0.300029
pdb5qxv_A_original_CA_coordinates.csv,130,2,0.5,0.115699
pdb6n6n_A_original_CA_coordinates.csv,301,2,0.5,27.8001
pdb5qiy_A_original_CA_coordinates.csv,225,2,0.5,0.171923
pdb3epw_A_original_CA_coordinates.csv,326,2,0.5,57.1284
pdb5nn5_A_original_CA_coordinates.csv,845,2,0.5,11.3092
pdb3obi_A_original_CA_coordinates.csv,278,2,0.5,296.353
pdb6i8n_A_original_CA_coordinates.csv,106,2,0.5,8.7896
pdb4fc9_B_original_CA_coordinates.csv,171,2,0.5,0.906168
pdb4lxz_A_original_CA_coordinates.csv,368,2,0.5,24.0075
pdb6bei_A_original_CA_coordinates.csv,541,2,0.5,3.26444
pdb6x3o_A_original_CA_coordinates.csv,265,2,0.5,1.51891
pdb5l8s_A_original_CA_coordinates.csv,604,2,0.5,0.204861
pdb2c3v_A_original_CA_coordinates.csv,92,2,0.5,1.35103
pdb7lru_B_original_CA_coordinates.csv,255,2,0.5,2.04311
pdb4m5m_A_original_CA_coordinates.csv,159,2,0.5,0.180903
pdb2xfg_A_original_CA_coordinates.csv,446,2,0.5,4.15207
pdb3lzt_A_original_CA_coordinates.csv,129,2,0.5,0.583749
pdb6x5l_A_original_CA_coordinates.csv,233,2,0.5,0.191426
pdb4lvl_A_original_CA_coordinates.csv,196,2,0.5,0.0578518
pdb4md0_A_original_CA_coordinates.csv,179,2,0.5,2.54048
pdb5t48_A_original_CA_coordinates.csv,181,2,0.5,16.3017
pdb7lrk_A_original_CA_coordinates.csv,119,2,0.5,1.06472
pdb3ijr_A_original_CA_coordinates.csv,277,2,0.5,0.669536
pdb3m0o_A_original_CA_coordinates.csv,385,2,0.5,2.20365
pdb2ymq_A_original_CA_coordinates.csv,224,2,0.5,6.08444
pdb5uws_A_original_CA_coordinates.csv,206,2,0.5,2.24682
pdb4n2p_A_original_CA_coordinates.csv,139,2,0.5,2.89331
pdb5syj_A_original_CA_coordinates.csv,713,2,0.5,0.317873
pdb5a89_A_original_CA_coordinates.csv,151,2,0.5,74.4104
pdb7yd2_A_original_CA_coordinates.csv,349,2,0.5,1.07896
pdb2vmz_A_original_CA_coordinates.csv,405,2,0.5,0.0400367
pdb4d50_A_original_CA_coordinates.csv,290,2,0.5,56.1493
pdb4ku2_A_original_CA_coordinates.csv,340,2,0.5,0.797094
pdb4wg1_A_original_CA_coordinates.csv,129,2,0.5,4.09675
pdb3hak_A_original_CA_coordinates.csv,103,2,0.5,3.63435
pdb2d8x_A_original_CA_coordinates.csv,70,2,0.5,0.0575992
pdb1wef_A_original_CA_coordinates.csv,225,2,0.5,3.38417
pdb2cqq_A_original_CA_coordinates.csv,72,2,0.5,0.301299
pdb4aj3_A_original_CA_coordinates.csv,416,2,0.5,0.293409
pdb5iag_A_original_CA_coordinates.csv,239,2,0.5,5.71584
pdb2pgn_A_original_CA_coordinates.csv,587,2,0.5,0.975463
pdb8ik8_A_original_CA_coordinates.csv,158,2,0.5,3.40525
pdb2x0y_A_original_CA_coordinates.csv,584,2,0.5,0.300576
pdb6qrx_A_original_CA_coordinates.csv,387,2,0.5,1.38681
pdb3o57_A_original_CA_coordinates.csv,336,2,0.5,0.820473
pdb8as6_A_original_CA_coordinates.csv,1566,2,0.5,0.515553
pdb7nl2_A_original_CA_coordinates.csv,335,2,0.5,0.822392
pdb3uqb_A_original_CA_coordinates.csv,191,2,0.5,1.23126
pdb8baw_A_original_CA_coordinates.csv,277,2,0.5,0.0668851
pdb1psb_A_original_CA_coordinates.csv,91,2,0.5,0.117826
pdb6z5y_A_original_CA_coordinates.csv,177,2,0.5,14.5975
pdb1mdz_A_original_CA_coordinates.csv,364,2,0.5,4.47476
pdb5rug_A_original_CA_coordinates.csv,167,2,0.5,12.3513
pdb3q2v_A_original_CA_coordinates.csv,532,2,0.5,0.589551
pdb3p3l_A_original_CA_coordinates.csv,403,2,0.5,1.03609
pdb4cf8_A_original_CA_coordinates.csv,149,2,0.5,1.06286
pdb5pxf_A_original_CA_coordinates.csv,178,2,0.5,0.431579
pdb6skh_A_original_CA_coordinates.csv,696,2,0.5,0.0631096
pdb1t07_A_original_CA_coordinates.csv,75,2,0.5,0.307911
pdb2n9d_A_original_CA_coordinates.csv,95,2,0.5,0.0925047
pdb6axk_A_original_CA_coordinates.csv,214,2,0.5,0.900624
pdb8aw0_A_original_CA_coordinates.csv,320,2,0.5,12.883
pdb4k41_A_original_CA_coordinates.csv,363,2,0.5,7.03791
pdb4d77_A_original_CA_coordinates.csv,245,2,0.5,0.224863
pdb5upv_A_original_CA_coordinates.csv,352,2,0.5,0.0814437
pdb4qy7_A_original_CA_coordinates.csv,91,2,0.5,54.9963
pdb3f75_A_original_CA_coordinates.csv,223,2,0.5,0.360658
pdb6z19_B_original_CA_coordinates.csv,328,2,0.5,0.31118
pdb5ue2_A_original_CA_coordinates.csv,247,2,0.5,0.329924
pdb3zgp_A_original_CA_coordinates.csv,129,2,0.5,1.61582
pdb5phh_A_original_CA_coordinates.csv,330,2,0.5,0.0863526
pdb6jvw_A_original_CA_coordinates.csv,260,2,0.5,1.89106
pdb3zdg_A_original_CA_coordinates.csv,200,2,0.5,71.4451
pdb6dx8_A_original_CA_coordinates.csv,378,2,0.5,0.800771
pdb8slb_A_original_CA_coordinates.csv,248,2,0.5,40.8164
pdb4i6r_A_original_CA_coordinates.csv,77,2,0.5,0.148485
pdb3dc9_A_original_CA_coordinates.csv,257,2,0.5,227.707
pdb6hby_A_original_CA_coordinates.csv,178,2,0.5,11.4737
pdb2lvv_A_original_CA_coordinates.csv,220,2,0.5,4.19617
pdb5nd7_C_original_CA_coordinates.csv,300,2,0.5,13.1537
pdb7ocm_A_original_CA_coordinates.csv,174,2,0.5,0.537321
pdb7o8c_A_original_CA_coordinates.csv,582,2,0.5,0.05833
pdb7r0q_A_original_CA_coordinates.csv,168,2,0.5,7.62545
pdb7ebt_A_original_CA_coordinates.csv,219,2,0.5,1.07166
pdb5ltd_A_original_CA_coordinates.csv,315,2,0.5,0.162211
pdb2kwc_A_original_CA_coordinates.csv,116,2,0.5,0.594462
pdb1xfn_A_original_CA_coordinates.csv,100,2,0.5,0.120952
pdb1z9b_A_original_CA_coordinates.csv,135,2,0.5,2.55907
pdb6gj5_A_original_CA_coordinates.csv,163,2,0.5,0.201036
pdb2ztv_A_original_CA_coordinates.csv,260,2,0.5,8.56792
pdb6tt2_A_original_CA_coordinates.csv,164,2,0.5,0.93639
pdb3of2_A_original_CA_coordinates.csv,267,2,0.5,22.1991
pdb4c2w_A_original_CA_coordinates.csv,268,2,0.5,0.0875344
pdb4glj_A_original_CA_coordinates.csv,287,2,0.5,12.911
pdb5skg_A_original_CA_coordinates.csv,312,2,0.5,42.896
pdb4z3b_A_original_CA_coordinates.csv,174,2,0.5,1.16616
pdb5hax_A_original_CA_coordinates.csv,698,2,0.5,0.234929
pdb2o9b_A_original_CA_coordinates.csv,315,2,0.5,3.37279
pdb4xyg_A_original_CA_coordinates.csv,376,2,0.5,0.0834929
pdb4xoe_A_original_CA_coordinates.csv,279,2,0.5,0.324155
pdb6vuo_A_original_CA_coordinates.csv,230,2,0.5,0.54099
pdb1q4w_A_original_CA_coordinates.csv,364,2,0.5,0.20543
pdb3n9h_A_original_CA_coordinates.csv,654,2,0.5,1.05103
pdb6t4j_A_original_CA_coordinates.csv,241,2,0.5,2.20135
pdb5b7f_A_original_CA_coordinates.csv,463,2,0.5,1.5341
pdb3kor_A_original_CA_coordinates.csv,96,2,0.5,0.252952
pdb5sys_A_original_CA_coordinates.csv,258,2,0.5,19.9618
pdb6asn_A_original_CA_coordinates.csv,527,2,0.5,1.81891
pdb6fek_A_original_CA_coordinates.csv,294,2,0.5,31.1733
pdb1h13_A_original_CA_coordinates.csv,404,2,0.5,6.5003
pdb3h02_A_original_CA_coordinates.csv,255,2,0.5,2.72928
pdb5kur_A_original_CA_coordinates.csv,164,2,0.5,0.187077
pdb1whb_A_original_CA_coordinates.csv,157,2,0.5,0.0653283
pdb6bow_A_original_CA_coordinates.csv,266,2,0.5,0.379392
pdb6rr9_A_original_CA_coordinates.csv,311,2,0.5,1.32377
pdb5u5s_A_original_CA_coordinates.csv,112,2,0.5,0.441908
pdb8bz6_A_original_CA_coordinates.csv,606,2,0.5,27.6694
pdb4j0l_A_original_CA_coordinates.csv,243,2,0.5,0.408361
pdb5zye_A_original_CA_coordinates.csv,384,2,0.5,0.110854
pdb5tlz_A_original_CA_coordinates.csv,346,2,0.5,5.23215
pdb4nrv_A_original_CA_coordinates.csv,283,2,0.5,0.29998
pdb4clh_A_original_CA_coordinates.csv,252,2,0.5,0.171742
pdb6pnl_A_original_CA_coordinates.csv,334,2,0.5,3.29027
pdb2w5a_A_original_CA_coordinates.csv,267,2,0.5,31.0703
pdb8v4a_A_original_CA_coordinates.csv,466,2,0.5,93.6388
pdb7tzd_A_original_CA_coordinates.csv,101,2,0.5,12.7657
pdb2mr3_A_original_CA_coordinates.csv,356,2,0.5,0.088347
pdb7uy0_A_original_CA_coordinates.csv,447,2,0.5,0.624432
pdb7n9l_A_original_CA_coordinates.csv,282,2,0.5,11.5351
pdb3p69_A_original_CA_coordinates.csv,124,2,0.5,0.802767
pdb3ml2_A_original_CA_coordinates.csv,257,2,0.5,5.96551
pdb4yxu_A_original_CA_coordinates.csv,258,2,0.5,4.18137
pdb6bea_A_original_CA_coordinates.csv,433,2,0.5,0.421871
pdb3lws_A_original_CA_coordinates.csv,346,2,0.5,5.77363
pdb3sug_A_original_CA_coordinates.csv,201,2,0.5,10.6727
pdb3jz9_A_original_CA_coordinates.csv,189,2,0.5,15.0179
pdb7u4z_A_original_CA_coordinates.csv,153,2,0.5,0.651878
pdb6nyr_A_original_CA_coordinates.csv,681,2,0.5,2.74041
pdb4pig_A_original_CA_coordinates.csv,75,2,0.5,0.595232
pdb3n4j_A_original_CA_coordinates.csv,161,2,0.5,8.12506
pdb4rwu_A_original_CA_coordinates.csv,81,2,0.5,0.0375534
pdb5cj6_A_original_CA_coordinates.csv,244,2,0.5,2.47058
pdb5hia_A_original_CA_coordinates.csv,202,2,0.5,0.333938
pdb6vw9_A_original_CA_coordinates.csv,231,2,0.5,1.17592
pdb3sxu_A_original_CA_coordinates.csv,146,2,0.5,0.359574
pdb5qxz_A_original_CA_coordinates.csv,130,2,0.5,98.796
pdb6oin_A_original_CA_coordinates.csv,271,2,0.5,29.6168
pdb2mrl_A_original_CA_coordinates.csv,72,2,0.5,2.17796
pdb2v9o_A_original_CA_coordinates.csv,274,2,0.5,2.29852
pdb1plc_A_original_CA_coordinates.csv,99,2,0.5,1.64158
pdb2zl7_A_original_CA_coordinates.csv,285,2,0.5,0.162034
pdb4e2z_A_original_CA_coordinates.csv,405,2,0.5,1.86016
pdb4zcs_A_original_CA_coordinates.csv,141,2,0.5,3.27164
pdb2gme_A_original_CA_coordinates.csv,225,2,0.5,0.194154
pdb4d5b_A_original_CA_coordinates.csv,312,2,0.5,3.17115
pdb5x7h_A_original_CA_coordinates.csv,700,2,0.5,3.20575
pdb4ftt_A_original_CA_coordinates.csv,266,2,0.5,2.83174
pdb2lys_A_original_CA_coordinates.csv,66,2,0.5,0.675878
pdb1wgn_A_original_CA_coordinates.csv,63,2,0.5,0.0362909
pdb5t7k_A_original_CA_coordinates.csv,232,2,0.5,0.607513
pdb6qhm_A_original_CA_coordinates.csv,235,2,0.5,0.086393
pdb3tx4_A_original_CA_coordinates.csv,267,2,0.5,5.87521
pdb4bfd_A_original_CA_coordinates.csv,372,2,0.5,1.52524
pdb4gib_A_original_CA_coordinates.csv,225,2,0.5,4.44103
pdb5pew_A_original_CA_coordinates.csv,115,2,0.5,0.319816
pdb8sdf_Z_original_CA_coordinates.csv,195,2,0.5,0.102565
pdb8d60_A_original_CA_coordinates.csv,129,2,0.5,0.0876209
pdb4gkt_A_original_CA_coordinates.csv,354,2,0.5,1.87504
pdb8g64_A_original_CA_coordinates.csv,169,2,0.5,0.0772926
pdb7gnw_A_original_CA_coordinates.csv,182,2,0.5,0.847181
pdb7frj_A_original_CA_coordinates.csv,281,2,0.5,106.871
pdb7gbd_A_original_CA_coordinates.csv,304,2,0.5,70.9344
pdb2k07_A_original_CA_coordinates.csv,175,2,0.5,0.70966
pdb8hz6_A_original_CA_coordinates.csv,377,2,0.5,0.206648
pdb1ozs_A_original_CA_coordinates.csv,73,2,0.5,3.90009
pdb5lgh_H_original_CA_coordinates.csv,200,2,0.5,0.156391
pdb5jjh_A_original_CA_coordinates.csv,704,2,0.5,0.0182343
pdb2mpx_C_original_CA_coordinates.csv,70,2,0.5,22.7491
pdb2x7s_A_original_CA_coordinates.csv,256,2,0.5,45.7436
pdb5qyn_A_original_CA_coordinates.csv,237,2,0.5,107.788
pdb6cjs_A_original_CA_coordinates.csv,218,2,0.5,4.42995
pdb4y3h_A_original_CA_coordinates.csv,330,2,0.5,16.7863
pdb8asn_A_original_CA_coordinates.csv,426,2,0.5,0.057369
pdb7me9_A_original_CA_coordinates.csv,249,2,0.5,4.89058
pdb5trw_A_original_CA_coordinates.csv,278,2,0.5,0.211758
pdb4xob_A_original_CA_coordinates.csv,279,2,0.5,1.78835
pdb5t38_A_original_CA_coordinates.csv,238,2,0.5,5.58688
pdb6wci_A_original_CA_coordinates.csv,400,2,0.5,12.8825
pdb4wct_A_original_CA_coordinates.csv,441,2,0.5,1.85284
pdb6ss3_A_original_CA_coordinates.csv,305,2,0.5,0.0661539
pdb6hsa_A_original_CA_coordinates.csv,145,2,0.5,1.84454
pdb1xu0_A_original_CA_coordinates.csv,102,2,0.5,5.24867
pdb8q00_A_original_CA_coordinates.csv,295,2,0.5,1.78988
pdb5hzq_A_original_CA_coordinates.csv,139,2,0.5,0.118018
pdb5szw_A_original_CA_coordinates.csv,101,2,0.5,0.0906278
pdb5tny_A_original_CA_coordinates.csv,283,2,0.5,4.37295
pdb6ude_A_original_CA_coordinates.csv,493,2,0.5,1.25552
pdb5a6x_A_original_CA_coordinates.csv,114,2,0.5,15.7934
pdb1b4m_A_original_CA_coordinates.csv,134,2,0.5,0.385733
pdb4kev_A_original_CA_coordinates.csv,313,2,0.5,0.130504
pdb2h4l_X_original_CA_coordinates.csv,454,2,0.5,1.63385
pdb2jj7_A_original_CA_coordinates.csv,177,2,0.5,0.932384
pdb6y0d_A_original_CA_coordinates.csv,214,2,0.5,0.80304
pdb7tbh_A_original_CA_coordinates.csv,243,2,0.5,1.63048
pdb6fff_A_original_CA_coordinates.csv,113,2,0.5,0.446347
pdb5sts_A_original_CA_coordinates.csv,237,2,0.5,1.43825
pdb2z9u_A_original_CA_coordinates.csv,392,2,0.5,174.483
pdb4cv7_A_original_CA_coordinates.csv,111,2,0.5,1.90706
pdb1x2p_A_original_CA_coordinates.csv,68,2,0.5,5.45403
pdb1rch_A_original_CA_coordinates.csv,155,2,0.5,0.0722437
pdb6thv_A_original_CA_coordinates.csv,354,2,0.5,0.327352
pdb4jzz_A_original_CA_coordinates.csv,336,2,0.5,26.346
pdb2rtg_B_original_CA_coordinates.csv,123,2,0.5,3.2737
pdb7xl0_A_original_CA_coordinates.csv,121,2,0.5,0.502319
pdb4k9o_A_original_CA_coordinates.csv,525,2,0.5,3.76141
pdb5sae_A_original_CA_coordinates.csv,348,2,0.5,2.61709
pdb7qbt_A_original_CA_coordinates.csv,411,2,0.5,0.0477399
pdb6s93_A_original_CA_coordinates.csv,102,2,0.5,2.72696
pdb3kzz_A_original_CA_coordinates.csv,158,2,0.5,7.08272
pdb8j16_X_original_CA_coordinates.csv,173,2,0.5,0.0927059
pdb5v37_A_original_CA_coordinates.csv,424,2,0.5,2.17216
pdb5s3i_A_original_CA_coordinates.csv,164,2,0.5,1.68616
pdb8crd_A_original_CA_coordinates.csv,500,2,0.5,68.4052
pdb7qcm_A_original_CA_coordinates.csv,314,2,0.5,0.13435
pdb3ds1_A_original_CA_coordinates.csv,81,2,0.5,0.640772
pdb5f60_A_original_CA_coordinates.csv,127,2,0.5,2.12525
pdb3pji_A_original_CA_coordinates.csv,119,2,0.5,0.359399
pdb2rsf_A_original_CA_coordinates.csv,110,2,0.5,3.87899
pdb4qgf_A_original_CA_coordinates.csv,196,2,0.5,0.68397
pdb6an3_A_original_CA_coordinates.csv,305,2,0.5,0.52253
pdb2avm_A_original_CA_coordinates.csv,99,2,0.5,2.63522
pdb7tse_A_original_CA_coordinates.csv,411,2,0.5,14.8416
pdb2npt_A_original_CA_coordinates.csv,102,2,0.5,0.612978
pdb2ux6_A_original_CA_coordinates.csv,122,2,0.5,1.36596
pdb6e51_A_original_CA_coordinates.csv,133,2,0.5,3.30449
pdb2n1w_A_original_CA_coordinates.csv,93,2,0.5,7.3578
pdb5vim_A_original_CA_coordinates.csv,261,2,0.5,8.94834
pdb7ncy_A_original_CA_coordinates.csv,126,2,0.5,1.49401
pdb1gwh_A_original_CA_coordinates.csv,498,2,0.5,0.508768
pdb5t4j_B_original_CA_coordinates.csv,360,2,0.5,2.04428
pdb6pp4_A_original_CA_coordinates.csv,404,2,0.5,0.694334
pdb7zx2_A_original_CA_coordinates.csv,434,2,0.5,3.10246
pdb5mlj_A_original_CA_coordinates.csv,109,2,0.5,7.60275
pdb2k5q_A_original_CA_coordinates.csv,105,2,0.5,47.5665
pdb2p7s_A_original_CA_coordinates.csv,110,2,0.5,0.315112
pdb4xnu_A_original_CA_coordinates.csv,532,2,0.5,0.267844
pdb4wh9_A_original_CA_coordinates.csv,177,2,0.5,2.41819
pdb7uqm_A_original_CA_coordinates.csv,142,2,0.5,45.0489
pdb4g7t_A_original_CA_coordinates.csv,212,2,0.5,0.0534911
pdb6exx_A_original_CA_coordinates.csv,79,2,0.5,4.13793
pdb8fgz_A_original_CA_coordinates.csv,243,2,0.5,2.54903
pdb4wej_A_original_CA_coordinates.csv,500,2,0.5,0.167599
pdb7ji2_A_original_CA_coordinates.csv,278,2,0.5,0.932861
pdb2ka9_A_original_CA_coordinates.csv,189,2,0.5,49.3404
pdb2y7l_A_original_CA_coordinates.csv,312,2,0.5,0.243161
pdb4yt9_A_original_CA_coordinates.csv,418,2,0.5,2.07277
pdb4hxa_L_original_CA_coordinates.csv,213,2,0.5,0.662675
pdb4uin_H_original_CA_coordinates.csv,221,2,0.5,8.16879
pdb7vxr_A_original_CA_coordinates.csv,101,2,0.5,0.520576
pdb3baa_A_original_CA_coordinates.csv,312,2,0.5,0.0936965
pdb7wg3_A_original_CA_coordinates.csv,213,2,0.5,5.75831
pdb7vjx_A_original_CA_coordinates.csv,300,2,0.5,0.557954
pdb5qz8_A_original_CA_coordinates.csv,237,2,0.5,15.3311
pdb5i9u_A_original_CA_coordinates.csv,281,2,0.5,77.6231
pdb2zse_A_original_CA_coordinates.csv,307,2,0.5,4.76
pdb2x38_A_original_CA_coordinates.csv,822,2,0.5,0.82641
pdb2rmo_A_original_CA_coordinates.csv,70,2,0.5,0.151615
pdb5ti0_A_original_CA_coordinates.csv,257,2,0.5,0.214963
pdb4q0w_A_original_CA_coordinates.csv,316,2,0.5,20.9691
pdb3ood_A_original_CA_coordinates.csv,328,2,0.5,27.8741
pdb6kgu_A_original_CA_coordinates.csv,448,2,0.5,6.3168
pdb5fnh_A_original_CA_coordinates.csv,257,2,0.5,0.966133
pdb3imf_A_original_CA_coordinates.csv,238,2,0.5,0.226601
pdb6tl3_A_original_CA_coordinates.csv,227,2,0.5,7.03801
pdb6cbr_A_original_CA_coordinates.csv,144,2,0.5,0.106502
pdb8gsj_A_original_CA_coordinates.csv,336,2,0.5,0.793106
pdb7zjp_A_original_CA_coordinates.csv,215,2,0.5,31.8777
pdb5hwq_A_original_CA_coordinates.csv,417,2,0.5,10.5836
pdb4mho_A_original_CA_coordinates.csv,806,2,0.5,127.855
pdb4qa5_A_original_CA_coordinates.csv,364,2,0.5,24.8933
pdb7jz5_A_original_CA_coordinates.csv,134,2,0.5,1.0346
pdb3e29_A_original_CA_coordinates.csv,128,2,0.5,0.132451
pdb5q2p_A_original_CA_coordinates.csv,341,2,0.5,0.767746
pdb4o8q_A_original_CA_coordinates.csv,242,2,0.5,0.12202
pdb6ep7_A_original_CA_coordinates.csv,210,2,0.5,67.0176
pdb2gq2_A_original_CA_coordinates.csv,238,2,0.5,0.525046
pdb5cp1_A_original_CA_coordinates.csv,245,2,0.5,2.04289
pdb7suw_A_original_CA_coordinates.csv,257,2,0.5,1.59249
pdb3cav_A_original_CA_coordinates.csv,325,2,0.5,2.14696
pdb4jea_A_original_CA_coordinates.csv,106,2,0.5,2.56061
pdb1vl4_A_original_CA_coordinates.csv,428,2,0.5,0.707937
pdb7qxl_A_original_CA_coordinates.csv,105,2,0.5,2.0053
pdb3rwl_A_original_CA_coordinates.csv,404,2,0.5,3.50275
pdb8avn_A_original_CA_coordinates.csv,202,2,0.5,11.8066
pdb5r17_A_original_CA_coordinates.csv,237,2,0.5,0.129619
pdb8dxh_A_original_CA_coordinates.csv,556,2,0.5,73.66
pdb5a0y_A_original_CA_coordinates.csv,542,2,0.5,2252.03
pdb1g03_A_original_CA_coordinates.csv,134,2,0.5,0.035562
pdb2rq4_A_original_CA_coordinates.csv,115,2,0.5,0.179568
pdb8e7q_A_original_CA_coordinates.csv,138,2,0.5,0.160801
pdb5v8s_A_original_CA_coordinates.csv,399,2,0.5,0.769707
pdb4de2_A_original_CA_coordinates.csv,260,2,0.5,3.31223
pdb5v2w_A_original_CA_coordinates.csv,166,2,0.5,10.6585
pdb4nqx_A_original_CA_coordinates.csv,274,2,0.5,4.01051
pdb1p4w_A_original_CA_coordinates.csv,87,2,0.5,0.0225248
pdb5pq6_A_original_CA_coordinates.csv,121,2,0.5,0.808995
pdb5pfy_A_original_CA_coordinates.csv,115,2,0.5,4.96772
pdb4ehc_A_original_CA_coordinates.csv,275,2,0.5,4.43402
pdb6loy_A_original_CA_coordinates.csv,246,2,0.5,1.16442
pdb7pa4_A_original_CA_coordinates.csv,524,2,0.5,0.249806
pdb5sig_A_original_CA_coordinates.csv,312,2,0.5,34.8224
pdb6jyv_A_original_CA_coordinates.csv,329,2,0.5,1242.26
pdb3rlh_A_original_CA_coordinates.csv,277,2,0.5,2.48035
pdb3ca3_A_original_CA_coordinates.csv,257,2,0.5,0.172609
pdb5j7p_A_original_CA_coordinates.csv,114,2,0.5,39.9807
pdb6jbe_A_original_CA_coordinates.csv,404,2,0.5,6.3125
pdb6l4p_A_original_CA_coordinates.csv,195,2,0.5,0.517348
pdb1spy_A_original_CA_coordinates.csv,89,2,0.5,0.0515051
pdb8hqb_A_original_CA_coordinates.csv,80,2,0.5,0.660015
pdb3w7l_A_original_CA_coordinates.csv,313,2,0.5,12.2196
pdb6zm2_A_original_CA_coordinates.csv,626,2,0.5,3.75936
pdb7vzp_A_original_CA_coordinates.csv,565,2,0.5,22.2186
pdb3itp_A_original_CA_coordinates.csv,129,2,0.5,0.066001
pdb8cou_A_original_CA_coordinates.csv,413,2,0.5,8.15716
pdb4i6t_A_original_CA_coordinates.csv,75,2,0.5,13.1138
pdb4d3j_A_original_CA_coordinates.csv,362,2,0.5,10.3969
pdb6vmx_A_original_CA_coordinates.csv,276,2,0.5,11.7208
pdb2m5y_A_original_CA_coordinates.csv,122,2,0.5,66.9268
pdb6pnd_A_original_CA_coordinates.csv,414,2,0.5,25.4623
pdb7sg5_H_original_CA_coordinates.csv,213,2,0.5,0.0603309
pdb5hph_A_original_CA_coordinates.csv,482,2,0.5,0.758016
pdb4izo_A_original_CA_coordinates.csv,376,2,0.5,0.118878
pdb6uqz_A_original_CA_coordinates.csv,287,2,0.5,30.0714
pdb5clh_A_original_CA_coordinates.csv,159,2,0.5,0.168238
pdb5d0g_A_original_CA_coordinates.csv,162,2,0.5,0.135174
pdb2pnw_A_original_CA_coordinates.csv,354,2,0.5,1.76345
pdb3rja_A_original_CA_coordinates.csv,473,2,0.5,3.86652
pdb8bxh_A_original_CA_coordinates.csv,298,2,0.5,0.0911073
pdb5qr3_B_original_CA_coordinates.csv,428,2,0.5,0.585894
pdb8f5n_A_original_CA_coordinates.csv,282,2,0.5,0.506391
pdb2qoc_A_original_CA_coordinates.csv,283,2,0.5,0.223582
pdb3e8s_A_original_CA_coordinates.csv,216,2,0.5,0.243306
pdb2zl5_A_original_CA_coordinates.csv,289,2,0.5,19.8807
pdb6p6z_A_original_CA_coordinates.csv,158,2,0.5,0.308079
pdb5nxi_A_original_CA_coordinates.csv,259,2,0.5,0.364222
pdb4ru1_A_original_CA_coordinates.csv,288,2,0.5,0.777488
pdb2jmo_A_original_CA_coordinates.csv,80,2,0.5,0.191192
pdb3ecp_A_original_CA_coordinates.csv,458,2,0.5,0.0323754
pdb6mt6_A_original_CA_coordinates.csv,276,2,0.5,7.24602
pdb3el5_A_original_CA_coordinates.csv,99,2,0.5,5.53029
pdb8dsd_A_original_CA_coordinates.csv,467,2,0.5,0.40599
pdb5ucs_A_original_CA_coordinates.csv,290,2,0.5,1.11809
pdb6zwk_A_original_CA_coordinates.csv,115,2,0.5,0.483418
pdb8swr_A_original_CA_coordinates.csv,295,2,0.5,1.87789
pdb9av7_A_original_CA_coordinates.csv,304,2,0.5,2.01267
pdb2ypo_A_original_CA_coordinates.csv,458,2,0.5,1.19335
pdb7bv3_A_original_CA_coordinates.csv,457,2,0.5,2.08286
pdb3mhu_A_original_CA_coordinates.csv,307,2,0.5,0.603597
pdb6dp1_A_original_CA_coordinates.csv,135,2,0.5,0.0729119
pdb1t8k_A_original_CA_coordinates.csv,77,2,0.5,0.375467
pdb4jft_A_original_CA_coordinates.csv,438,2,0.5,0.160702
pdb7die_A_original_CA_coordinates.csv,164,2,0.5,29.6155
pdb1m2a_A_original_CA_coordinates.csv,103,2,0.5,0.455112
pdb8szs_A_original_CA_coordinates.csv,856,2,0.5,1.1861
pdb5uzp_A_original_CA_coordinates.csv,436,2,0.5,0.995102
pdb3ks6_A_original_CA_coordinates.csv,241,2,0.5,38.8681
pdb5pik_A_original_CA_coordinates.csv,331,2,0.5,21.5211
pdb5j2j_A_original_CA_coordinates.csv,326,2,0.5,0.0466656
pdb6nnc_A_original_CA_coordinates.csv,159,2,0.5,0.325483
pdb2e3l_A_original_CA_coordinates.csv,99,2,0.5,0.213814
pdb5g39_A_original_CA_coordinates.csv,172,2,0.5,3.43377
pdb5rdl_A_original_CA_coordinates.csv,330,2,0.5,36.4283
pdb5lgx_A_original_CA_coordinates.csv,363,2,0.5,0.0897203
pdb5lbk_A_original_CA_coordinates.csv,119,2,0.5,0.0870783
pdb2x7c_A_original_CA_coordinates.csv,332,2,0.5,8.90151
pdb3uhb_A_original_CA_coordinates.csv,145,2,0.5,0.0349976
pdb4h4j_A_original_CA_coordinates.csv,229,2,0.5,0.166374
pdb4a9j_A_original_CA_coordinates.csv,112,2,0.5,0.690096
pdb6rez_A_original_CA_coordinates.csv,273,2,0.5,8.74379
pdb7dqt_A_original_CA_coordinates.csv,154,2,0.5,0.421403
pdb4jr2_A_original_CA_coordinates.csv,224,2,0.5,0.767628
pdb4k7w_A_original_CA_coordinates.csv,72,2,0.5,3.26203
pdb5cty_A_original_CA_coordinates.csv,192,2,0.5,0.160539
pdb4liz_A_original_CA_coordinates.csv,137,2,0.5,1.27983
pdb2l9n_A_original_CA_coordinates.csv,250,2,0.5,0.323833
pdb8coz_A_original_CA_coordinates.csv,335,2,0.5,37.3313
pdb2m4h_A_original_CA_coordinates.csv,67,2,0.5,0.0283311
pdb3h22_A_original_CA_coordinates.csv,261,2,0.5,0.124354
pdb5bxy_A_original_CA_coordinates.csv,152,2,0.5,0.197519
pdb4ohw_A_original_CA_coordinates.csv,399,2,0.5,0.0835917
pdb6h6i_A_original_CA_coordinates.csv,144,2,0.5,0.113231
pdb8r95_A_original_CA_coordinates.csv,152,2,0.5,1.91682
pdb2i5z_O_original_CA_coordinates.csv,246,2,0.5,0.0466933
pdb3d78_A_original_CA_coordinates.csv,119,2,0.5,34.9359
pdb3uqp_A_original_CA_coordinates.csv,370,2,0.5,1.07159
pdb6lko_A_original_CA_coordinates.csv,408,2,0.5,2.04976
pdb5l7m_A_original_CA_coordinates.csv,88,2,0.5,5.66623
pdb2pev_A_original_CA_coordinates.csv,316,2,0.5,3.74889
pdb7jvu_A_original_CA_coordinates.csv,365,2,0.5,0.570318
pdb5o1h_A_original_CA_coordinates.csv,196,2,0.5,9.97247
pdb3u41_A_original_CA_coordinates.csv,204,2,0.5,5.48625
pdb7yxe_A_original_CA_coordinates.csv,148,2,0.5,1.81541
pdb5pws_A_original_CA_coordinates.csv,178,2,0.5,91.571
pdb3prp_A_original_CA_coordinates.csv,161,2,0.5,2.30895
pdb4df1_A_original_CA_coordinates.csv,199,2,0.5,5.59724
pdb4f0l_A_original_CA_coordinates.csv,448,2,0.5,1.22539
pdb2rke_A_original_CA_coordinates.csv,612,2,0.5,19.5542
pdb4lc4_A_original_CA_coordinates.csv,320,2,0.5,40.1294
pdb6ydx_A_original_CA_coordinates.csv,856,2,0.5,0.0071743
pdb2osm_A_original_CA_coordinates.csv,258,2,0.5,0.981252
pdb7zp7_A_original_CA_coordinates.csv,305,2,0.5,3.12663
pdb7kvo_A_original_CA_coordinates.csv,457,2,0.5,2.35146
pdb3bq9_A_original_CA_coordinates.csv,446,2,0.5,3.89315
pdb6cia_A_original_CA_coordinates.csv,284,2,0.5,0.29741
pdb3pp4_H_original_CA_coordinates.csv,220,2,0.5,0.208666
pdb3zl4_H_original_CA_coordinates.csv,231,2,0.5,4.67794
pdb4j5u_A_original_CA_coordinates.csv,419,2,0.5,0.818691
pdb5pi5_A_original_CA_coordinates.csv,331,2,0.5,26.1805
pdb7x2m_E_original_CA_coordinates.csv,196,2,0.5,0.0298819
pdb4uzq_A_original_CA_coordinates.csv,355,2,0.5,0.153391
pdb2ld5_A_original_CA_coordinates.csv,67,2,0.5,0.0980272
pdb3v0j_A_original_CA_coordinates.csv,319,2,0.5,22.196
pdb3rnj_A_original_CA_coordinates.csv,67,2,0.5,0.161803
pdb4n0h_A_original_CA_coordinates.csv,446,2,0.5,14.5541
pdb1xdx_A_original_CA_coordinates.csv,114,2,0.5,16.9349
pdb8oge_A_original_CA_coordinates.csv,257,2,0.5,0.058093
pdb7z8n_A_original_CA_coordinates.csv,286,2,0.5,47.6996
pdb6iyy_A_original_CA_coordinates.csv,312,2,0.5,1.79645
pdb2qei_A_original_CA_coordinates.csv,511,2,0.5,0.35006
pdb6blf_A_original_CA_coordinates.csv,348,2,0.5,9.19013
pdb5hvn_A_original_CA_coordinates.csv,354,2,0.5,0.274864
pdb3q67_A_original_CA_coordinates.csv,316,2,0.5,0.805651
pdb5s88_A_original_CA_coordinates.csv,283,2,0.5,0.349327
pdb2lpc_A_original_CA_coordinates.csv,185,2,0.5,0.638051
pdb8dxg_A_original_CA_coordinates.csv,556,2,0.5,3.46741
pdb5mnp_A_original_CA_coordinates.csv,220,2,0.5,6.17369
pdb6d7y_A_original_CA_coordinates.csv,89,2,0.5,0.110516
pdb3fa2_A_original_CA_coordinates.csv,203,2,0.5,0.105382
pdb1eye_A_original_CA_coordinates.csv,256,2,0.5,0.0719514
pdb4nif_A_original_CA_coordinates.csv,313,2,0.5,0.239154
pdb6tcu_A_original_CA_coordinates.csv,349,2,0.5,0.385366
pdb6d1j_A_original_CA_coordinates.csv,229,2,0.5,0.608581
pdb4dzu_A_original_CA_coordinates.csv,188,2,0.5,0.116133
pdb8as7_A_original_CA_coordinates.csv,1575,2,0.5,2.99883
pdb5jep_B_original_CA_coordinates.csv,258,2,0.5,29.7291
pdb3oc8_A_original_CA_coordinates.csv,134,2,0.5,0.0871571
pdb5th2_A_original_CA_coordinates.csv,213,2,0.5,1.56561
pdb5tfb_A_original_CA_coordinates.csv,215,2,0.5,5.56833
pdb5mbc_A_original_CA_coordinates.csv,342,2,0.5,49.7745
pdb2k20_A_original_CA_coordinates.csv,104,2,0.5,0.636978
pdb4rw4_A_original_CA_coordinates.csv,538,2,0.5,4.47063
pdb3hn5_A_original_CA_coordinates.csv,199,2,0.5,53.9556
pdb5lwx_A_original_CA_coordinates.csv,554,2,0.5,24.9472
pdb5fmr_A_original_CA_coordinates.csv,242,2,0.5,1.29227
pdb6w39_A_original_CA_coordinates.csv,374,2,0.5,28.4889
pdb2y6r_A_original_CA_coordinates.csv,366,2,0.5,2.64504
pdb4jwq_A_original_CA_coordinates.csv,69,2,0.5,0.0456028
pdb5r19_A_original_CA_coordinates.csv,237,2,0.5,1.24761
pdb8fgs_A_original_CA_coordinates.csv,401,2,0.5,36.2436
pdb5dr1_A_original_CA_coordinates.csv,330,2,0.5,9.13427
pdb5d2r_A_original_CA_coordinates.csv,420,2,0.5,1.18529
pdb2vqp_A_original_CA_coordinates.csv,254,2,0.5,0.514506
pdb5lqd_A_original_CA_coordinates.csv,446,2,0.5,1.23117
pdb6svu_A_original_CA_coordinates.csv,220,2,0.5,1.27743
pdb7m1z_A_original_CA_coordinates.csv,358,2,0.5,146.494
pdb4j5q_A_original_CA_coordinates.csv,146,2,0.5,3.1753
pdb7l1z_A_original_CA_coordinates.csv,221,2,0.5,0.35797
pdb2gzo_A_original_CA_coordinates.csv,187,2,0.5,2.91313
pdb6frr_A_original_CA_coordinates.csv,92,2,0.5,0.100494
pdb5qow_A_original_CA_coordinates.csv,149,2,0.5,0.352015
pdb4mak_A_original_CA_coordinates.csv,73,2,0.5,0.776861
pdb7zy9_A_original_CA_coordinates.csv,303,2,0.5,4.07347
pdb3pzb_A_original_CA_coordinates.csv,357,2,0.5,0.367554
pdb7sv4_A_original_CA_coordinates.csv,170,2,0.5,19.2929
pdb8fll_A_original_CA_coordinates.csv,264,2,0.5,0.0615326
pdb2kko_A_original_CA_coordinates.csv,108,2,0.5,0.595721
pdb6tyk_A_original_CA_coordinates.csv,185,2,0.5,145.995
pdb6toy_A_original_CA_coordinates.csv,481,2,0.5,0.325163
pdb4d8b_A_original_CA_coordinates.csv,254,2,0.5,1.73309
pdb5o2n_A_original_CA_coordinates.csv,564,2,0.5,25.3093
pdb7qcb_A_original_CA_coordinates.csv,240,2,0.5,1.07857
pdb6lj6_A_original_CA_coordinates.csv,229,2,0.5,1.64319
pdb3p5g_A_original_CA_coordinates.csv,128,2,0.5,0.16647
pdb2a40_A_original_CA_coordinates.csv,361,2,0.5,10.8921
pdb4y6g_A_original_CA_coordinates.csv,257,2,0.5,0.310277
pdb2rog_A_original_CA_coordinates.csv,66,2,0.5,0.471777
pdb6sf8_A_original_CA_coordinates.csv,361,2,0.5,50.5398
pdb3uwd_A_original_CA_coordinates.csv,380,2,0.5,0.0531121
pdb4jld_A_original_CA_coordinates.csv,203,2,0.5,0.260614
pdb5pck_A_original_CA_coordinates.csv,115,2,0.5,2.8327
pdb5k45_A_original_CA_coordinates.csv,328,2,0.5,0.0312143
pdb8r8i_A_original_CA_coordinates.csv,152,2,0.5,12.6229
pdb3tu3_A_original_CA_coordinates.csv,119,2,0.5,0.220149
pdb4brq_A_original_CA_coordinates.csv,359,2,0.5,11.341
pdb5fsn_A_original_CA_coordinates.csv,154,2,0.5,0.0659795
pdb5ufg_A_original_CA_coordinates.csv,464,2,0.5,7.7609
pdb5e5h_A_original_CA_coordinates.csv,510,2,0.5,4.18335
pdb8rnv_A_original_CA_coordinates.csv,129,2,0.5,1.02912
pdb6uwq_A_original_CA_coordinates.csv,163,2,0.5,0.0505021
pdb5pdk_A_original_CA_coordinates.csv,115,2,0.5,1.4559
pdb5eh8_A_original_CA_coordinates.csv,258,2,0.5,0.577406
pdb8f9s_H_original_CA_coordinates.csv,216,2,0.5,114.353
pdb2r48_A_original_CA_coordinates.csv,104,2,0.5,5.35865
pdb2vfe_A_original_CA_coordinates.csv,247,2,0.5,0.786318
pdb3bcb_A_original_CA_coordinates.csv,444,2,0.5,4.4493
pdb6igy_A_original_CA_coordinates.csv,391,2,0.5,5.13632
pdb2jra_A_original_CA_coordinates.csv,67,2,0.5,0.499593
pdb3oo5_A_original_CA_coordinates.csv,140,2,0.5,0.440307
pdb7tqe_A_original_CA_coordinates.csv,273,2,0.5,44.6356
pdb2rpq_A_original_CA_coordinates.csv,93,2,0.5,1.81457
pdb4cbx_A_original_CA_coordinates.csv,358,2,0.5,0.675903
pdb6g6p_A_original_CA_coordinates.csv,318,2,0.5,5.55449
pdb4e5w_A_original_CA_coordinates.csv,292,2,0.5,8.94887
pdb7fiv_A_original_CA_coordinates.csv,408,2,0.5,10.6877
pdb3dn2_A_original_CA_coordinates.csv,164,2,0.5,0.115095
pdb5hq8_A_original_CA_coordinates.csv,426,2,0.5,8.74519
pdb2oh5_A_original_CA_coordinates.csv,247,2,0.5,210.905
pdb1yb7_A_original_CA_coordinates.csv,256,2,0.5,0.331823
pdb6b1m_B_original_CA_coordinates.csv,378,2,0.5,0.187185
pdb6ri6_A_original_CA_coordinates.csv,497,2,0.5,62.0634
pdb4j89_A_original_CA_coordinates.csv,228,2,0.5,11.0402
pdb4cp8_A_original_CA_coordinates.csv,448,2,0.5,26.1078
pdb2w4j_A_original_CA_coordinates.csv,276,2,0.5,0.469029
pdb4eiu_A_original_CA_coordinates.csv,238,2,0.5,3.53679
pdb3ek3_A_original_CA_coordinates.csv,184,2,0.5,0.16169
pdb3fdr_A_original_CA_coordinates.csv,89,2,0.5,0.112421
pdb3kkn_A_original_CA_coordinates.csv,166,2,0.5,9.0877
pdb4mzk_A_original_CA_coordinates.csv,142,2,0.5,4.08247
pdb1o1w_A_original_CA_coordinates.csv,138,2,0.5,0.237876
pdb7cml_A_original_CA_coordinates.csv,334,2,0.5,2.20466
pdb1dav_A_original_CA_coordinates.csv,71,2,0.5,0.119568
pdb5vwl_A_original_CA_coordinates.csv,105,2,0.5,0.024759
pdb6xrv_A_original_CA_coordinates.csv,269,2,0.5,111.446
pdb3sbq_A_original_CA_coordinates.csv,581,2,0.5,5.02097
pdb5zp1_A_original_CA_coordinates.csv,619,2,0.5,294.992
pdb1i1w_A_original_CA_coordinates.csv,302,2,0.5,191.405
pdb2pcf_A_original_CA_coordinates.csv,99,2,0.5,5.25833
pdb6nec_A_original_CA_coordinates.csv,287,2,0.5,7.13993
pdb5obi_A_original_CA_coordinates.csv,445,2,0.5,1.36858
pdb4mst_A_original_CA_coordinates.csv,241,2,0.5,2.29842
pdb7kxl_A_original_CA_coordinates.csv,267,2,0.5,1.30328
pdb3lhn_A_original_CA_coordinates.csv,106,2,0.5,0.367382
pdb5q5d_A_original_CA_coordinates.csv,341,2,0.5,1.4985
pdb1xee_A_original_CA_coordinates.csv,91,2,0.5,0.615098
pdb7kz6_A_original_CA_coordinates.csv,438,2,0.5,34.6478
pdb3hn4_A_original_CA_coordinates.csv,256,2,0.5,0.820874
pdb6b9h_A_original_CA_coordinates.csv,151,2,0.5,9.42794
pdb6wtp_A_original_CA_coordinates.csv,274,2,0.5,5.5157
pdb2lra_A_original_CA_coordinates.csv,81,2,0.5,17.1001
pdb7g03_A_original_CA_coordinates.csv,133,2,0.5,2.01728
pdb5nqf_A_original_CA_coordinates.csv,298,2,0.5,3.32921
pdb6gqu_A_original_CA_coordinates.csv,232,2,0.5,2.96182
pdb2l0i_A_original_CA_coordinates.csv,136,2,0.5,0.436697
pdb5sh7_A_original_CA_coordinates.csv,312,2,0.5,0.301708
pdb2y2v_A_original_CA_coordinates.csv,530,2,0.5,2.99384
pdb1v06_A_original_CA_coordinates.csv,138,2,0.5,3.33359
pdb4idi_A_original_CA_coordinates.csv,117,2,0.5,0.113855
pdb3tid_A_original_CA_coordinates.csv,277,2,0.5,0.252339
pdb2m2a_A_original_CA_coordinates.csv,148,2,0.5,1.28941
pdb7g91_A_original_CA_coordinates.csv,178,2,0.5,3.81571
pdb6s0u_A_original_CA_coordinates.csv,276,2,0.5,62.5423
pdb5vl0_A_original_CA_coordinates.csv,374,2,0.5,3.88835
pdb7rzk_A_original_CA_coordinates.csv,208,2,0.5,1.54109
pdb7g9j_A_original_CA_coordinates.csv,178,2,0.5,1.48665
pdb5uwo_A_original_CA_coordinates.csv,205,2,0.5,20.7292
pdb4mp3_A_original_CA_coordinates.csv,321,2,0.5,0.316649
pdb3bhg_A_original_CA_coordinates.csv,437,2,0.5,78.5077
pdb4u0j_A_original_CA_coordinates.csv,268,2,0.5,68.1164
pdb4fj7_A_original_CA_coordinates.csv,901,2,0.5,0.0052373
pdb6q50_A_original_CA_coordinates.csv,318,2,0.5,6.93694
pdb5szt_A_original_CA_coordinates.csv,540,2,0.5,0.492136
pdb4lmw_A_original_CA_coordinates.csv,250,2,0.5,24.9776
pdb8a1b_A_original_CA_coordinates.csv,295,2,0.5,0.103247
pdb7g96_A_original_CA_coordinates.csv,178,2,0.5,6.27658
pdb3n61_A_original_CA_coordinates.csv,407,2,0.5,1.8158
pdb1x2m_A_original_CA_coordinates.csv,64,2,0.5,0.260673
pdb6en5_A_original_CA_coordinates.csv,605,2,0.5,143.763
pdb5sdb_A_original_CA_coordinates.csv,186,2,0.5,0.434164
pdb7oul_A_original_CA_coordinates.csv,1032,2,0.5,10.1083
pdb3ct5_A_original_CA_coordinates.csv,159,2,0.5,3.88307
pdb5am2_A_original_CA_coordinates.csv,537,2,0.5,15.5896
pdb3b4w_A_original_CA_coordinates.csv,483,2,0.5,105.179
pdb5s3f_A_original_CA_coordinates.csv,165,2,0.5,0.236458
pdb1yop_A_original_CA_coordinates.csv,83,2,0.5,0.74594
pdb5pca_A_original_CA_coordinates.csv,115,2,0.5,0.400026
pdb4ix6_A_original_CA_coordinates.csv,346,2,0.5,1.34635
pdb1irp_A_original_CA_coordinates.csv,153,2,0.5,0.289402
pdb4yjt_A_original_CA_coordinates.csv,268,2,0.5,19.2549
pdb4f64_A_original_CA_coordinates.csv,278,2,0.5,0.48003
pdb7lub_A_original_CA_coordinates.csv,460,2,0.5,0.980782
pdb1x53_A_original_CA_coordinates.csv,145,2,0.5,0.100316
pdb5w80_A_original_CA_coordinates.csv,453,2,0.5,5.30148
pdb6jiz_A_original_CA_coordinates.csv,293,2,0.5,0.216921
pdb5fvp_A_original_CA_coordinates.csv,407,2,0.5,33.5579
pdb5r1t_A_original_CA_coordinates.csv,330,2,0.5,17.7204
pdb5owa_A_original_CA_coordinates.csv,110,2,0.5,4.26005
pdb4x12_A_original_CA_coordinates.csv,257,2,0.5,113.93
pdb5n9x_A_original_CA_coordinates.csv,489,2,0.5,0.698095
pdb7l2f_A_original_CA_coordinates.csv,1088,2,0.5,0.00678632
pdb7q6n_A_original_CA_coordinates.csv,197,2,0.5,0.256493
pdb5nin_B_original_CA_coordinates.csv,141,2,0.5,2.13194
pdb2wfz_A_original_CA_coordinates.csv,532,2,0.5,1.62102
pdb5mgi_A_original_CA_coordinates.csv,264,2,0.5,1.09592
pdb5emk_A_original_CA_coordinates.csv,625,2,0.5,0.42537
pdb5k0p_A_original_CA_coordinates.csv,103,2,0.5,8.50841
pdb5k1l_A_original_CA_coordinates.csv,137,2,0.5,1.22489
pdb4g89_A_original_CA_coordinates.csv,233,2,0.5,0.869619
pdb4uac_A_original_CA_coordinates.csv,383,2,0.5,0.213251
pdb6sap_A_original_CA_coordinates.csv,119,2,0.5,0.428256
pdb4l3n_A_original_CA_coordinates.csv,209,2,0.5,3.72589
pdb7cjv_A_original_CA_coordinates.csv,110,2,0.5,0.214685
pdb7z57_A_original_CA_coordinates.csv,581,2,0.5,1.01622
pdb3atb_A_original_CA_coordinates.csv,196,2,0.5,0.039369
pdb1rky_A_original_CA_coordinates.csv,734,2,0.5,9.75725
pdb4r8x_A_original_CA_coordinates.csv,315,2,0.5,12.6755
pdb3zo3_A_original_CA_coordinates.csv,337,2,0.5,1.5403
pdb7skw_A_original_CA_coordinates.csv,129,2,0.5,0.378677
pdb7nnx_A_original_CA_coordinates.csv,240,2,0.5,3.54688
pdb1e4d_A_original_CA_coordinates.csv,242,2,0.5,0.742153
pdb3o1t_A_original_CA_coordinates.csv,202,2,0.5,2.38907
pdb1rkt_A_original_CA_coordinates.csv,201,2,0.5,4.57268
pdb5eif_A_original_CA_coordinates.csv,256,2,0.5,0.0368939
pdb4g0i_A_original_CA_coordinates.csv,327,2,0.5,0.198781
pdb2h8m_A_original_CA_coordinates.csv,215,2,0.5,6.36638
pdb6n6l_A_original_CA_coordinates.csv,348,2,0.5,22.7341
pdb8one_A_original_CA_coordinates.csv,696,2,0.5,0.115969
pdb5rh0_A_original_CA_coordinates.csv,304,2,0.5,0.324202
pdb4y4x_A_original_CA_coordinates.csv,330,2,0.5,11.0481
pdb5cf1_A_original_CA_coordinates.csv,139,2,0.5,4.63706
pdb2kxv_A_original_CA_coordinates.csv,174,2,0.5,0.133481
pdb2yv9_A_original_CA_coordinates.csv,285,2,0.5,8.2292
pdb7ak3_A_original_CA_coordinates.csv,337,2,0.5,210.827
pdb5njq_A_original_CA_coordinates.csv,129,2,0.5,0.103431
pdb2hib_X_original_CA_coordinates.csv,274,2,0.5,0.122651
pdb7c0o_A_original_CA_coordinates.csv,397,2,0.5,1.18581
pdb2rvh_A_original_CA_coordinates.csv,108,2,0.5,0.700982
pdb4xo8_A_original_CA_coordinates.csv,158,2,0.5,0.238535
pdb4kxq_A_original_CA_coordinates.csv,279,2,0.5,0.16587
pdb3bfm_A_original_CA_coordinates.csv,225,2,0.5,0.227679
pdb7f6f_A_original_CA_coordinates.csv,337,2,0.5,1.85461
pdb5nr8_A_original_CA_coordinates.csv,377,2,0.5,27.8739
pdb5m60_A_original_CA_coordinates.csv,754,2,0.5,0.00472371
pdb4be5_A_original_CA_coordinates.csv,224,2,0.5,28.7638
pdb4m1j_C_original_CA_coordinates.csv,548,2,0.5,3.12915
pdb6xuq_A_original_CA_coordinates.csv,514,2,0.5,5.4897
pdb5ot5_A_original_CA_coordinates.csv,326,2,0.5,10.6324
pdb8dpq_A_original_CA_coordinates.csv,262,2,0.5,2.96632
pdb2mbc_A_original_CA_coordinates.csv,162,2,0.5,19.709
pdb8adc_B_original_CA_coordinates.csv,201,2,0.5,2.96661
pdb3kv6_A_original_CA_coordinates.csv,447,2,0.5,0.0796064
pdb2ylc_A_original_CA_coordinates.csv,66,2,0.5,0.846172
pdb3g3k_A_original_CA_coordinates.csv,254,2,0.5,14.1474
pdb8pd6_A_original_CA_coordinates.csv,181,2,0.5,44.7407
pdb4rjx_A_original_CA_coordinates.csv,425,2,0.5,4.394
pdb5nrm_A_original_CA_coordinates.csv,141,2,0.5,0.784525
pdb2d9j_A_original_CA_coordinates.csv,139,2,0.5,22.4521
pdb6rg7_A_original_CA_coordinates.csv,257,2,0.5,0.131104
pdb3it2_A_original_CA_coordinates.csv,329,2,0.5,6.42316
pdb5rk4_A_original_CA_coordinates.csv,119,2,0.5,0.539095
pdb6s3c_A_original_CA_coordinates.csv,229,2,0.5,0.123495
pdb7s86_A_original_CA_coordinates.csv,83,2,0.5,0.055915
pdb5mzr_A_original_CA_coordinates.csv,311,2,0.5,5.75116
pdb3cp5_A_original_CA_coordinates.csv,116,2,0.5,0.0954801
pdb6fqz_A_original_CA_coordinates.csv,468,2,0.5,2.24254
pdb3o5c_A_original_CA_coordinates.csv,308,2,0.5,27.3257
pdb4asw_A_original_CA_coordinates.csv,79,2,0.5,1.7263
pdb2fr2_A_original_CA_coordinates.csv,161,2,0.5,7.01356
pdb5y53_A_original_CA_coordinates.csv,132,2,0.5,0.057427
pdb8gfn_A_original_CA_coordinates.csv,301,2,0.5,0.0819119
pdb2m3a_A_original_CA_coordinates.csv,67,2,0.5,0.188766
pdb5pio_A_original_CA_coordinates.csv,331,2,0.5,1.59221
pdb5old_A_original_CA_coordinates.csv,124,2,0.5,0.0348988
pdb6t6y_A_original_CA_coordinates.csv,253,2,0.5,2.42781
pdb4xbk_A_original_CA_coordinates.csv,217,2,0.5,0.832757
pdb6jmp_A_original_CA_coordinates.csv,469,2,0.5,1.22033
pdb7ker_A_original_CA_coordinates.csv,250,2,0.5,3.75075
pdb6ji3_A_original_CA_coordinates.csv,124,2,0.5,80.434
pdb3k5j_A_original_CA_coordinates.csv,178,2,0.5,0.289071
pdb7tl3_A_original_CA_coordinates.csv,184,2,0.5,7.34632
pdb2kfl_A_original_CA_coordinates.csv,112,2,0.5,9.40156
pdb3pxw_A_original_CA_coordinates.csv,354,2,0.5,0.145132
pdb4nc5_A_original_CA_coordinates.csv,354,2,0.5,16.4606
pdb5n02_A_original_CA_coordinates.csv,262,2,0.5,2.32932
pdb6hrg_A_original_CA_coordinates.csv,233,2,0.5,12.739
pdb5el2_A_original_CA_coordinates.csv,125,2,0.5,0.199931
pdb7dvk_A_original_CA_coordinates.csv,163,2,0.5,22.5637
pdb1p97_A_original_CA_coordinates.csv,114,2,0.5,0.0896468
pdb2hrm_A_original_CA_coordinates.csv,137,2,0.5,4.27951
pdb4jla_A_original_CA_coordinates.csv,203,2,0.5,52.8429
pdb3a96_A_original_CA_coordinates.csv,129,2,0.5,0.961532
pdb6fae_A_original_CA_coordinates.csv,335,2,0.5,7.65312
pdb5mf9_A_original_CA_coordinates.csv,64,2,0.5,0.0458809
pdb7mzr_A_original_CA_coordinates.csv,192,2,0.5,0.208513
pdb3l0g_A_original_CA_coordinates.csv,272,2,0.5,0.766124
pdb5pkt_A_original_CA_coordinates.csv,331,2,0.5,3.34519
pdb3uny_A_original_CA_coordinates.csv,391,2,0.5,0.824871
pdb4zx0_A_original_CA_coordinates.csv,257,2,0.5,0.116757
pdb5ska_A_original_CA_coordinates.csv,312,2,0.5,0.174949
pdb4uvn_A_original_CA_coordinates.csv,209,2,0.5,89.3557
pdb7s0l_A_original_CA_coordinates.csv,304,2,0.5,1.34977
pdb2w3w_A_original_CA_coordinates.csv,164,2,0.5,0.412795
pdb4exl_A_original_CA_coordinates.csv,261,2,0.5,1.12829
pdb5zma_B_original_CA_coordinates.csv,253,2,0.5,0.515194
pdb4gtr_A_original_CA_coordinates.csv,315,2,0.5,0.125399
pdb5sgv_A_original_CA_coordinates.csv,311,2,0.5,9.23859
pdb5c4z_A_original_CA_coordinates.csv,129,2,0.5,0.14606
pdb6n97_A_original_CA_coordinates.csv,260,2,0.5,0.072159
pdb5hgn_A_original_CA_coordinates.csv,205,2,0.5,5.37862
pdb8bj1_A_original_CA_coordinates.csv,358,2,0.5,0.41547
pdb3kvm_A_original_CA_coordinates.csv,366,2,0.5,0.398564
pdb5e2c_A_original_CA_coordinates.csv,129,2,0.5,0.250109
pdb2x63_A_original_CA_coordinates.csv,258,2,0.5,0.914038
pdb2pke_A_original_CA_coordinates.csv,228,2,0.5,0.0643305
pdb8d3v_A_original_CA_coordinates.csv,960,2,0.5,0.0874061
pdb3ozf_A_original_CA_coordinates.csv,233,2,0.5,0.0800653
pdb7t5e_A_original_CA_coordinates.csv,223,2,0.5,0.6895
pdb7z1y_A_original_CA_coordinates.csv,195,2,0.5,5.05549
pdb7avt_A_original_CA_coordinates.csv,466,2,0.5,244.383
pdb4att_A_original_CA_coordinates.csv,158,2,0.5,0.341071
pdb4x9s_A_original_CA_coordinates.csv,241,2,0.5,1.28989
pdb4e17_A_original_CA_coordinates.csv,246,2,0.5,14.1886
pdb2q7i_A_original_CA_coordinates.csv,241,2,0.5,0.0761435
pdb4ejm_A_original_CA_coordinates.csv,339,2,0.5,0.187698
pdb1tf9_A_original_CA_coordinates.csv,275,2,0.5,76.6867
pdb3olp_A_original_CA_coordinates.csv,543,2,0.5,6.72977
pdb6mss_A_original_CA_coordinates.csv,181,2,0.5,0.413177
pdb5ucr_A_original_CA_coordinates.csv,271,2,0.5,9.08853
pdb7axx_A_original_CA_coordinates.csv,309,2,0.5,35.9087
pdb5k4j_A_original_CA_coordinates.csv,282,2,0.5,0.154081
pdb6x5h_A_original_CA_coordinates.csv,467,2,0.5,2.31782
pdb6cbn_A_original_CA_coordinates.csv,409,2,0.5,1.06968
pdb3it5_A_original_CA_coordinates.csv,182,2,0.5,0.0972199
pdb6kqf_A_original_CA_coordinates.csv,231,2,0.5,9.70822
pdb6o3k_L_original_CA_coordinates.csv,213,2,0.5,0.375185
pdb4alg_A_original_CA_coordinates.csv,118,2,0.5,0.0254685
pdb2hej_A_original_CA_coordinates.csv,318,2,0.5,0.462816
pdb4g7p_A_original_CA_coordinates.csv,213,2,0.5,3.12525
pdb4jjj_A_original_CA_coordinates.csv,636,2,0.5,0.5797
pdb3r17_B_original_CA_coordinates.csv,257,2,0.5,498.468
pdb2g7j_A_original_CA_coordinates.csv,112,2,0.5,16.7449
pdb5i6o_A_original_CA_coordinates.csv,332,2,0.5,24.3653
pdb8gv3_A_original_CA_coordinates.csv,373,2,0.5,0.494977
pdb4uav_A_original_CA_coordinates.csv,246,2,0.5,0.0854058
pdb7p4l_A_original_CA_coordinates.csv,477,2,0.5,0.358939
pdb4fp3_A_original_CA_coordinates.csv,658,2,0.5,619.092
pdb3sr3_A_original_CA_coordinates.csv,333,2,0.5,5.37552
pdb6yw4_A_original_CA_coordinates.csv,210,2,0.5,1.43213
pdb3tar_A_original_CA_coordinates.csv,580,2,0.5,9.70745
pdb7rib_A_original_CA_coordinates.csv,121,2,0.5,0.432421
pdb6ia1_A_original_CA_coordinates.csv,295,2,0.5,0.780236
pdb6s67_A_original_CA_coordinates.csv,223,2,0.5,450.665
pdb2bw9_M_original_CA_coordinates.csv,153,2,0.5,34.9402
pdb4ru2_A_original_CA_coordinates.csv,111,2,0.5,22.2855
pdb1wg2_A_original_CA_coordinates.csv,64,2,0.5,5.71984
pdb2a6c_A_original_CA_coordinates.csv,72,2,0.5,0.0458638
pdb2knr_A_original_CA_coordinates.csv,118,2,0.5,0.0734056
pdb3dx3_A_original_CA_coordinates.csv,1015,2,0.5,0.00219386
pdb7n3v_A_original_CA_coordinates.csv,266,2,0.5,10.903
pdb5eqc_A_original_CA_coordinates.csv,426,2,0.5,0.110612
pdb8g9d_A_original_CA_coordinates.csv,135,2,0.5,3.59139
pdb5s8d_A_original_CA_coordinates.csv,119,2,0.5,0.845815
pdb1rst_B_original_CA_coordinates.csv,123,2,0.5,0.365219
pdb6thm_A_original_CA_coordinates.csv,364,2,0.5,0.380786
pdb5tgd_A_original_CA_coordinates.csv,249,2,0.5,0.505222
pdb2el8_A_original_CA_coordinates.csv,118,2,0.5,0.139429
pdb2k3q_A_original_CA_coordinates.csv,118,2,0.5,0.0538273
pdb2y5z_A_original_CA_coordinates.csv,393,2,0.5,0.198692
pdb4ee6_A_original_CA_coordinates.csv,280,2,0.5,0.11742
pdb6cam_A_original_CA_coordinates.csv,351,2,0.5,0.0954663
pdb3frs_A_original_CA_coordinates.csv,175,2,0.5,7.50837
pdb7l99_A_original_CA_coordinates.csv,113,2,0.5,0.109663
pdb6wcp_A_original_CA_coordinates.csv,440,2,0.5,0.0378473
pdb5myd_A_original_CA_coordinates.csv,160,2,0.5,12.7183
pdb5swa_A_original_CA_coordinates.csv,448,2,0.5,13.0769
pdb3u79_A_original_CA_coordinates.csv,111,2,0.5,5.33296
pdb4gfq_A_original_CA_coordinates.csv,186,2,0.5,0.182498
pdb7fn3_A_original_CA_coordinates.csv,237,2,0.5,0.626119
pdb1w5n_A_original_CA_coordinates.csv,322,2,0.5,6.85797
pdb7b4d_A_original_CA_coordinates.csv,197,2,0.5,1.7869
pdb3gs9_A_original_CA_coordinates.csv,300,2,0.5,37.2352
pdb6lx8_A_original_CA_coordinates.csv,264,2,0.5,0.898833
pdb5dem_A_original_CA_coordinates.csv,257,2,0.5,25.568
pdb6q7r_A_original_CA_coordinates.csv,228,2,0.5,5.46036
pdb6nvf_A_original_CA_coordinates.csv,227,2,0.5,0.182375
pdb4g7a_A_original_CA_coordinates.csv,224,2,0.5,0.541978
pdb7owm_A_original_CA_coordinates.csv,392,2,0.5,3.28748
pdb5fr0_A_original_CA_coordinates.csv,576,2,0.5,0.0027996
pdb4crp_A_original_CA_coordinates.csv,107,2,0.5,3.75874
pdb5scp_A_original_CA_coordinates.csv,168,2,0.5,0.082922
pdb7tpv_A_original_CA_coordinates.csv,277,2,0.5,1.54137
pdb4wqj_A_original_CA_coordinates.csv,367,2,0.5,4.54469
pdb6igh_A_original_CA_coordinates.csv,168,2,0.5,0.837566
pdb5q5s_A_original_CA_coordinates.csv,341,2,0.5,3.14911
pdb7lwg_A_original_CA_coordinates.csv,122,2,0.5,0.578399
pdb3ngi_A_original_CA_coordinates.csv,903,2,0.5,0.0116902
pdb3nqo_A_original_CA_coordinates.csv,176,2,0.5,0.0634681
pdb5ne5_A_original_CA_coordinates.csv,432,2,0.5,19.0045
pdb2m49_A_original_CA_coordinates.csv,126,2,0.5,0.0842161
pdb7nzu_A_original_CA_coordinates.csv,257,2,0.5,0.0362495
pdb3o9c_A_original_CA_coordinates.csv,99,2,0.5,0.198674
pdb3py8_A_original_CA_coordinates.csv,539,2,0.5,1.65128
pdb4p0d_A_original_CA_coordinates.csv,471,2,0.5,12.3329
pdb8q9y_A_original_CA_coordinates.csv,471,2,0.5,0.262486
pdb2bcb_A_original_CA_coordinates.csv,75,2,0.5,2.18869
pdb6atj_A_original_CA_coordinates.csv,306,2,0.5,43.067
pdb3vg2_A_original_CA_coordinates.csv,129,2,0.5,15.8197
pdb2omj_A_original_CA_coordinates.csv,89,2,0.5,1.51326
pdb2p10_A_original_CA_coordinates.csv,258,2,0.5,4.2059
pdb4gue_A_original_CA_coordinates.csv,286,2,0.5,0.276253
pdb6z35_A_original_CA_coordinates.csv,109,2,0.5,0.0350681
pdb5vmx_A_original_CA_coordinates.csv,122,2,0.5,0.0834616
pdb2m8w_A_original_CA_coordinates.csv,91,2,0.5,13.9923
pdb7o6o_A_original_CA_coordinates.csv,227,2,0.5,2.00223
pdb4qgv_B_original_CA_coordinates.csv,137,2,0.5,0.594085
pdb4jll_A_original_CA_coordinates.csv,161,2,0.5,1.17852
pdb7gdl_A_original_CA_coordinates.csv,304,2,0.5,1.75171
pdb7zqr_A_original_CA_coordinates.csv,411,2,0.5,1.91353
pdb7d3i_A_original_CA_coordinates.csv,305,2,0.5,47.1644
pdb7rjk_A_original_CA_coordinates.csv,121,2,0.5,7.06881
pdb4chm_A_original_CA_coordinates.csv,125,2,0.5,1.01469
pdb2k5w_A_original_CA_coordinates.csv,111,2,0.5,3.22133
pdb5btw_A_original_CA_coordinates.csv,132,2,0.5,10.2342
pdb2mc8_A_original_CA_coordinates.csv,114,2,0.5,29.4504
pdb3gzi_A_original_CA_coordinates.csv,196,2,0.5,34.3399
pdb3as0_A_original_CA_coordinates.csv,570,2,0.5,0.0425086
pdb8bwu_A_original_CA_coordinates.csv,261,2,0.5,12.7304
pdb5olr_A_original_CA_coordinates.csv,425,2,0.5,4.79449
pdb6f75_A_original_CA_coordinates.csv,323,2,0.5,0.56914
pdb2kt7_A_original_CA_coordinates.csv,102,2,0.5,7.57689
pdb3fn6_A_original_CA_coordinates.csv,174,2,0.5,1.66406
pdb3f2e_A_original_CA_coordinates.csv,83,2,0.5,5.90402
pdb7qyo_A_original_CA_coordinates.csv,106,2,0.5,0.948508
pdb2xwh_A_original_CA_coordinates.csv,561,2,0.5,116.963
pdb1wfm_A_original_CA_coordinates.csv,138,2,0.5,0.264349
pdb7oli_A_original_CA_coordinates.csv,242,2,0.5,0.113442
pdb1pu3_A_original_CA_coordinates.csv,105,2,0.5,5.35154
pdb5pun_A_original_CA_coordinates.csv,121,2,0.5,5.04982
pdb4dx2_A_original_CA_coordinates.csv,247,2,0.5,0.227847
pdb2vpn_A_original_CA_coordinates.csv,306,2,0.5,4.04231
pdb3meh_A_original_CA_coordinates.csv,129,2,0.5,4.03832
pdb6r52_A_original_CA_coordinates.csv,194,2,0.5,0.661728
pdb7lwf_A_original_CA_coordinates.csv,122,2,0.5,18.0778
pdb6ez1_A_original_CA_coordinates.csv,110,2,0.5,2.24785
pdb5sd5_A_original_CA_coordinates.csv,166,2,0.5,0.164599
pdb3afn_B_original_CA_coordinates.csv,257,2,0.5,6.6422
pdb3nbr_A_original_CA_coordinates.csv,124,2,0.5,12.7135
pdb2j9m_A_original_CA_coordinates.csv,275,2,0.5,0.441134
pdb6h5u_A_original_CA_coordinates.csv,90,2,0.5,5.57191
pdb3wu5_A_original_CA_coordinates.csv,182,2,0.5,0.0831456
pdb8dxt_L_original_CA_coordinates.csv,211,2,0.5,3.33558
pdb5qh8_A_original_CA_coordinates.csv,184,2,0.5,3.27289
pdb5b2w_A_original_CA_coordinates.csv,452,2,0.5,2.19275
pdb7ggm_A_original_CA_coordinates.csv,304,2,0.5,1.21477
pdb2nmx_A_original_CA_coordinates.csv,258,2,0.5,0.250583
pdb5ep7_A_original_CA_coordinates.csv,119,2,0.5,0.293211
pdb6nkg_A_original_CA_coordinates.csv,236,2,0.5,1.88757
pdb6rbs_A_original_CA_coordinates.csv,261,2,0.5,2.42307
pdb6g0n_A_original_CA_coordinates.csv,392,2,0.5,111.375
pdb1uep_A_original_CA_coordinates.csv,103,2,0.5,48.4697
pdb3ipb_A_original_CA_coordinates.csv,115,2,0.5,0.578758
pdb3d0k_A_original_CA_coordinates.csv,283,2,0.5,15.3922
pdb4eo3_A_original_CA_coordinates.csv,321,2,0.5,1.14639
pdb5mnx_A_original_CA_coordinates.csv,220,2,0.5,2.66076
pdb4elz_A_original_CA_coordinates.csv,143,2,0.5,1.66557
pdb5cdv_A_original_CA_coordinates.csv,349,2,0.5,0.0916346
pdb4js0_A_original_CA_coordinates.csv,178,2,0.5,3.89108
pdb3v12_A_original_CA_coordinates.csv,220,2,0.5,5.80426
pdb3zj2_A_original_CA_coordinates.csv,71,2,0.5,0.215721
pdb5uyj_A_original_CA_coordinates.csv,281,2,0.5,0.753104
pdb4hhr_A_original_CA_coordinates.csv,640,2,0.5,15.3366
pdb2b6c_A_original_CA_coordinates.csv,209,2,0.5,31.2303
pdb7c84_A_original_CA_coordinates.csv,189,2,0.5,6.31803
pdb5z0x_A_original_CA_coordinates.csv,124,2,0.5,0.116445
pdb5kts_A_original_CA_coordinates.csv,303,2,0.5,3.2115
pdb5kzl_A_original_CA_coordinates.csv,205,2,0.5,18.3886
pdb4h9a_A_original_CA_coordinates.csv,129,2,0.5,0.550585
pdb6m8v_A_original_CA_coordinates.csv,183,2,0.5,3.81269
pdb6a19_A_original_CA_coordinates.csv,334,2,0.5,2.03721
pdb2yjr_A_original_CA_coordinates.csv,278,2,0.5,4.48311
pdb3rbb_A_original_CA_coordinates.csv,137,2,0.5,0.751461
pdb6so2_A_original_CA_coordinates.csv,345,2,0.5,16.6768
pdb5zcj_A_original_CA_coordinates.csv,199,2,0.5,0.592994
pdb7gru_A_original_CA_coordinates.csv,301,2,0.5,7.10487
pdb7nyq_A_original_CA_coordinates.csv,273,2,0.5,0.184161
pdb5pgj_A_original_CA_coordinates.csv,115,2,0.5,3.18303
pdb4r6y_A_original_CA_coordinates.csv,317,2,0.5,0.716587
pdb1w31_A_original_CA_coordinates.csv,340,2,0.5,81.3044
pdb8onc_A_original_CA_coordinates.csv,145,2,0.5,0.0805786
pdb3loc_A_original_CA_coordinates.csv,197,2,0.5,1.31334
pdb7nml_A_original_CA_coordinates.csv,130,2,0.5,63.9047
pdb3mho_A_original_CA_coordinates.csv,256,2,0.5,301.578
pdb2lkt_A_original_CA_coordinates.csv,125,2,0.5,0.451974
pdb8pp4_A_original_CA_coordinates.csv,172,2,0.5,6.83067
pdb5tgw_A_original_CA_coordinates.csv,109,2,0.5,0.479302
pdb2y1e_A_original_CA_coordinates.csv,372,2,0.5,1.14365
pdb2lqc_A_original_CA_coordinates.csv,77,2,0.5,0.498955
pdb7m0d_A_original_CA_coordinates.csv,339,2,0.5,1.09875
pdb4d7g_A_original_CA_coordinates.csv,218,2,0.5,3.72628
pdb6yir_A_original_CA_coordinates.csv,366,2,0.5,5.69918
pdb3rag_A_original_CA_coordinates.csv,223,2,0.5,46.8502
pdb4a9n_A_original_CA_coordinates.csv,112,2,0.5,0.45592
pdb5jiz_A_original_CA_coordinates.csv,151,2,0.5,0.067666
pdb4ycy_A_original_CA_coordinates.csv,323,2,0.5,2.00711
pdb6jhj_A_original_CA_coordinates.csv,231,2,0.5,2.13908
pdb6nih_A_original_CA_coordinates.csv,519,2,0.5,0.798291
pdb2qpv_A_original_CA_coordinates.csv,128,2,0.5,0.189971
pdb6l4w_A_original_CA_coordinates.csv,408,2,0.5,3.83603
pdb4ku0_A_original_CA_coordinates.csv,92,2,0.5,0.156096
pdb4hz2_A_original_CA_coordinates.csv,205,2,0.5,0.553837
pdb2rli_A_original_CA_coordinates.csv,170,2,0.5,12.949
pdb8wjy_A_original_CA_coordinates.csv,291,2,0.5,0.0780742
pdb8c2z_A_original_CA_coordinates.csv,333,2,0.5,6.56272
pdb6z0z_A_original_CA_coordinates.csv,180,2,0.5,9.61148
pdb8su4_A_original_CA_coordinates.csv,340,2,0.5,0.293378
pdb6f9v_A_original_CA_coordinates.csv,605,2,0.5,5.5659
pdb5pph_A_original_CA_coordinates.csv,121,2,0.5,0.457139
pdb6xrc_A_original_CA_coordinates.csv,595,2,0.5,24.2845
pdb2m8x_A_original_CA_coordinates.csv,108,2,0.5,2.54573
pdb8ra6_A_original_CA_coordinates.csv,152,2,0.5,0.235358
pdb5iby_A_original_CA_coordinates.csv,321,2,0.5,1.24619
pdb5qi7_A_original_CA_coordinates.csv,182,2,0.5,0.118334
pdb7zb1_A_original_CA_coordinates.csv,719,2,0.5,0.999817
pdb2m4g_A_original_CA_coordinates.csv,75,2,0.5,1.45862
pdb7rac_A_original_CA_coordinates.csv,299,2,0.5,0.922478
pdb3iqz_A_original_CA_coordinates.csv,282,2,0.5,0.794371
pdb3nc7_A_original_CA_coordinates.csv,379,2,0.5,17.9531
pdb5mq1_A_original_CA_coordinates.csv,108,2,0.5,0.871233
pdb7cen_A_original_CA_coordinates.csv,153,2,0.5,0.230659
pdb5mdj_L_original_CA_coordinates.csv,598,2,0.5,0.135906
pdb6z0v_A_original_CA_coordinates.csv,452,2,0.5,1.92689
pdb7kkz_L_original_CA_coordinates.csv,214,2,0.5,5.84345
pdb5nly_A_original_CA_coordinates.csv,349,2,0.5,0.0707025
pdb3sg1_A_original_CA_coordinates.csv,419,2,0.5,0.643116
pdb6o55_A_original_CA_coordinates.csv,161,2,0.5,1.57284
pdb1zq5_A_original_CA_coordinates.csv,314,2,0.5,1.06238
pdb8vsy_A_original_CA_coordinates.csv,318,2,0.5,0.15097
pdb7yz0_A_original_CA_coordinates.csv,437,2,0.5,1.02077
pdb7frm_A_original_CA_coordinates.csv,281,2,0.5,17.1134
pdb3bxe_A_original_CA_coordinates.csv,248,2,0.5,0.797606
pdb5g36_A_original_CA_coordinates.csv,242,2,0.5,0.976781
pdb3gby_A_original_CA_coordinates.csv,126,2,0.5,0.0735321
pdb4xjl_A_original_CA_coordinates.csv,429,2,0.5,1.04217
pdb4y5e_A_original_CA_coordinates.csv,330,2,0.5,4.1138
pdb7zu3_A_original_CA_coordinates.csv,123,2,0.5,0.239134
pdb4tvv_A_original_CA_coordinates.csv,285,2,0.5,3.7273
pdb4odn_A_original_CA_coordinates.csv,150,2,0.5,0.196822
pdb6zqh_A_original_CA_coordinates.csv,1005,2,0.5,0.568209
pdb2pd1_A_original_CA_coordinates.csv,101,2,0.5,0.60166
pdb6nx8_A_original_CA_coordinates.csv,313,2,0.5,31.173
pdb7gs6_A_original_CA_coordinates.csv,301,2,0.5,0.573473
pdb3qee_A_original_CA_coordinates.csv,298,2,0.5,4.62794
pdb4fti_A_original_CA_coordinates.csv,270,2,0.5,2.76324
pdb4g0w_A_original_CA_coordinates.csv,664,2,0.5,705.412
pdb6g8b_A_original_CA_coordinates.csv,868,2,0.5,0.00641952
pdb6zyc_A_original_CA_coordinates.csv,148,2,0.5,0.0809137
pdb7snk_A_original_CA_coordinates.csv,564,2,0.5,4.00028
pdb8fgj_A_original_CA_coordinates.csv,409,2,0.5,4.42463
pdb7kqm_A_original_CA_coordinates.csv,596,2,0.5,0.00113299
pdb4o71_A_original_CA_coordinates.csv,127,2,0.5,0.286526
pdb4l1t_A_original_CA_coordinates.csv,116,2,0.5,0.697042
pdb4e0p_A_original_CA_coordinates.csv,317,2,0.5,0.288532
pdb6ts5_A_original_CA_coordinates.csv,218,2,0.5,0.63522
pdb3fvk_A_original_CA_coordinates.csv,256,2,0.5,22.8552
pdb3sw6_A_original_CA_coordinates.csv,214,2,0.5,11.7629
pdb6c0d_A_original_CA_coordinates.csv,404,2,0.5,3.93799
pdb3s30_A_original_CA_coordinates.csv,250,2,0.5,480.572
pdb3r8e_A_original_CA_coordinates.csv,290,2,0.5,0.118423
pdb1wen_A_original_CA_coordinates.csv,71,2,0.5,1.68168
pdb7th7_A_original_CA_coordinates.csv,163,2,0.5,30.2118
pdb7zxc_X_original_CA_coordinates.csv,635,2,0.5,0.471014
pdb7wci_A_original_CA_coordinates.csv,133,2,0.5,0.39332
pdb4nno_A_original_CA_coordinates.csv,278,2,0.5,52.172
pdb2qkf_A_original_CA_coordinates.csv,251,2,0.5,0.526146
pdb4rxt_A_original_CA_coordinates.csv,295,2,0.5,1.76032
pdb3fjn_A_original_CA_coordinates.csv,315,2,0.5,0.0781044
pdb4mp4_A_original_CA_coordinates.csv,198,2,0.5,0.419406
pdb8d69_A_original_CA_coordinates.csv,129,2,0.5,2.77511
pdb5ufw_A_original_CA_coordinates.csv,237,2,0.5,2.58309
pdb5mng_A_original_CA_coordinates.csv,220,2,0.5,0.114253
pdb5c1m_A_original_CA_coordinates.csv,295,2,0.5,0.172858
pdb3r6g_A_original_CA_coordinates.csv,157,2,0.5,1.64925
pdb5det_A_original_CA_coordinates.csv,91,2,0.5,0.262252
pdb5zs6_A_original_CA_coordinates.csv,112,2,0.5,4.63766
pdb2yhc_A_original_CA_coordinates.csv,209,2,0.5,1.98585
pdb8gpd_A_original_CA_coordinates.csv,240,2,0.5,0.222614
pdb4r6w_A_original_CA_coordinates.csv,258,2,0.5,0.460557
pdb3x1m_A_original_CA_coordinates.csv,158,2,0.5,0.315647
pdb5rv9_A_original_CA_coordinates.csv,167,2,0.5,79.0335
pdb5vk7_A_original_CA_coordinates.csv,413,2,0.5,1.19097
pdb4obj_A_original_CA_coordinates.csv,99,2,0.5,0.800643
pdb3g25_A_original_CA_coordinates.csv,488,2,0.5,0.249037
pdb1m5b_A_original_CA_coordinates.csv,258,2,0.5,10.2641
pdb6bxp_A_original_CA_coordinates.csv,275,2,0.5,10.9101
pdb2n5d_A_original_CA_coordinates.csv,84,2,0.5,0.279228
pdb5poa_A_original_CA_coordinates.csv,123,2,0.5,105.624
pdb7uu7_A_original_CA_coordinates.csv,298,2,0.5,0.548565
pdb2bys_A_original_CA_coordinates.csv,205,2,0.5,1.28369
pdb5zfl_A_original_CA_coordinates.csv,260,2,0.5,2.89701
pdb2w61_A_original_CA_coordinates.csv,470,2,0.5,15.5833
pdb4m5g_A_original_CA_coordinates.csv,159,2,0.5,63.808
pdb6qvs_A_original_CA_coordinates.csv,269,2,0.5,20.7629
pdb5v7d_A_original_CA_coordinates.csv,161,2,0.5,6.94976
pdb4lpq_A_original_CA_coordinates.csv,198,2,0.5,0.592578
pdb2hq9_A_original_CA_coordinates.csv,132,2,0.5,1.17623
pdb2yra_A_original_CA_coordinates.csv,74,2,0.5,0.0738749
pdb5ulj_A_original_CA_coordinates.csv,381,2,0.5,3.92596
pdb8b92_A_original_CA_coordinates.csv,253,2,0.5,1.35976
pdb6nt1_A_original_CA_coordinates.csv,682,2,0.5,0.520191
pdb4ezt_A_original_CA_coordinates.csv,217,2,0.5,12.9297
pdb3az6_A_original_CA_coordinates.csv,129,2,0.5,2.1576
pdb4p5a_A_original_CA_coordinates.csv,226,2,0.5,3.31174
pdb7lvj_A_original_CA_coordinates.csv,185,2,0.5,0.163786
pdb5r1h_A_original_CA_coordinates.csv,237,2,0.5,0.131206
pdb5fzb_A_original_CA_coordinates.csv,454,2,0.5,0.185264
pdb5s9v_A_original_CA_coordinates.csv,486,2,0.5,48.6344
pdb3pfv_A_original_CA_coordinates.csv,302,2,0.5,97.2409
pdb4o5l_L_original_CA_coordinates.csv,210,2,0.5,0.743075
pdb1z7a_A_original_CA_coordinates.csv,290,2,0.5,0.152823
pdb3m1l_A_original_CA_coordinates.csv,364,2,0.5,2.78313
pdb6otv_A_original_CA_coordinates.csv,350,2,0.5,2.22961
pdb6exd_A_original_CA_coordinates.csv,203,2,0.5,0.854351
pdb4otl_A_original_CA_coordinates.csv,409,2,0.5,0.195225
pdb5c5m_A_original_CA_coordinates.csv,129,2,0.5,5.11755
pdb7yxy_A_original_CA_coordinates.csv,1739,2,0.5,4.97818
pdb6pyb_A_original_CA_coordinates.csv,172,2,0.5,10.6514
pdb4pdd_A_original_CA_coordinates.csv,302,2,0.5,17.2571
pdb2q5p_A_original_CA_coordinates.csv,256,2,0.5,19.2982
pdb4lc5_A_original_CA_coordinates.csv,189,2,0.5,0.098823
pdb1tey_A_original_CA_coordinates.csv,156,2,0.5,22.5539
pdb7w6f_A_original_CA_coordinates.csv,104,2,0.5,0.294553
pdb3fjl_A_original_CA_coordinates.csv,361,2,0.5,55.0836
pdb4g0u_A_original_CA_coordinates.csv,655,2,0.5,0.478194
pdb3qlq_A_original_CA_coordinates.csv,236,2,0.5,1.33534
pdb2abd_A_original_CA_coordinates.csv,86,2,0.5,0.0321814
pdb7r68_A_original_CA_coordinates.csv,95,2,0.5,6.67884
pdb5err_A_original_CA_coordinates.csv,414,2,0.5,26.3241
pdb4usk_A_original_CA_coordinates.csv,345,2,0.5,1.33155
pdb5iay_A_original_CA_coordinates.csv,152,2,0.5,10.401
pdb3zl1_A_original_CA_coordinates.csv,158,2,0.5,9.01507
pdb2v6o_A_original_CA_coordinates.csv,586,2,0.5,0.150747
pdb5k4x_A_original_CA_coordinates.csv,330,2,0.5,0.155341
pdb5grs_A_original_CA_coordinates.csv,375,2,0.5,2.07723
pdb6qfo_A_original_CA_coordinates.csv,1348,2,0.5,0.00190413
pdb6lfj_A_original_CA_coordinates.csv,133,2,0.5,0.108522
pdb1tqw_A_original_CA_coordinates.csv,1014,2,0.5,0.0311821
pdb6myn_A_original_CA_coordinates.csv,322,2,0.5,4.66814
pdb8axy_A_original_CA_coordinates.csv,296,2,0.5,8.5397
pdb4f2i_A_original_CA_coordinates.csv,83,2,0.5,0.219976
pdb2j97_A_original_CA_coordinates.csv,98,2,0.5,2.99366
pdb2mdr_A_original_CA_coordinates.csv,94,2,0.5,0.540763
pdb6q4z_A_original_CA_coordinates.csv,310,2,0.5,0.656198
pdb2i9w_A_original_CA_coordinates.csv,173,2,0.5,0.516098
pdb5f1k_A_original_CA_coordinates.csv,244,2,0.5,27.8191
pdb6d30_A_original_CA_coordinates.csv,188,2,0.5,20.5941
pdb6nsn_A_original_CA_coordinates.csv,194,2,0.5,0.326709
pdb6xh2_A_original_CA_coordinates.csv,93,2,0.5,0.163706
pdb2kqw_A_original_CA_coordinates.csv,67,2,0.5,19.7099
pdb6vfz_A_original_CA_coordinates.csv,416,2,0.5,15.8878
pdb2vtw_A_original_CA_coordinates.csv,205,2,0.5,1.78286
pdb1aac_A_original_CA_coordinates.csv,105,2,0.5,6.65799
pdb4tqf_A_original_CA_coordinates.csv,258,2,0.5,4.83653
pdb3i0p_A_original_CA_coordinates.csv,361,2,0.5,51.3867
pdb2m3l_A_original_CA_coordinates.csv,76,2,0.5,1.24211
pdb2rqq_A_original_CA_coordinates.csv,113,2,0.5,105.89
pdb2lri_C_original_CA_coordinates.csv,66,2,0.5,6.92645
pdb6wqp_A_original_CA_coordinates.csv,347,2,0.5,336.903
pdb7mu7_A_original_CA_coordinates.csv,263,2,0.5,54.1903
pdb5egv_A_original_CA_coordinates.csv,229,2,0.5,6.43817
pdb7qcx_A_original_CA_coordinates.csv,96,2,0.5,0.194774
pdb2oy3_A_original_CA_coordinates.csv,98,2,0.5,2.53725
pdb6qqw_A_original_CA_coordinates.csv,212,2,0.5,1.4578
pdb5pe3_A_original_CA_coordinates.csv,115,2,0.5,9.83978
pdb8szo_A_original_CA_coordinates.csv,233,2,0.5,0.225475
pdb2mf7_A_original_CA_coordinates.csv,127,2,0.5,0.477062
pdb3juc_A_original_CA_coordinates.csv,149,2,0.5,0.479307
pdb4unu_A_original_CA_coordinates.csv,109,2,0.5,0.15641
pdb1o2z_A_original_CA_coordinates.csv,219,2,0.5,0.439172
pdb5dyg_A_original_CA_coordinates.csv,446,2,0.5,3.57253
pdb1o1h_A_original_CA_coordinates.csv,386,2,0.5,4.24667
pdb5oqe_A_original_CA_coordinates.csv,216,2,0.5,0.337478
pdb6mx0_A_original_CA_coordinates.csv,169,2,0.5,104.63
pdb6w88_A_original_CA_coordinates.csv,276,2,0.5,0.0643011
pdb6bg5_A_original_CA_coordinates.csv,366,2,0.5,2.6817
pdb6hw2_A_original_CA_coordinates.csv,127,2,0.5,0.21387
pdb7ahs_A_original_CA_coordinates.csv,271,2,0.5,0.503261
pdb7pqt_A_original_CA_coordinates.csv,318,2,0.5,0.347347
pdb7bze_A_original_CA_coordinates.csv,108,2,0.5,5.08052
pdb3on6_A_original_CA_coordinates.csv,428,2,0.5,0.148792
pdb3d33_A_original_CA_coordinates.csv,92,2,0.5,0.577555
pdb5ma2_A_original_CA_coordinates.csv,445,2,0.5,66.657
pdb2kbw_A_original_CA_coordinates.csv,160,2,0.5,2.72054
pdb5t4l_A_original_CA_coordinates.csv,396,2,0.5,0.499893
pdb5w2q_A_original_CA_coordinates.csv,414,2,0.5,0.741002
pdb7bhl_A_original_CA_coordinates.csv,129,2,0.5,22.1369
pdb7wn9_A_original_CA_coordinates.csv,339,2,0.5,1.24096
pdb6z1y_A_original_CA_coordinates.csv,244,2,0.5,0.358894
pdb7k33_A_original_CA_coordinates.csv,395,2,0.5,43.2271
pdb8ad3_A_original_CA_coordinates.csv,277,2,0.5,0.176502
pdb2xb4_A_original_CA_coordinates.csv,223,2,0.5,0.279175
pdb4bcn_A_original_CA_coordinates.csv,296,2,0.5,0.140605
pdb7zej_A_original_CA_coordinates.csv,341,2,0.5,0.283472
pdb6krg_A_original_CA_coordinates.csv,218,2,0.5,0.261121
pdb4s35_A_original_CA_coordinates.csv,195,2,0.5,4.49001
pdb2loz_A_original_CA_coordinates.csv,147,2,0.5,2.73206
pdb2l7f_P_original_CA_coordinates.csv,68,2,0.5,0.0441635
pdb7frr_A_original_CA_coordinates.csv,297,2,0.5,1.52511
pdb3ts6_A_original_CA_coordinates.csv,111,2,0.5,11.7865
pdb6pjv_A_original_CA_coordinates.csv,152,2,0.5,0.277309
pdb8oyf_A_original_CA_coordinates.csv,310,2,0.5,7.55723
pdb4q0h_A_original_CA_coordinates.csv,321,2,0.5,2.04855
pdb4nf8_A_original_CA_coordinates.csv,285,2,0.5,0.481062
pdb5akx_A_original_CA_coordinates.csv,546,2,0.5,0.0953795
pdb8pxc_A_original_CA_coordinates.csv,252,2,0.5,102.645
pdb2kfd_A_original_CA_coordinates.csv,65,2,0.5,0.0531043
pdb5oim_A_original_CA_coordinates.csv,267,2,0.5,0.142384
pdb5hht_A_original_CA_coordinates.csv,662,2,0.5,0.290797
pdb4ajn_A_original_CA_coordinates.csv,329,2,0.5,1.21716
pdb5q0i_A_original_CA_coordinates.csv,227,2,0.5,0.192619
pdb4cfb_A_original_CA_coordinates.csv,149,2,0.5,0.0943087
pdb3e2t_A_original_CA_coordinates.csv,307,2,0.5,0.116208
pdb8glz_A_original_CA_coordinates.csv,393,2,0.5,0.131424
pdb1ezy_A_original_CA_coordinates.csv,129,2,0.5,0.133725
pdb7rwn_A_original_CA_coordinates.csv,119,2,0.5,0.0455361
pdb3u2e_A_original_CA_coordinates.csv,251,2,0.5,46.8982
pdb3ew1_A_original_CA_coordinates.csv,134,2,0.5,0.217389
pdb6x1p_A_original_CA_coordinates.csv,91,2,0.5,7.84154
pdb3e1q_A_original_CA_coordinates.csv,158,2,0.5,0.106892
pdb7psw_A_original_CA_coordinates.csv,330,2,0.5,0.66918
pdb5eto_A_original_CA_coordinates.csv,159,2,0.5,0.429323
pdb5lgq_A_original_CA_coordinates.csv,344,2,0.5,0.991367
pdb4bn2_A_original_CA_coordinates.csv,326,2,0.5,0.401683
pdb2jyb_A_original_CA_coordinates.csv,162,2,0.5,0.13642
pdb5o1g_A_original_CA_coordinates.csv,196,2,0.5,18.767
pdb3mqq_A_original_CA_coordinates.csv,111,2,0.5,0.0499316
pdb2j4n_A_original_CA_coordinates.csv,100,2,0.5,1.875
pdb5bke_A_original_CA_coordinates.csv,275,2,0.5,34.2906
pdb4tu6_A_original_CA_coordinates.csv,130,2,0.5,0.0470367
pdb3o43_A_original_CA_coordinates.csv,198,2,0.5,5.57435
pdb4mj4_A_original_CA_coordinates.csv,603,2,0.5,0.0882083
pdb6zqo_A_original_CA_coordinates.csv,229,2,0.5,570.246
pdb3qvs_A_original_CA_coordinates.csv,392,2,0.5,17.9628
pdb5wt7_A_original_CA_coordinates.csv,140,2,0.5,2.82011
pdb3tfe_A_original_CA_coordinates.csv,183,2,0.5,49.0154
pdb7mn1_A_original_CA_coordinates.csv,95,2,0.5,2.42216
pdb7qm4_A_original_CA_coordinates.csv,330,2,0.5,1.38013
pdb5z2j_A_original_CA_coordinates.csv,270,2,0.5,0.195617
pdb5xqj_A_original_CA_coordinates.csv,896,2,0.5,1.31229
pdb3eua_A_original_CA_coordinates.csv,319,2,0.5,4.70742
pdb6xkf_A_original_CA_coordinates.csv,305,2,0.5,0.353603
pdb5d8v_A_original_CA_coordinates.csv,83,2,0.5,2.48462
pdb3nhy_A_original_CA_coordinates.csv,230,2,0.5,0.144645
pdb7xqk_A_original_CA_coordinates.csv,285,2,0.5,0.283607
pdb5u5w_A_original_CA_coordinates.csv,289,2,0.5,268.754
pdb7kh7_A_original_CA_coordinates.csv,317,2,0.5,19.3464
pdb2i59_A_original_CA_coordinates.csv,138,2,0.5,2.54675
pdb4cqc_A_original_CA_coordinates.csv,401,2,0.5,0.493876
pdb2w39_A_original_CA_coordinates.csv,298,2,0.5,0.510689
pdb8c5k_A_original_CA_coordinates.csv,141,2,0.5,0.953102
pdb5skr_A_original_CA_coordinates.csv,312,2,0.5,10.5653
pdb3av9_A_original_CA_coordinates.csv,150,2,0.5,0.0945711
pdb7bbb_A_original_CA_coordinates.csv,251,2,0.5,0.0628104
pdb6gha_A_original_CA_coordinates.csv,325,2,0.5,0.141329
pdb6bff_A_original_CA_coordinates.csv,178,2,0.5,17.1685
pdb5rwc_A_original_CA_coordinates.csv,460,2,0.5,16.2083
pdb3pig_A_original_CA_coordinates.csv,523,2,0.5,28.2155
pdb5wi5_A_original_CA_coordinates.csv,422,2,0.5,3.31912
pdb5r9v_A_original_CA_coordinates.csv,348,2,0.5,16.6575
pdb3sf0_A_original_CA_coordinates.csv,247,2,0.5,35.428
pdb5w05_L_original_CA_coordinates.csv,219,2,0.5,8.74377
pdb6aqh_A_original_CA_coordinates.csv,487,2,0.5,0.563772
pdb3dal_A_original_CA_coordinates.csv,179,2,0.5,0.0824894
pdb4p9i_A_original_CA_coordinates.csv,163,2,0.5,3.1804
pdb3wg2_A_original_CA_coordinates.csv,152,2,0.5,0.610146
pdb6f6u_A_original_CA_coordinates.csv,328,2,0.5,2.12089
pdb6f9t_A_original_CA_coordinates.csv,585,2,0.5,0.531355
pdb4n2b_A_original_CA_coordinates.csv,653,2,0.5,0.0174251
pdb2itq_A_original_CA_coordinates.csv,300,2,0.5,0.886536
pdb4cip_A_original_CA_coordinates.csv,125,2,0.5,0.29578
pdb4d1p_A_original_CA_coordinates.csv,401,2,0.5,11.7095
pdb2n47_A_original_CA_coordinates.csv,197,2,0.5,22.9017
pdb5fh4_A_original_CA_coordinates.csv,612,2,0.5,0.154645
pdb4o3w_A_original_CA_coordinates.csv,546,2,0.5,2.54011
pdb8oil_A_original_CA_coordinates.csv,127,2,0.5,0.477788
pdb6q8k_A_original_CA_coordinates.csv,338,2,0.5,43.6693
pdb3c32_A_original_CA_coordinates.csv,254,2,0.5,0.136764
pdb8bcr_A_original_CA_coordinates.csv,257,2,0.5,0.644337
pdb4oyw_A_original_CA_coordinates.csv,467,2,0.5,3.70715
pdb2eqz_A_original_CA_coordinates.csv,86,2,0.5,0.461747
pdb6elg_A_original_CA_coordinates.csv,105,2,0.5,1.87082
pdb3t13_A_original_CA_coordinates.csv,130,2,0.5,4.53438
pdb5f6u_A_original_CA_coordinates.csv,156,2,0.5,0.13205
pdb8ch3_A_original_CA_coordinates.csv,479,2,0.5,12.6048
pdb4ip7_A_original_CA_coordinates.csv,506,2,0.5,0.846724
pdb1j0s_A_original_CA_coordinates.csv,157,2,0.5,0.0868851
pdb6yl9_A_original_CA_coordinates.csv,156,2,0.5,0.611678
pdb5plu_A_original_CA_coordinates.csv,331,2,0.5,4.85169
pdb4p4m_A_original_CA_coordinates.csv,270,2,0.5,0.389592
pdb1b2i_A_original_CA_coordinates.csv,83,2,0.5,0.446005
pdb7bj8_A_original_CA_coordinates.csv,265,2,0.5,125.501
pdb4cw2_A_original_CA_coordinates.csv,300,2,0.5,0.115229
pdb3zsj_A_original_CA_coordinates.csv,138,2,0.5,1.79682
pdb5pm8_A_original_CA_coordinates.csv,331,2,0.5,0.155515
pdb8a4x_A_original_CA_coordinates.csv,220,2,0.5,0.625034
pdb7fuq_A_original_CA_coordinates.csv,345,2,0.5,85.615
pdb5owt_A_original_CA_coordinates.csv,203,2,0.5,0.683801
pdb2l74_A_original_CA_coordinates.csv,125,2,0.5,1.12163
pdb3heq_A_original_CA_coordinates.csv,102,2,0.5,1.56437
pdb6ek6_A_original_CA_coordinates.csv,451,2,0.5,2.2026
pdb3ixs_A_original_CA_coordinates.csv,111,2,0.5,26.4228
pdb6bdi_A_original_CA_coordinates.csv,462,2,0.5,0.398153
pdb5ibt_H_original_CA_coordinates.csv,218,2,0.5,1.1948
pdb6rsn_A_original_CA_coordinates.csv,91,2,0.5,12.0839
pdb5qxr_A_original_CA_coordinates.csv,130,2,0.5,0.0927338
pdb6d0o_A_original_CA_coordinates.csv,274,2,0.5,1.13114
pdb5rtw_A_original_CA_coordinates.csv,167,2,0.5,4.68226
pdb2dbj_A_original_CA_coordinates.csv,124,2,0.5,10.3813
pdb2wbo_A_original_CA_coordinates.csv,336,2,0.5,93.7634
pdb3kjq_A_original_CA_coordinates.csv,152,2,0.5,2.01352
pdb7yji_A_original_CA_coordinates.csv,225,2,0.5,6.6621
pdb3rpe_A_original_CA_coordinates.csv,196,2,0.5,1.60846
pdb6k1s_A_original_CA_coordinates.csv,625,2,0.5,0.614075
pdb2v78_A_original_CA_coordinates.csv,311,2,0.5,14.4733
pdb3gr3_A_original_CA_coordinates.csv,218,2,0.5,0.114779
pdb4mru_A_original_CA_coordinates.csv,458,2,0.5,0.233215
pdb7lnn_A_original_CA_coordinates.csv,375,2,0.5,0.243187
pdb2m5j_A_original_CA_coordinates.csv,107,2,0.5,5.30751
pdb4mm2_A_original_CA_coordinates.csv,396,2,0.5,0.382809
pdb2yfe_A_original_CA_coordinates.csv,264,2,0.5,3.6517
pdb6h77_A_original_CA_coordinates.csv,301,2,0.5,0.301281
pdb2a6b_A_original_CA_coordinates.csv,216,2,0.5,0.0836955
pdb8pbh_A_original_CA_coordinates.csv,361,2,0.5,27.7876
pdb2jyu_A_original_CA_coordinates.csv,67,2,0.5,0.0316935
pdb6f4j_A_original_CA_coordinates.csv,175,2,0.5,7.59468
pdb8pbt_A_original_CA_coordinates.csv,361,2,0.5,1.34824
pdb5ghi_A_original_CA_coordinates.csv,156,2,0.5,4.54436
pdb2jsz_A_original_CA_coordinates.csv,167,2,0.5,15.0181
pdb2zi6_A_original_CA_coordinates.csv,217,2,0.5,0.217411
pdb4egn_A_original_CA_coordinates.csv,393,2,0.5,0.249911
pdb3oha_A_original_CA_coordinates.csv,516,2,0.5,697.403
pdb5w2p_A_original_CA_coordinates.csv,414,2,0.5,7.64441
pdb1wgr_A_original_CA_coordinates.csv,100,2,0.5,0.318897
pdb8pqe_A_original_CA_coordinates.csv,277,2,0.5,0.0804585
pdb5y2x_A_original_CA_coordinates.csv,295,2,0.5,1.38342
pdb8bpl_A_original_CA_coordinates.csv,316,2,0.5,5.7872
pdb6w4y_A_original_CA_coordinates.csv,210,2,0.5,2.53134
pdb7ou9_A_original_CA_coordinates.csv,181,2,0.5,29.2622
pdb6dbm_A_original_CA_coordinates.csv,273,2,0.5,12.7175
pdb7a41_A_original_CA_coordinates.csv,354,2,0.5,13.4053
pdb5hnp_A_original_CA_coordinates.csv,161,2,0.5,0.305995
pdb7lnb_A_original_CA_coordinates.csv,207,2,0.5,0.267001
pdb6qrt_A_original_CA_coordinates.csv,387,2,0.5,4.2307
pdb5oog_A_original_CA_coordinates.csv,205,2,0.5,0.165196
pdb2f57_A_original_CA_coordinates.csv,297,2,0.5,75.6665
pdb5ll4_A_original_CA_coordinates.csv,260,2,0.5,0.763325
pdb6ap8_A_original_CA_coordinates.csv,266,2,0.5,0.457437
pdb5qrl_A_original_CA_coordinates.csv,171,2,0.5,5.8698
pdb7r8v_B_original_CA_coordinates.csv,370,2,0.5,15.8815
pdb3qnv_A_original_CA_coordinates.csv,323,2,0.5,0.0809137
pdb6fb3_A_original_CA_coordinates.csv,1836,2,0.5,0.00201675
pdb3sbx_A_original_CA_coordinates.csv,177,2,0.5,122.33
pdb7yx8_A_original_CA_coordinates.csv,440,2,0.5,22.6262
pdb4ygg_A_original_CA_coordinates.csv,137,2,0.5,22.1679
pdb8ok5_A_original_CA_coordinates.csv,366,2,0.5,5.16141
pdb7ycr_A_original_CA_coordinates.csv,456,2,0.5,2.67416
pdb3r5w_A_original_CA_coordinates.csv,109,2,0.5,0.129363
pdb7o60_A_original_CA_coordinates.csv,133,2,0.5,0.51349
pdb4fai_A_original_CA_coordinates.csv,302,2,0.5,2.08989
pdb5uk6_A_original_CA_coordinates.csv,228,2,0.5,28.1159
pdb5ivh_A_original_CA_coordinates.csv,566,2,0.5,31.351
pdb7fze_A_original_CA_coordinates.csv,131,2,0.5,0.555603
pdb3u65_B_original_CA_coordinates.csv,317,2,0.5,0.1868
pdb2m3s_A_original_CA_coordinates.csv,151,2,0.5,0.608844
pdb6ri2_A_original_CA_coordinates.csv,497,2,0.5,2.40986
pdb7ue5_A_original_CA_coordinates.csv,352,2,0.5,0.0484071
pdb3fuv_A_original_CA_coordinates.csv,260,2,0.5,0.100887
pdb5npp_B_original_CA_coordinates.csv,672,2,0.5,2.26839
pdb2kfm_A_original_CA_coordinates.csv,113,2,0.5,44.1188
pdb8qd1_A_original_CA_coordinates.csv,398,2,0.5,7.98157
pdb6t87_A_original_CA_coordinates.csv,454,2,0.5,17.81
pdb4jqr_A_original_CA_coordinates.csv,218,2,0.5,0.115786
pdb7sah_A_original_CA_coordinates.csv,226,2,0.5,77.392
pdb4iix_A_original_CA_coordinates.csv,338,2,0.5,8.28859
pdb2ge9_A_original_CA_coordinates.csv,118,2,0.5,17.9457
pdb3lcc_A_original_CA_coordinates.csv,216,2,0.5,1.61071
pdb6e3i_A_original_CA_coordinates.csv,152,2,0.5,0.347655
pdb4bw7_A_original_CA_coordinates.csv,137,2,0.5,0.414943
pdb3zkm_A_original_CA_coordinates.csv,375,2,0.5,1.49498
pdb5wjn_A_original_CA_coordinates.csv,274,2,0.5,4.05829
pdb3tv3_L_original_CA_coordinates.csv,203,2,0.5,0.247638
pdb6kh3_A_original_CA_coordinates.csv,170,2,0.5,0.0636997
pdb4wvz_A_original_CA_coordinates.csv,195,2,0.5,103.373
pdb1uoz_A_original_CA_coordinates.csv,300,2,0.5,0.12387
pdb2heh_A_original_CA_coordinates.csv,324,2,0.5,2.45846
pdb5pip_A_original_CA_coordinates.csv,331,2,0.5,1.31221
pdb3v4b_A_original_CA_coordinates.csv,384,2,0.5,19.3496
pdb5ph3_A_original_CA_coordinates.csv,331,2,0.5,4.07909
pdb5fse_A_original_CA_coordinates.csv,99,2,0.5,0.855177
pdb5wlr_A_original_CA_coordinates.csv,257,2,0.5,0.433553
pdb1wis_A_original_CA_coordinates.csv,124,2,0.5,203.622
pdb4fq3_A_original_CA_coordinates.csv,834,2,0.5,0.00315749
pdb3fpz_A_original_CA_coordinates.csv,310,2,0.5,1.19151
pdb7fcw_A_original_CA_coordinates.csv,129,2,0.5,0.192515
pdb7wqq_A_original_CA_coordinates.csv,228,2,0.5,2.25033
pdb7x7e_C_original_CA_coordinates.csv,194,2,0.5,1.59489
pdb4py2_A_original_CA_coordinates.csv,495,2,0.5,0.530047
pdb3dha_A_original_CA_coordinates.csv,254,2,0.5,0.116942
pdb3p2u_A_original_CA_coordinates.csv,249,2,0.5,1.28832
pdb6pqz_A_original_CA_coordinates.csv,451,2,0.5,38.7483
pdb2i3u_A_original_CA_coordinates.csv,276,2,0.5,0.163648
pdb3l6g_A_original_CA_coordinates.csv,256,2,0.5,2.35298
pdb4ib2_A_original_CA_coordinates.csv,247,2,0.5,0.0327419
pdb5k8c_A_original_CA_coordinates.csv,358,2,0.5,1.34385
pdb4dxl_A_original_CA_coordinates.csv,304,2,0.5,15.0607
pdb5hxm_A_original_CA_coordinates.csv,1030,2,0.5,0.00493694
pdb5pfo_A_original_CA_coordinates.csv,115,2,0.5,0.0593696
pdb6bz5_A_original_CA_coordinates.csv,418,2,0.5,1.59797
pdb4cvc_A_original_CA_coordinates.csv,562,2,0.5,4.00909
pdb6fzr_H_original_CA_coordinates.csv,226,2,0.5,0.0373413
pdb3w88_A_original_CA_coordinates.csv,314,2,0.5,0.0704372
pdb6jtn_A_original_CA_coordinates.csv,273,2,0.5,8.44269
pdb5mnc_A_original_CA_coordinates.csv,220,2,0.5,3.12376
pdb6i39_A_original_CA_coordinates.csv,251,2,0.5,0.690511
pdb6i6e_A_original_CA_coordinates.csv,95,2,0.5,4.22244
pdb7nsa_A_original_CA_coordinates.csv,175,2,0.5,0.233133
pdb6qdd_A_original_CA_coordinates.csv,411,2,0.5,0.07287
pdb5vpk_A_original_CA_coordinates.csv,223,2,0.5,3.07249
pdb5sfh_A_original_CA_coordinates.csv,312,2,0.5,0.114317
pdb5zw7_A_original_CA_coordinates.csv,383,2,0.5,2.99517
pdb6tku_A_original_CA_coordinates.csv,534,2,0.5,0.858524
pdb6yx4_A_original_CA_coordinates.csv,103,2,0.5,0.0481372
pdb5x5o_A_original_CA_coordinates.csv,291,2,0.5,19.8535
pdb4zrr_A_original_CA_coordinates.csv,310,2,0.5,11.7149
pdb6vh6_A_original_CA_coordinates.csv,141,2,0.5,11.3227
pdb4mjy_A_original_CA_coordinates.csv,171,2,0.5,0.373443
pdb2jxc_A_original_CA_coordinates.csv,95,2,0.5,15.5115
pdb5dtb_A_original_CA_coordinates.csv,263,2,0.5,0.509445
pdb4dlg_A_original_CA_coordinates.csv,540,2,0.5,1.96727
pdb5cbr_A_original_CA_coordinates.csv,258,2,0.5,67.8754
pdb6ggg_A_original_CA_coordinates.csv,233,2,0.5,1.21039
pdb6lfw_A_original_CA_coordinates.csv,231,2,0.5,0.490391
pdb7psh_A_original_CA_coordinates.csv,448,2,0.5,2.52181
pdb5qb9_A_original_CA_coordinates.csv,330,2,0.5,7.10367
pdb4kpe_A_original_CA_coordinates.csv,482,2,0.5,17.1192
pdb5x1x_A_original_CA_coordinates.csv,130,2,0.5,10.194
pdb8cf0_A_original_CA_coordinates.csv,341,2,0.5,1.40426
pdb3pbt_A_original_CA_coordinates.csv,501,2,0.5,50.4011
pdb7fao_A_original_CA_coordinates.csv,96,2,0.5,0.38918
pdb3rf3_A_original_CA_coordinates.csv,257,2,0.5,4.04028
pdb5vps_A_original_CA_coordinates.csv,260,2,0.5,35.3812
pdb7lzx_A_original_CA_coordinates.csv,299,2,0.5,0.175311
pdb8biz_E_original_CA_coordinates.csv,389,2,0.5,4.34942
pdb5kst_A_original_CA_coordinates.csv,257,2,0.5,86.6004
pdb6ezx_A_original_CA_coordinates.csv,217,2,0.5,3.95685
pdb5f2k_A_original_CA_coordinates.csv,358,2,0.5,0.124725
pdb1bnr_A_original_CA_coordinates.csv,110,2,0.5,3.15767
pdb3poh_A_original_CA_coordinates.csv,425,2,0.5,0.0460575
pdb7lmr_A_original_CA_coordinates.csv,210,2,0.5,4.12186
pdb4dzy_A_original_CA_coordinates.csv,309,2,0.5,0.578193
pdb5ok2_A_original_CA_coordinates.csv,218,2,0.5,0.0790437
pdb3e9n_A_original_CA_coordinates.csv,189,2,0.5,18.3953
pdb5igp_A_original_CA_coordinates.csv,300,2,0.5,2.00816
pdb8dmq_A_original_CA_coordinates.csv,368,2,0.5,0.860307
pdb7yee_A_original_CA_coordinates.csv,456,2,0.5,0.350673
pdb5kr5_A_original_CA_coordinates.csv,455,2,0.5,2.66719
pdb1zbf_A_original_CA_coordinates.csv,132,2,0.5,1.57139
pdb5r57_A_original_CA_coordinates.csv,291,2,0.5,20.3683
pdb6lqz_A_original_CA_coordinates.csv,71,2,0.5,0.0314115
pdb4pbq_A_original_CA_coordinates.csv,298,2,0.5,3.95696
pdb3zgl_A_original_CA_coordinates.csv,309,2,0.5,1.55063
pdb3fxk_A_original_CA_coordinates.csv,363,2,0.5,0.877161
pdb5qqu_B_original_CA_coordinates.csv,428,2,0.5,0.149519
pdb4m0h_A_original_CA_coordinates.csv,209,2,0.5,0.835072
pdb7aha_A_original_CA_coordinates.csv,305,2,0.5,0.144801
pdb2p7u_A_original_CA_coordinates.csv,215,2,0.5,0.185226
pdb7x89_A_original_CA_coordinates.csv,73,2,0.5,0.0359335
pdb4d5r_A_original_CA_coordinates.csv,151,2,0.5,7.38952
pdb4idq_A_original_CA_coordinates.csv,417,2,0.5,10.6077
pdb6r2o_A_original_CA_coordinates.csv,141,2,0.5,0.274192
pdb6v6a_A_original_CA_coordinates.csv,317,2,0.5,1.02253
pdb4hkl_A_original_CA_coordinates.csv,189,2,0.5,8.97711
pdb8xox_A_original_CA_coordinates.csv,261,2,0.5,22.0425
pdb6kil_A_original_CA_coordinates.csv,113,2,0.5,7.69474
pdb5nn4_A_original_CA_coordinates.csv,847,2,0.5,1.5931
pdb5a8o_A_original_CA_coordinates.csv,336,2,0.5,5.23902
pdb2jh7_A_original_CA_coordinates.csv,225,2,0.5,25.1824
pdb3nqe_A_original_CA_coordinates.csv,219,2,0.5,0.0831536
pdb4ehi_A_original_CA_coordinates.csv,472,2,0.5,0.126943
pdb4rtf_D_original_CA_coordinates.csv,349,2,0.5,0.257257
pdb5dw5_A_original_CA_coordinates.csv,512,2,0.5,0.679213
pdb2at8_X_original_CA_coordinates.csv,184,2,0.5,27.7809
pdb3fi3_A_original_CA_coordinates.csv,328,2,0.5,44.9433
pdb4ebu_A_original_CA_coordinates.csv,306,2,0.5,4.6339
pdb5ot8_A_original_CA_coordinates.csv,256,2,0.5,9.05021
pdb5t0m_A_original_CA_coordinates.csv,260,2,0.5,7.17122
pdb2pg4_A_original_CA_coordinates.csv,90,2,0.5,0.956463
pdb8cy2_A_original_CA_coordinates.csv,544,2,0.5,4.96316
pdb5e50_A_original_CA_coordinates.csv,110,2,0.5,0.305757
pdb3eso_A_original_CA_coordinates.csv,115,2,0.5,0.366889
pdb5pvm_A_original_CA_coordinates.csv,121,2,0.5,0.100305
pdb7jrc_A_original_CA_coordinates.csv,501,2,0.5,547.937
pdb2yi6_A_original_CA_coordinates.csv,209,2,0.5,6.67147
pdb3btn_A_original_CA_coordinates.csv,394,2,0.5,23.0385
pdb4r2m_A_original_CA_coordinates.csv,142,2,0.5,0.0975865
pdb7pva_A_original_CA_coordinates.csv,495,2,0.5,31.8558
pdb7a0t_A_original_CA_coordinates.csv,325,2,0.5,5.91809
pdb5w3x_A_original_CA_coordinates.csv,335,2,0.5,0.798834
pdb6xxl_A_original_CA_coordinates.csv,336,2,0.5,75.5057
pdb6xtg_L_original_CA_coordinates.csv,214,2,0.5,74.4413
pdb7e6a_A_original_CA_coordinates.csv,411,2,0.5,0.200326
pdb7z41_A_original_CA_coordinates.csv,196,2,0.5,1.94715
pdb4wqm_A_original_CA_coordinates.csv,326,2,0.5,2.64184
pdb4w91_A_original_CA_coordinates.csv,403,2,0.5,0.833918
pdb8bdk_A_original_CA_coordinates.csv,96,2,0.5,0.0886209
pdb7bab_A_original_CA_coordinates.csv,236,2,0.5,4.48432
pdb3ukx_B_original_CA_coordinates.csv,426,2,0.5,0.0923054
pdb4zlh_A_original_CA_coordinates.csv,323,2,0.5,0.221091
pdb7vto_A_original_CA_coordinates.csv,261,2,0.5,0.655633
pdb2xxt_A_original_CA_coordinates.csv,248,2,0.5,128.161
pdb7bur_A_original_CA_coordinates.csv,386,2,0.5,3.30464
pdb5oja_A_original_CA_coordinates.csv,152,2,0.5,16.61
pdb2evz_A_original_CA_coordinates.csv,208,2,0.5,0.132025
pdb8p7v_A_original_CA_coordinates.csv,330,2,0.5,4.77837
pdb3v0p_A_original_CA_coordinates.csv,296,2,0.5,0.252254
pdb6rhg_A_original_CA_coordinates.csv,105,2,0.5,4.93728
pdb5xec_C_original_CA_coordinates.csv,80,2,0.5,6.90385
pdb6aif_A_original_CA_coordinates.csv,309,2,0.5,0.183885
pdb5pk7_A_original_CA_coordinates.csv,331,2,0.5,43.7255
pdb7lsc_A_original_CA_coordinates.csv,161,2,0.5,0.448899
pdb3ug9_A_original_CA_coordinates.csv,280,2,0.5,1.20645
pdb6uhw_A_original_CA_coordinates.csv,139,2,0.5,1.4942
pdb7a87_A_original_CA_coordinates.csv,234,2,0.5,1.27743
pdb4db8_A_original_CA_coordinates.csv,247,2,0.5,1.4643
pdb3c11_A_original_CA_coordinates.csv,214,2,0.5,88.0923
pdb6szr_A_original_CA_coordinates.csv,159,2,0.5,14.0669
pdb7axh_A_original_CA_coordinates.csv,272,2,0.5,28.1239
pdb7o83_A_original_CA_coordinates.csv,168,2,0.5,3.10577
pdb4yq5_A_original_CA_coordinates.csv,244,2,0.5,0.697001
pdb1qrw_A_original_CA_coordinates.csv,198,2,0.5,0.0624748
pdb5q3x_A_original_CA_coordinates.csv,341,2,0.5,2.70516
pdb6jef_A_original_CA_coordinates.csv,171,2,0.5,13.2086
pdb7zsv_A_original_CA_coordinates.csv,136,2,0.5,0.286881
pdb5a93_A_original_CA_coordinates.csv,260,2,0.5,76.5477
pdb2wlt_A_original_CA_coordinates.csv,326,2,0.5,32.915
pdb3eof_A_original_CA_coordinates.csv,238,2,0.5,32.6059
pdb6urn_A_original_CA_coordinates.csv,89,2,0.5,0.407208
pdb5xj9_A_original_CA_coordinates.csv,200,2,0.5,43.4076
pdb6bxy_A_original_CA_coordinates.csv,468,2,0.5,0.0732405
pdb1ilp_A_original_CA_coordinates.csv,71,2,0.5,9.75713
pdb3mok_A_original_CA_coordinates.csv,182,2,0.5,1.62275
pdb3gzs_A_original_CA_coordinates.csv,481,2,0.5,0.193416
pdb6i7e_A_original_CA_coordinates.csv,760,2,0.5,1.2336
pdb4zp1_A_original_CA_coordinates.csv,565,2,0.5,1.52747
pdb4pct_A_original_CA_coordinates.csv,438,2,0.5,1.42433
pdb5v44_A_original_CA_coordinates.csv,223,2,0.5,1.59204
pdb2rdn_A_original_CA_coordinates.csv,275,2,0.5,17.1795
pdb2vzc_A_original_CA_coordinates.csv,127,2,0.5,32.0502
pdb6hf2_A_original_CA_coordinates.csv,325,2,0.5,7.68026
pdb6eaw_A_original_CA_coordinates.csv,220,2,0.5,7.84376
pdb4jq9_A_original_CA_coordinates.csv,471,2,0.5,4.1484
pdb2jnt_A_original_CA_coordinates.csv,108,2,0.5,0.0940576
pdb7lha_A_original_CA_coordinates.csv,501,2,0.5,1.51145
pdb5ivf_A_original_CA_coordinates.csv,308,2,0.5,224.881
pdb5oo7_A_original_CA_coordinates.csv,257,2,0.5,0.190093
pdb5ncs_A_original_CA_coordinates.csv,374,2,0.5,0.573191
pdb6ot9_C_original_CA_coordinates.csv,106,2,0.5,50.7622
pdb1x6c_A_original_CA_coordinates.csv,118,2,0.5,10.6505
pdb3e28_A_original_CA_coordinates.csv,215,2,0.5,0.177572
pdb3f3r_A_original_CA_coordinates.csv,106,2,0.5,0.332575
pdb6q55_A_original_CA_coordinates.csv,461,2,0.5,0.801451
pdb6jt0_A_original_CA_coordinates.csv,542,2,0.5,1.75531
pdb3ql0_A_original_CA_coordinates.csv,159,2,0.5,1.25667
pdb1w9m_A_original_CA_coordinates.csv,552,2,0.5,4.86478
pdb4mso_A_original_CA_coordinates.csv,383,2,0.5,0.151152
pdb6qv5_A_original_CA_coordinates.csv,289,2,0.5,32.2029
pdb5mcq_A_original_CA_coordinates.csv,393,2,0.5,5.86206
pdb1ajy_A_original_CA_coordinates.csv,71,2,0.5,3.01078
pdb2mpu_A_original_CA_coordinates.csv,92,2,0.5,0.0677842
pdb3pmf_A_original_CA_coordinates.csv,129,2,0.5,0.0704309
pdb3urm_A_original_CA_coordinates.csv,329,2,0.5,1.57989
pdb2rqy_A_original_CA_coordinates.csv,171,2,0.5,0.0460998
pdb6zyi_A_original_CA_coordinates.csv,375,2,0.5,0.748189
pdb7jty_A_original_CA_coordinates.csv,851,2,0.5,0.019635
pdb2vm3_A_original_CA_coordinates.csv,333,2,0.5,11.3556
pdb3kx7_A_original_CA_coordinates.csv,133,2,0.5,2.8849
pdb5fvt_A_original_CA_coordinates.csv,407,2,0.5,13.5051
pdb4b1i_A_original_CA_coordinates.csv,507,2,0.5,823.123
pdb3rdx_A_original_CA_coordinates.csv,124,2,0.5,2.214
pdb5oya_A_original_CA_coordinates.csv,460,2,0.5,12.9761
pdb2gyt_A_original_CA_coordinates.csv,76,2,0.5,0.367784
pdb4lv0_A_original_CA_coordinates.csv,358,2,0.5,9.10524
pdb7adn_A_original_CA_coordinates.csv,376,2,0.5,19.0437
pdb4zg4_B_original_CA_coordinates.csv,705,2,0.5,77.299
pdb2uye_A_original_CA_coordinates.csv,215,2,0.5,58.8555
pdb5sa7_A_original_CA_coordinates.csv,348,2,0.5,0.208742
pdb5ucu_A_original_CA_coordinates.csv,140,2,0.5,0.077889
pdb3jw9_A_original_CA_coordinates.csv,395,2,0.5,11.2371
pdb1u3d_A_original_CA_coordinates.csv,485,2,0.5,7.09559
pdb3ki0_A_original_CA_coordinates.csv,199,2,0.5,0.842801
pdb5bk6_A_original_CA_coordinates.csv,230,2,0.5,4.46326
pdb5u79_A_original_CA_coordinates.csv,208,2,0.5,63.4151
pdb8dgh_A_original_CA_coordinates.csv,68,2,0.5,4.32908
pdb3k29_A_original_CA_coordinates.csv,157,2,0.5,0.0339408
pdb4jth_A_original_CA_coordinates.csv,250,2,0.5,0.0776541
pdb7ejj_A_original_CA_coordinates.csv,250,2,0.5,0.754404
pdb4ne4_A_original_CA_coordinates.csv,278,2,0.5,1.14786
pdb7ul1_A_original_CA_coordinates.csv,196,2,0.5,0.383339
pdb8u37_A_original_CA_coordinates.csv,318,2,0.5,312.101
pdb6xw7_A_original_CA_coordinates.csv,303,2,0.5,4.83302
pdb2mdz_A_original_CA_coordinates.csv,104,2,0.5,23.9388
pdb3noz_X_original_CA_coordinates.csv,174,2,0.5,34.4904
pdb1veg_A_original_CA_coordinates.csv,83,2,0.5,0.0617216
pdb4gca_A_original_CA_coordinates.csv,315,2,0.5,0.744347
pdb6dy7_A_original_CA_coordinates.csv,304,2,0.5,2.40505
pdb5u83_A_original_CA_coordinates.csv,208,2,0.5,0.0996612
pdb3qzb_A_original_CA_coordinates.csv,131,2,0.5,1.65399
pdb3zln_A_original_CA_coordinates.csv,143,2,0.5,8.37435
pdb8oxv_A_original_CA_coordinates.csv,681,2,0.5,0.000628052
pdb3s7t_A_original_CA_coordinates.csv,209,2,0.5,0.102823
pdb5l2o_A_original_CA_coordinates.csv,494,2,0.5,1.31554
pdb6msr_A_original_CA_coordinates.csv,76,2,0.5,0.0238535
pdb6hk5_B_original_CA_coordinates.csv,64,2,0.5,0.050458
pdb5iob_A_original_CA_coordinates.csv,308,2,0.5,2.22053
pdb7kkm_A_original_CA_coordinates.csv,205,2,0.5,0.839928
pdb3l60_A_original_CA_coordinates.csv,229,2,0.5,2.71748
pdb7la1_A_original_CA_coordinates.csv,412,2,0.5,1.38236
pdb4ba8_A_original_CA_coordinates.csv,102,2,0.5,0.760321
pdb4zu7_A_original_CA_coordinates.csv,137,2,0.5,0.079109
pdb3ge7_A_original_CA_coordinates.csv,359,2,0.5,18.6376
pdb6fur_A_original_CA_coordinates.csv,202,2,0.5,2.22166
pdb2n9w_A_original_CA_coordinates.csv,90,2,0.5,38.7128
pdb6ycg_A_original_CA_coordinates.csv,215,2,0.5,7.85858
pdb5jah_A_original_CA_coordinates.csv,371,2,0.5,0.358473
pdb6eve_A_original_CA_coordinates.csv,500,2,0.5,0.056436
pdb6n87_A_original_CA_coordinates.csv,314,2,0.5,29.7043
pdb4h39_A_original_CA_coordinates.csv,340,2,0.5,1.28107
pdb6ye6_A_original_CA_coordinates.csv,341,2,0.5,2.56315
pdb7o4n_A_original_CA_coordinates.csv,226,2,0.5,22.0927
pdb6e06_A_original_CA_coordinates.csv,227,2,0.5,0.0449323
pdb8eg6_A_original_CA_coordinates.csv,147,2,0.5,1.18522
pdb2fhx_A_original_CA_coordinates.csv,234,2,0.5,29.8034
pdb2mf9_A_original_CA_coordinates.csv,157,2,0.5,62.4352
pdb2otr_A_original_CA_coordinates.csv,90,2,0.5,1.15373
pdb8c7y_A_original_CA_coordinates.csv,275,2,0.5,99.1406
pdb4g2f_A_original_CA_coordinates.csv,275,2,0.5,0.744705
pdb2mqk_A_original_CA_coordinates.csv,65,2,0.5,0.023687
pdb4j0t_A_original_CA_coordinates.csv,381,2,0.5,1.48468
pdb6gg6_A_original_CA_coordinates.csv,509,2,0.5,2.10811
pdb5soy_A_original_CA_coordinates.csv,167,2,0.5,1.20778
pdb3oq4_A_original_CA_coordinates.csv,124,2,0.5,2.2221
pdb3uk1_A_original_CA_coordinates.csv,650,2,0.5,166.726
pdb8jyf_A_original_CA_coordinates.csv,191,2,0.5,1.1528
pdb3e3e_A_original_CA_coordinates.csv,105,2,0.5,0.13378
pdb5pfu_A_original_CA_coordinates.csv,115,2,0.5,0.367035
pdb5xga_A_original_CA_coordinates.csv,118,2,0.5,0.501527
pdb4wha_A_original_CA_coordinates.csv,822,2,0.5,0.216124
pdb7fpm_A_original_CA_coordinates.csv,158,2,0.5,0.0228446
pdb3mu7_A_original_CA_coordinates.csv,273,2,0.5,67.2945
pdb4oc9_A_original_CA_coordinates.csv,419,2,0.5,1.62556
pdb2vzq_A_original_CA_coordinates.csv,126,2,0.5,0.0985194
pdb4lzg_A_original_CA_coordinates.csv,325,2,0.5,0.81057
pdb5sjr_A_original_CA_coordinates.csv,312,2,0.5,17.6157
pdb2blu_A_original_CA_coordinates.csv,206,2,0.5,1.61478
pdb1v9w_A_original_CA_coordinates.csv,130,2,0.5,11.446
pdb4fgx_A_original_CA_coordinates.csv,374,2,0.5,7.97729
pdb6vpw_A_original_CA_coordinates.csv,151,2,0.5,0.0858716
pdb5i49_A_original_CA_coordinates.csv,471,2,0.5,76.8505
pdb6z6u_A_original_CA_coordinates.csv,172,2,0.5,2.0564
pdb5o45_A_original_CA_coordinates.csv,129,2,0.5,3.88854
pdb3zmh_A_original_CA_coordinates.csv,180,2,0.5,7.57512
pdb5nsa_A_original_CA_coordinates.csv,106,2,0.5,0.164426
pdb5gk3_A_original_CA_coordinates.csv,334,2,0.5,0.108739
pdb6f6o_A_original_CA_coordinates.csv,190,2,0.5,8.04468
pdb6q2m_A_original_CA_coordinates.csv,544,2,0.5,3.72133
pdb3dn7_A_original_CA_coordinates.csv,143,2,0.5,1.23395
pdb3lof_A_original_CA_coordinates.csv,83,2,0.5,0.599464
pdb1mwy_A_original_CA_coordinates.csv,73,2,0.5,57.1075
pdb5pfa_A_original_CA_coordinates.csv,115,2,0.5,0.1963
pdb4d6k_A_original_CA_coordinates.csv,76,2,0.5,0.0912505
pdb3o74_A_original_CA_coordinates.csv,268,2,0.5,0.348393
pdb5c5r_A_original_CA_coordinates.csv,161,2,0.5,3.81903
pdb4oa8_A_original_CA_coordinates.csv,214,2,0.5,4.62369
pdb8af1_A_original_CA_coordinates.csv,179,2,0.5,0.211125
pdb4bu0_A_original_CA_coordinates.csv,182,2,0.5,38.0679
pdb6wkc_A_original_CA_coordinates.csv,303,2,0.5,22.991
pdb8a9r_A_original_CA_coordinates.csv,129,2,0.5,12.2354
pdb6iah_A_original_CA_coordinates.csv,240,2,0.5,11.9189
pdb4hfm_A_original_CA_coordinates.csv,333,2,0.5,0.685137
pdb8dhj_A_original_CA_coordinates.csv,236,2,0.5,0.306764
pdb6slx_A_original_CA_coordinates.csv,230,2,0.5,1.31
pdb7a21_A_original_CA_coordinates.csv,296,2,0.5,1.03441
pdb2j7q_A_original_CA_coordinates.csv,226,2,0.5,0.0512465
pdb4x2v_A_original_CA_coordinates.csv,174,2,0.5,0.457193
pdb2kc8_A_original_CA_coordinates.csv,95,2,0.5,0.287396
pdb8c3n_A_original_CA_coordinates.csv,214,2,0.5,91.7609
pdb7r28_A_original_CA_coordinates.csv,304,2,0.5,38.9624
pdb1ufx_A_original_CA_coordinates.csv,103,2,0.5,2.31371
pdb7jq4_A_original_CA_coordinates.csv,304,2,0.5,0.903798
pdb2dl4_A_original_CA_coordinates.csv,68,2,0.5,8.8053
pdb4f5t_A_original_CA_coordinates.csv,583,2,0.5,0.0346349
pdb5i1q_A_original_CA_coordinates.csv,135,2,0.5,0.219104
pdb4jk8_A_original_CA_coordinates.csv,220,2,0.5,76.7657
pdb7b3t_A_original_CA_coordinates.csv,261,2,0.5,0.398505
pdb3uvi_A_original_CA_coordinates.csv,373,2,0.5,0.568929
pdb6njc_A_original_CA_coordinates.csv,197,2,0.5,2.38981
pdb6d64_A_original_CA_coordinates.csv,282,2,0.5,0.75558
pdb4a9m_A_original_CA_coordinates.csv,112,2,0.5,0.362571
pdb3frw_A_original_CA_coordinates.csv,91,2,0.5,0.0615449
pdb3has_A_original_CA_coordinates.csv,226,2,0.5,0.153465
pdb6fn5_A_original_CA_coordinates.csv,335,2,0.5,1.05764
pdb4cjq_A_original_CA_coordinates.csv,148,2,0.5,3.46667
pdb6i1i_A_original_CA_coordinates.csv,322,2,0.5,11.477
pdb5wr6_A_original_CA_coordinates.csv,316,2,0.5,3.07283
pdb5tms_A_original_CA_coordinates.csv,234,2,0.5,3.97914
pdb6dfb_A_original_CA_coordinates.csv,117,2,0.5,0.0707337
pdb8e8k_A_original_CA_coordinates.csv,425,2,0.5,0.340966
pdb5lxm_A_original_CA_coordinates.csv,266,2,0.5,1.23517
pdb5kz9_A_original_CA_coordinates.csv,102,2,0.5,0.306244
pdb5qe6_A_original_CA_coordinates.csv,282,2,0.5,0.0889005
pdb4bjk_A_original_CA_coordinates.csv,450,2,0.5,1.4357
pdb3a35_A_original_CA_coordinates.csv,184,2,0.5,3.6243
pdb3qwd_A_original_CA_coordinates.csv,187,2,0.5,0.657957
pdb2kcy_A_original_CA_coordinates.csv,98,2,0.5,5.00378
pdb5gpk_A_original_CA_coordinates.csv,203,2,0.5,0.0591596
pdb7eat_A_original_CA_coordinates.csv,337,2,0.5,2.86487
pdb5nfj_A_original_CA_coordinates.csv,178,2,0.5,2.52356
pdb4qod_A_original_CA_coordinates.csv,229,2,0.5,1.60107
pdb6yw8_A_original_CA_coordinates.csv,118,2,0.5,2.21704
pdb5hsi_A_original_CA_coordinates.csv,602,2,0.5,0.340873
pdb5bjw_A_original_CA_coordinates.csv,340,2,0.5,186.419
pdb6q8t_A_original_CA_coordinates.csv,129,2,0.5,0.12609
pdb5ocv_A_original_CA_coordinates.csv,129,2,0.5,8.24234
pdb5u8u_A_original_CA_coordinates.csv,472,2,0.5,3.44294
pdb2l48_A_original_CA_coordinates.csv,85,2,0.5,0.524782
pdb3ryp_A_original_CA_coordinates.csv,202,2,0.5,0.746904
pdb4hqz_A_original_CA_coordinates.csv,141,2,0.5,7.53489
pdb8tor_A_original_CA_coordinates.csv,590,2,0.5,1.03917
pdb7g86_A_original_CA_coordinates.csv,179,2,0.5,0.0582047
pdb3nt9_A_original_CA_coordinates.csv,223,2,0.5,3.136
pdb5vrb_A_original_CA_coordinates.csv,626,2,0.5,0.068534
pdb3n04_A_original_CA_coordinates.csv,637,2,0.5,5.48381
pdb7zee_A_original_CA_coordinates.csv,282,2,0.5,6.55405
pdb2ycj_A_original_CA_coordinates.csv,271,2,0.5,0.614695
pdb3v20_A_original_CA_coordinates.csv,290,2,0.5,49.0436
pdb4l8g_A_original_CA_coordinates.csv,157,2,0.5,1.64207
pdb2wl5_A_original_CA_coordinates.csv,388,2,0.5,1.77803
pdb5hti_A_original_CA_coordinates.csv,290,2,0.5,9.96741
pdb4lsm_A_original_CA_coordinates.csv,331,2,0.5,5.55615
pdb4y4z_A_original_CA_coordinates.csv,330,2,0.5,8.55231
pdb4fn7_A_original_CA_coordinates.csv,231,2,0.5,198.782
pdb5k1u_A_original_CA_coordinates.csv,348,2,0.5,0.146543
pdb4hew_A_original_CA_coordinates.csv,257,2,0.5,0.36192
pdb2e8n_A_original_CA_coordinates.csv,88,2,0.5,2.60323
pdb6wgz_A_original_CA_coordinates.csv,365,2,0.5,1.91338
pdb8a7s_A_original_CA_coordinates.csv,655,2,0.5,1.67545
pdb2nrm_A_original_CA_coordinates.csv,145,2,0.5,0.32461
pdb4idb_A_original_CA_coordinates.csv,321,2,0.5,0.0784348
pdb5sby_A_original_CA_coordinates.csv,150,2,0.5,0.774195
pdb3fka_A_original_CA_coordinates.csv,113,2,0.5,8.20449
pdb6pvd_A_original_CA_coordinates.csv,265,2,0.5,0.162724
pdb2f9n_A_original_CA_coordinates.csv,224,2,0.5,40.5273
pdb4g2t_A_original_CA_coordinates.csv,346,2,0.5,0.238231
pdb8fds_A_original_CA_coordinates.csv,178,2,0.5,0.0983932
pdb6uiu_A_original_CA_coordinates.csv,124,2,0.5,8.32793
pdb2kbb_A_original_CA_coordinates.csv,174,2,0.5,0.887585
pdb1e5d_A_original_CA_coordinates.csv,401,2,0.5,0.355158
pdb8fam_A_original_CA_coordinates.csv,130,2,0.5,0.139673
pdb2e6n_A_original_CA_coordinates.csv,104,2,0.5,0.339731
pdb2y6m_A_original_CA_coordinates.csv,262,2,0.5,0.36218
pdb7sv3_A_original_CA_coordinates.csv,171,2,0.5,4.17032
pdb7qpp_A_original_CA_coordinates.csv,255,2,0.5,0.980911
pdb2vxi_A_original_CA_coordinates.csv,157,2,0.5,19.1108
pdb3d8r_A_original_CA_coordinates.csv,253,2,0.5,0.0883961
pdb6wop_A_original_CA_coordinates.csv,417,2,0.5,40.9266
pdb3s7o_A_original_CA_coordinates.csv,315,2,0.5,0.698646
pdb4opv_A_original_CA_coordinates.csv,307,2,0.5,0.270731
pdb2oer_A_original_CA_coordinates.csv,178,2,0.5,10.6568
pdb6gh9_A_original_CA_coordinates.csv,331,2,0.5,21.2129
pdb7gdd_A_original_CA_coordinates.csv,304,2,0.5,0.0375456
pdb7jqa_A_original_CA_coordinates.csv,374,2,0.5,4.54411
pdb3c7h_A_original_CA_coordinates.csv,487,2,0.5,0.137872
pdb7ut5_A_original_CA_coordinates.csv,324,2,0.5,50.1308
pdb4cm1_A_original_CA_coordinates.csv,251,2,0.5,2.22299
pdb8a1a_A_original_CA_coordinates.csv,1345,2,0.5,1.98393
pdb3k9w_A_original_CA_coordinates.csv,163,2,0.5,0.532514
pdb5f4e_A_original_CA_coordinates.csv,233,2,0.5,0.0364574
pdb7f98_A_original_CA_coordinates.csv,495,2,0.5,11.6532
pdb5o8w_A_original_CA_coordinates.csv,447,2,0.5,29.6746
pdb7riv_A_original_CA_coordinates.csv,270,2,0.5,0.954692
pdb6gt7_A_original_CA_coordinates.csv,115,2,0.5,0.0586898
pdb6ouv_A_original_CA_coordinates.csv,595,2,0.5,0.000479461
pdb7r7q_G_original_CA_coordinates.csv,102,2,0.5,0.10308
pdb5g1b_A_original_CA_coordinates.csv,371,2,0.5,0.108211
pdb2mme_A_original_CA_coordinates.csv,83,2,0.5,0.458946
pdb6v4h_A_original_CA_coordinates.csv,90,2,0.5,10.9244
pdb4ezv_A_original_CA_coordinates.csv,219,2,0.5,0.225786
pdb7cqo_A_original_CA_coordinates.csv,129,2,0.5,0.0499522
pdb3ul5_A_original_CA_coordinates.csv,82,2,0.5,12.8132
pdb6q0f_A_original_CA_coordinates.csv,219,2,0.5,0.890875
pdb3v4f_A_original_CA_coordinates.csv,166,2,0.5,2.51241
pdb3k4v_A_original_CA_coordinates.csv,99,2,0.5,0.164568
pdb3ef2_A_original_CA_coordinates.csv,291,2,0.5,13.582
pdb4djt_A_original_CA_coordinates.csv,186,2,0.5,0.345515
pdb4neh_A_original_CA_coordinates.csv,1084,2,0.5,2.31562
pdb7udo_A_original_CA_coordinates.csv,172,2,0.5,1.60557
pdb6ywu_A_original_CA_coordinates.csv,254,2,0.5,0.421877
pdb1tiz_A_original_CA_coordinates.csv,67,2,0.5,0.0599035
pdb1rkn_A_original_CA_coordinates.csv,110,2,0.5,2.41658
pdb5phq_A_original_CA_coordinates.csv,331,2,0.5,0.925795
pdb6jb5_A_original_CA_coordinates.csv,126,2,0.5,0.106714
pdb2ltl_A_original_CA_coordinates.csv,119,2,0.5,4.32229
pdb4dzi_A_original_CA_coordinates.csv,384,2,0.5,0.236933
pdb1xc5_A_original_CA_coordinates.csv,68,2,0.5,0.116605
pdb5qfj_A_original_CA_coordinates.csv,282,2,0.5,40.9001
pdb3oo8_A_original_CA_coordinates.csv,390,2,0.5,5.47113
pdb7lvq_A_original_CA_coordinates.csv,441,2,0.5,0.466907
pdb4oz0_A_original_CA_coordinates.csv,113,2,0.5,0.145849
pdb2lxm_A_original_CA_coordinates.csv,163,2,0.5,1.38104
pdb4ith_A_original_CA_coordinates.csv,247,2,0.5,39.2966
pdb2h2w_A_original_CA_coordinates.csv,289,2,0.5,21.3416
pdb4agq_A_original_CA_coordinates.csv,195,2,0.5,0.513404
pdb6aub_A_original_CA_coordinates.csv,264,2,0.5,0.053543
pdb1kpq_A_original_CA_coordinates.csv,144,2,0.5,6.54935
pdb8ivj_A_original_CA_coordinates.csv,356,2,0.5,13.9657
pdb7alr_A_original_CA_coordinates.csv,425,2,0.5,33.2093
pdb6czd_A_original_CA_coordinates.csv,227,2,0.5,0.120266
pdb5tn3_A_original_CA_coordinates.csv,238,2,0.5,38.4223
pdb7zob_A_original_CA_coordinates.csv,134,2,0.5,0.864543
pdb2m4k_A_original_CA_coordinates.csv,81,2,0.5,2.46834
pdb2vft_A_original_CA_coordinates.csv,415,2,0.5,2.4354
pdb4mia_A_original_CA_coordinates.csv,546,2,0.5,4.71775
pdb6jmk_A_original_CA_coordinates.csv,142,2,0.5,3.32446
pdb7cuf_A_original_CA_coordinates.csv,303,2,0.5,6.58859
pdb1fer_A_original_CA_coordinates.csv,106,2,0.5,0.925132
pdb6i3k_A_original_CA_coordinates.csv,534,2,0.5,0.198193
pdb5u6l_A_original_CA_coordinates.csv,83,2,0.5,0.122159
pdb2ebz_A_original_CA_coordinates.csv,155,2,0.5,0.987795
pdb6pg1_A_original_CA_coordinates.csv,188,2,0.5,4.32465
pdb4z8a_A_original_CA_coordinates.csv,75,2,0.5,0.846401
pdb8cpb_A_original_CA_coordinates.csv,363,2,0.5,731.121
pdb8jt1_A_original_CA_coordinates.csv,532,2,0.5,0.104234
pdb6ana_K_original_CA_coordinates.csv,112,2,0.5,1.81615
pdb6afi_A_original_CA_coordinates.csv,187,2,0.5,2.44674
pdb3zzm_A_original_CA_coordinates.csv,520,2,0.5,100.692
pdb3es1_A_original_CA_coordinates.csv,160,2,0.5,0.95586
pdb5i06_A_original_CA_coordinates.csv,355,2,0.5,0.08049
pdb7qp3_A_original_CA_coordinates.csv,391,2,0.5,0.159591
pdb4yl4_A_original_CA_coordinates.csv,124,2,0.5,0.0411304
pdb7b57_B_original_CA_coordinates.csv,303,2,0.5,10.2346
pdb5klu_A_original_CA_coordinates.csv,103,2,0.5,0.168625
pdb4nvn_B_original_CA_coordinates.csv,289,2,0.5,20.1607
pdb2v5c_A_original_CA_coordinates.csv,584,2,0.5,0.207456
pdb7lk1_A_original_CA_coordinates.csv,404,2,0.5,1.13013
pdb8duh_A_original_CA_coordinates.csv,230,2,0.5,7.5407
pdb5g3a_A_original_CA_coordinates.csv,172,2,0.5,0.984899
pdb5qui_A_original_CA_coordinates.csv,222,2,0.5,7.58381
pdb2cnw_A_original_CA_coordinates.csv,290,2,0.5,0.0859454
pdb6zrw_A_original_CA_coordinates.csv,126,2,0.5,3.824
pdb7b7i_A_original_CA_coordinates.csv,105,2,0.5,0.344855
pdb5sbr_A_original_CA_coordinates.csv,150,2,0.5,0.89838
pdb4tx8_A_original_CA_coordinates.csv,374,2,0.5,0.0656472
pdb6spu_A_original_CA_coordinates.csv,335,2,0.5,1.50624
pdb1ll8_A_original_CA_coordinates.csv,114,2,0.5,2.50831
pdb8d8s_A_original_CA_coordinates.csv,413,2,0.5,2.0188
pdb6gtu_A_original_CA_coordinates.csv,268,2,0.5,9.43363
pdb3ggj_A_original_CA_coordinates.csv,214,2,0.5,5.0579
pdb5pma_A_original_CA_coordinates.csv,331,2,0.5,28.4769
pdb2jcy_A_original_CA_coordinates.csv,379,2,0.5,0.156126
pdb4lz2_A_original_CA_coordinates.csv,100,2,0.5,0.565426
pdb6rzk_A_original_CA_coordinates.csv,138,2,0.5,16.09
pdb2pq8_A_original_CA_coordinates.csv,260,2,0.5,0.117348
pdb3qy9_A_original_CA_coordinates.csv,239,2,0.5,12.5496
pdb5pmn_A_original_CA_coordinates.csv,331,2,0.5,12.3258
pdb4boq_A_original_CA_coordinates.csv,175,2,0.5,1.0858
pdb8c2i_A_original_CA_coordinates.csv,139,2,0.5,33.604
pdb8b2m_A_original_CA_coordinates.csv,96,2,0.5,0.410932
pdb5s36_A_original_CA_coordinates.csv,165,2,0.5,0.055651
pdb5qir_A_original_CA_coordinates.csv,225,2,0.5,0.762196
pdb1z28_A_original_CA_coordinates.csv,289,2,0.5,0.188148
pdb7z42_A_original_CA_coordinates.csv,721,2,0.5,42.1358
pdb2vcn_A_original_CA_coordinates.csv,249,2,0.5,2.11423
pdb5jrc_A_original_CA_coordinates.csv,186,2,0.5,0.219308
pdb3lpr_A_original_CA_coordinates.csv,178,2,0.5,0.246268
pdb2vei_A_original_CA_coordinates.csv,238,2,0.5,0.409926
pdb2qy1_A_original_CA_coordinates.csv,330,2,0.5,0.966598
pdb4bz2_A_original_CA_coordinates.csv,101,2,0.5,9.67287
pdb2mcd_A_original_CA_coordinates.csv,98,2,0.5,5.61758
pdb5rf2_A_original_CA_coordinates.csv,304,2,0.5,0.350893
pdb5pxm_A_original_CA_coordinates.csv,178,2,0.5,16.4799
pdb2d51_A_original_CA_coordinates.csv,404,2,0.5,0.131092
pdb5cei_A_original_CA_coordinates.csv,345,2,0.5,5.55763
pdb5lpo_A_original_CA_coordinates.csv,362,2,0.5,0.793721
pdb3m78_A_original_CA_coordinates.csv,307,2,0.5,156.88
pdb5lnu_A_original_CA_coordinates.csv,277,2,0.5,0.183662
pdb6wrl_A_original_CA_coordinates.csv,129,2,0.5,0.042601
pdb5utx_A_original_CA_coordinates.csv,303,2,0.5,0.389202
pdb2vxt_H_original_CA_coordinates.csv,203,2,0.5,0.1754
pdb3ve7_A_original_CA_coordinates.csv,206,2,0.5,0.0538131
pdb2r9f_A_original_CA_coordinates.csv,322,2,0.5,0.43658
pdb4ry1_A_original_CA_coordinates.csv,410,2,0.5,3.99833
pdb7mru_A_original_CA_coordinates.csv,117,2,0.5,0.0511991
pdb3of3_A_original_CA_coordinates.csv,240,2,0.5,0.506069
pdb8bgj_A_original_CA_coordinates.csv,203,2,0.5,0.182372
pdb4n3u_A_original_CA_coordinates.csv,153,2,0.5,7.07439
pdb2yla_A_original_CA_coordinates.csv,416,2,0.5,1.61948
pdb5x2b_C_original_CA_coordinates.csv,282,2,0.5,0.927766
pdb5ooo_A_original_CA_coordinates.csv,166,2,0.5,9.59217
pdb1ugj_A_original_CA_coordinates.csv,141,2,0.5,1.31466
pdb5kdy_A_original_CA_coordinates.csv,393,2,0.5,0.0974579
pdb6s19_A_original_CA_coordinates.csv,207,2,0.5,4.46709
pdb3dzl_A_original_CA_coordinates.csv,157,2,0.5,0.652737
pdb5rwz_A_original_CA_coordinates.csv,460,2,0.5,8.92958
pdb2cdc_A_original_CA_coordinates.csv,359,2,0.5,5.4002
pdb4ybr_A_original_CA_coordinates.csv,197,2,0.5,6.03064
pdb5uju_A_original_CA_coordinates.csv,558,2,0.5,92.3349
pdb5ho2_A_original_CA_coordinates.csv,803,2,0.5,0.000153274
pdb3rry_A_original_CA_coordinates.csv,166,2,0.5,2.27868
pdb8og5_A_original_CA_coordinates.csv,297,2,0.5,12.0559
pdb1h0h_A_original_CA_coordinates.csv,977,2,0.5,116.269
pdb5cph_A_original_CA_coordinates.csv,192,2,0.5,111.337
pdb7nnz_A_original_CA_coordinates.csv,308,2,0.5,0.235542
pdb7jtb_A_original_CA_coordinates.csv,371,2,0.5,5.80734
pdb6khv_A_original_CA_coordinates.csv,114,2,0.5,0.353069
pdb4xk9_A_original_CA_coordinates.csv,210,2,0.5,4.0534
pdb5y2r_A_original_CA_coordinates.csv,257,2,0.5,1.56266
pdb4p9w_A_original_CA_coordinates.csv,237,2,0.5,9.19429
pdb2keq_A_original_CA_coordinates.csv,139,2,0.5,0.114518
pdb6yeo_A_original_CA_coordinates.csv,358,2,0.5,0.147443
pdb5ivd_A_original_CA_coordinates.csv,566,2,0.5,0.271756
pdb6uvp_A_original_CA_coordinates.csv,391,2,0.5,0.960982
pdb6fra_A_original_CA_coordinates.csv,201,2,0.5,1.18302
pdb7m2o_A_original_CA_coordinates.csv,335,2,0.5,16.0914
pdb3mp6_A_original_CA_coordinates.csv,508,2,0.5,0.169368
pdb2jec_A_original_CA_coordinates.csv,238,2,0.5,1.31515
pdb3i4p_A_original_CA_coordinates.csv,147,2,0.5,2.43883
pdb4hzn_A_original_CA_coordinates.csv,296,2,0.5,0.0944059
pdb2eej_A_original_CA_coordinates.csv,96,2,0.5,65.6025
pdb1ujy_A_original_CA_coordinates.csv,76,2,0.5,0.146616
pdb1ab2_A_original_CA_coordinates.csv,109,2,0.5,0.0717829
pdb6u6q_A_original_CA_coordinates.csv,66,2,0.5,0.0939625
pdb5v2q_A_original_CA_coordinates.csv,298,2,0.5,1.91057
pdb4ly0_A_original_CA_coordinates.csv,271,2,0.5,15.0137
pdb6m81_A_original_CA_coordinates.csv,239,2,0.5,7.14345
pdb2ixm_A_original_CA_coordinates.csv,300,2,0.5,0.199151
pdb3w56_A_original_CA_coordinates.csv,108,2,0.5,0.0618566
pdb4i05_A_original_CA_coordinates.csv,276,2,0.5,0.122371
pdb5n3e_A_original_CA_coordinates.csv,348,2,0.5,5.87991
pdb2arf_A_original_CA_coordinates.csv,165,2,0.5,23.0247
pdb7pyw_A_original_CA_coordinates.csv,235,2,0.5,0.342056
pdb5vgt_A_original_CA_coordinates.csv,124,2,0.5,10.6756
pdb7chl_A_original_CA_coordinates.csv,498,2,0.5,0.137859
pdb3b6p_A_original_CA_coordinates.csv,217,2,0.5,2.22993
pdb5qan_A_original_CA_coordinates.csv,241,2,0.5,1.68826
pdb2h0k_A_original_CA_coordinates.csv,318,2,0.5,0.213788
pdb2fqe_A_original_CA_coordinates.csv,463,2,0.5,36.8197
pdb2y2k_A_original_CA_coordinates.csv,469,2,0.5,36.0703
pdb8cwf_A_original_CA_coordinates.csv,129,2,0.5,37.2724
pdb7o53_A_original_CA_coordinates.csv,207,2,0.5,1.88276
pdb3ty7_A_original_CA_coordinates.csv,445,2,0.5,0.312633
pdb8fnx_A_original_CA_coordinates.csv,762,2,0.5,6.67066
pdb3unv_A_original_CA_coordinates.csv,513,2,0.5,31.4261
pdb4gs9_A_original_CA_coordinates.csv,107,2,0.5,12.2613
pdb5cdn_A_original_CA_coordinates.csv,480,2,0.5,13.6357
pdb5sgu_A_original_CA_coordinates.csv,315,2,0.5,0.741565
pdb6s06_A_original_CA_coordinates.csv,294,2,0.5,0.228075
pdb8b3w_A_original_CA_coordinates.csv,353,2,0.5,0.136996
pdb4ufy_A_original_CA_coordinates.csv,208,2,0.5,0.114927
pdb2xr4_A_original_CA_coordinates.csv,116,2,0.5,0.144078
pdb7r6a_A_original_CA_coordinates.csv,329,2,0.5,2.96469
pdb4dfw_A_original_CA_coordinates.csv,219,2,0.5,0.0830423
pdb4n26_A_original_CA_coordinates.csv,655,2,0.5,0.686942
pdb4jwh_A_original_CA_coordinates.csv,185,2,0.5,0.352701
pdb1e2b_A_original_CA_coordinates.csv,106,2,0.5,0.309574
pdb7fpk_A_original_CA_coordinates.csv,237,2,0.5,0.287696
pdb5f9e_A_original_CA_coordinates.csv,334,2,0.5,580.533
pdb4v38_A_original_CA_coordinates.csv,388,2,0.5,2.20278
pdb5rzf_A_original_CA_coordinates.csv,284,2,0.5,10.0768
pdb5qr5_B_original_CA_coordinates.csv,428,2,0.5,14.0601
pdb4wuk_H_original_CA_coordinates.csv,213,2,0.5,0.0900568
pdb4r4k_A_original_CA_coordinates.csv,150,2,0.5,9.67219
pdb3nja_A_original_CA_coordinates.csv,104,2,0.5,4.6617
pdb7es2_A_original_CA_coordinates.csv,405,2,0.5,94.9097
pdb1qx1_A_original_CA_coordinates.csv,1014,2,0.5,2.5998
pdb2wog_A_original_CA_coordinates.csv,333,2,0.5,37.485
pdb2fiq_A_original_CA_coordinates.csv,400,2,0.5,0.11445
pdb3jt7_A_original_CA_coordinates.csv,407,2,0.5,0.234412
pdb1q7r_A_original_CA_coordinates.csv,194,2,0.5,58.4375
pdb6g92_A_original_CA_coordinates.csv,343,2,0.5,5.10016
pdb2m47_A_original_CA_coordinates.csv,163,2,0.5,0.0235314
pdb6o0n_A_original_CA_coordinates.csv,523,2,0.5,53.0543
pdb5e9q_A_original_CA_coordinates.csv,255,2,0.5,3.17894
pdb6kb1_A_original_CA_coordinates.csv,269,2,0.5,0.336884
pdb4v3l_A_original_CA_coordinates.csv,146,2,0.5,2.64396
pdb2ooq_A_original_CA_coordinates.csv,278,2,0.5,0.191439
pdb2kdb_A_original_CA_coordinates.csv,77,2,0.5,14.9401
pdb7ysm_A_original_CA_coordinates.csv,311,2,0.5,0.0780177
pdb5way_A_original_CA_coordinates.csv,482,2,0.5,160.326
pdb2jld_A_original_CA_coordinates.csv,349,2,0.5,0.537171
pdb2o6i_A_original_CA_coordinates.csv,436,2,0.5,2.96525
pdb8a74_A_original_CA_coordinates.csv,334,2,0.5,0.448461
pdb6nxs_A_original_CA_coordinates.csv,249,2,0.5,0.610527
pdb4ou3_A_original_CA_coordinates.csv,902,2,0.5,0.293262
pdb3ntn_A_original_CA_coordinates.csv,211,2,0.5,0.266356
pdb7zws_A_original_CA_coordinates.csv,125,2,0.5,4.34455
pdb2oec_A_original_CA_coordinates.csv,252,2,0.5,0.45991
pdb3pxs_A_original_CA_coordinates.csv,354,2,0.5,1.28611
pdb5q1l_A_original_CA_coordinates.csv,341,2,0.5,35.9824
pdb6z24_A_original_CA_coordinates.csv,258,2,0.5,4.19885
pdb5og5_A_original_CA_coordinates.csv,332,2,0.5,8.07223
pdb4qfy_A_original_CA_coordinates.csv,480,2,0.5,8.5485
pdb3npx_A_original_CA_coordinates.csv,249,2,0.5,0.248139
pdb5exg_A_original_CA_coordinates.csv,142,2,0.5,10.3333
pdb5b70_A_original_CA_coordinates.csv,209,2,0.5,163.854
pdb5hqh_A_original_CA_coordinates.csv,96,2,0.5,1.00682
pdb7kbr_G_original_CA_coordinates.csv,151,2,0.5,0.0860741
pdb2cq4_A_original_CA_coordinates.csv,114,2,0.5,9.9371
pdb4c5m_A_original_CA_coordinates.csv,273,2,0.5,17.6258
pdb4re5_A_original_CA_coordinates.csv,574,2,0.5,0.0426484
pdb1dz5_A_original_CA_coordinates.csv,101,2,0.5,1.34973
pdb5d4h_A_original_CA_coordinates.csv,337,2,0.5,0.207199
pdb1x2k_A_original_CA_coordinates.csv,68,2,0.5,0.0211706
pdb3pu3_A_original_CA_coordinates.csv,363,2,0.5,0.186724
pdb1ts6_A_original_CA_coordinates.csv,125,2,0.5,0.462951
pdb5nfe_A_original_CA_coordinates.csv,116,2,0.5,0.247041
pdb3h4y_A_original_CA_coordinates.csv,147,2,0.5,286.419
pdb3dlc_A_original_CA_coordinates.csv,215,2,0.5,172.489
pdb6i4f_A_original_CA_coordinates.csv,350,2,0.5,0.173527
pdb6dc2_A_original_CA_coordinates.csv,625,2,0.5,0.235657
pdb3sp4_A_original_CA_coordinates.csv,202,2,0.5,0.916396
pdb4xtz_A_original_CA_coordinates.csv,266,2,0.5,0.155361
pdb3b37_A_original_CA_coordinates.csv,866,2,0.5,5.60331
pdb4eko_A_original_CA_coordinates.csv,207,2,0.5,17.3799
pdb3rvp_A_original_CA_coordinates.csv,130,2,0.5,0.0296717
pdb3oq2_A_original_CA_coordinates.csv,99,2,0.5,0.0819776
pdb5qyi_A_original_CA_coordinates.csv,237,2,0.5,8.91188
pdb4mlj_A_original_CA_coordinates.csv,294,2,0.5,2.82372
pdb3bw9_A_original_CA_coordinates.csv,276,2,0.5,2.95989
pdb6w89_A_original_CA_coordinates.csv,285,2,0.5,3.73918
pdb3hx8_A_original_CA_coordinates.csv,124,2,0.5,22.8565
pdb7n38_A_original_CA_coordinates.csv,174,2,0.5,0.078186
pdb4fvl_A_original_CA_coordinates.csv,368,2,0.5,3.28181
pdb7ggn_A_original_CA_coordinates.csv,304,2,0.5,7.25363
pdb8dxu_R_original_CA_coordinates.csv,193,2,0.5,19.2817
pdb5w4s_A_original_CA_coordinates.csv,139,2,0.5,3.74609
pdb6qda_A_original_CA_coordinates.csv,411,2,0.5,38.2162
pdb5qs1_A_original_CA_coordinates.csv,171,2,0.5,0.379816
pdb5inp_A_original_CA_coordinates.csv,255,2,0.5,0.135866
pdb2y7e_A_original_CA_coordinates.csv,274,2,0.5,1.09225
pdb3lw0_A_original_CA_coordinates.csv,292,2,0.5,4.00682
pdb7n8j_A_original_CA_coordinates.csv,422,2,0.5,0.319741
pdb3oca_A_original_CA_coordinates.csv,179,2,0.5,0.411115
pdb1ofw_A_original_CA_coordinates.csv,292,2,0.5,1.73282
pdb3iww_A_original_CA_coordinates.csv,694,2,0.5,0.018318
pdb7cy7_A_original_CA_coordinates.csv,872,2,0.5,3.54665
pdb5eof_A_original_CA_coordinates.csv,74,2,0.5,0.0153926
pdb3wl1_A_original_CA_coordinates.csv,383,2,0.5,8.28563
pdb3bkp_A_original_CA_coordinates.csv,179,2,0.5,26.2244
pdb4rzm_A_original_CA_coordinates.csv,274,2,0.5,1.66351
pdb2qx6_A_original_CA_coordinates.csv,230,2,0.5,6.07356
pdb5j1w_A_original_CA_coordinates.csv,338,2,0.5,0.83219
pdb4alp_A_original_CA_coordinates.csv,87,2,0.5,5.63435
pdb2kmv_A_original_CA_coordinates.csv,185,2,0.5,1.54427
pdb1dxw_A_original_CA_coordinates.csv,165,2,0.5,0.0564421
pdb7yui_A_original_CA_coordinates.csv,305,2,0.5,0.139894
pdb6ng4_A_original_CA_coordinates.csv,414,2,0.5,1.26503
pdb3pk3_A_original_CA_coordinates.csv,295,2,0.5,0.434044
pdb7nx2_A_original_CA_coordinates.csv,210,2,0.5,3.5113
pdb5q3o_A_original_CA_coordinates.csv,341,2,0.5,4.22317
pdb2kfj_A_original_CA_coordinates.csv,86,2,0.5,0.265664
pdb7g9h_A_original_CA_coordinates.csv,179,2,0.5,7.10306
pdb4xd8_A_original_CA_coordinates.csv,216,2,0.5,1.26849
pdb2jm5_A_original_CA_coordinates.csv,134,2,0.5,0.518875
pdb4ohy_A_original_CA_coordinates.csv,398,2,0.5,0.283755
pdb5ply_A_original_CA_coordinates.csv,331,2,0.5,45.421
pdb3zr5_A_original_CA_coordinates.csv,641,2,0.5,0.0215847
pdb5hye_A_original_CA_coordinates.csv,208,2,0.5,5.97079
pdb2op5_A_original_CA_coordinates.csv,110,2,0.5,1.58316
pdb3d9x_A_original_CA_coordinates.csv,114,2,0.5,1.61334
pdb1ax0_A_original_CA_coordinates.csv,239,2,0.5,2.6088
pdb3w9w_A_original_CA_coordinates.csv,376,2,0.5,676.756
pdb6pag_A_original_CA_coordinates.csv,277,2,0.5,20.3424
pdb5d16_A_original_CA_coordinates.csv,161,2,0.5,54.0508
pdb4qyp_A_original_CA_coordinates.csv,133,2,0.5,0.0785956
pdb3b0q_A_original_CA_coordinates.csv,262,2,0.5,1.57299
pdb2qhp_A_original_CA_coordinates.csv,282,2,0.5,16.703
pdb4x6h_A_original_CA_coordinates.csv,215,2,0.5,7.52473
pdb1uhp_A_original_CA_coordinates.csv,107,2,0.5,0.558126
pdb4gek_A_original_CA_coordinates.csv,230,2,0.5,0.14087
pdb7q77_A_original_CA_coordinates.csv,124,2,0.5,0.225331
pdb3aem_A_original_CA_coordinates.csv,387,2,0.5,1.33573
pdb3csr_A_original_CA_coordinates.csv,159,2,0.5,9.88162
pdb5rd3_A_original_CA_coordinates.csv,330,2,0.5,0.310453
pdb5fp8_A_original_CA_coordinates.csv,330,2,0.5,10.1556
pdb2e56_A_original_CA_coordinates.csv,144,2,0.5,1.77946
pdb2jmv_A_original_CA_coordinates.csv,94,2,0.5,0.825604
pdb5qyj_A_original_CA_coordinates.csv,237,2,0.5,0.239272
pdb4psf_A_original_CA_coordinates.csv,134,2,0.5,1.75795
pdb3w76_A_original_CA_coordinates.csv,313,2,0.5,11.8532
pdb5qza_A_original_CA_coordinates.csv,237,2,0.5,32.9446
pdb5sev_A_original_CA_coordinates.csv,312,2,0.5,12.6058
pdb2ihp_A_original_CA_coordinates.csv,275,2,0.5,67.8798
pdb4ue1_A_original_CA_coordinates.csv,100,2,0.5,0.476089
pdb5fwo_A_original_CA_coordinates.csv,112,2,0.5,2.00819
pdb4h7n_A_original_CA_coordinates.csv,462,2,0.5,1.95892
pdb1npl_A_original_CA_coordinates.csv,109,2,0.5,0.406386
pdb5ocg_A_original_CA_coordinates.csv,172,2,0.5,177.659
pdb5zmj_H_original_CA_coordinates.csv,227,2,0.5,19.6232
pdb3i76_A_original_CA_coordinates.csv,223,2,0.5,16.1499
pdb5hf0_X_original_CA_coordinates.csv,157,2,0.5,0.298962
pdb4etp_A_original_CA_coordinates.csv,379,2,0.5,64.3098
pdb4yw4_A_original_CA_coordinates.csv,659,2,0.5,0.0214906
pdb5xjk_A_original_CA_coordinates.csv,65,2,0.5,0.0712297
pdb4ged_A_original_CA_coordinates.csv,268,2,0.5,2.8553
pdb2x76_A_original_CA_coordinates.csv,342,2,0.5,0.76156
pdb5on1_A_original_CA_coordinates.csv,498,2,0.5,2.99938
pdb5dyr_A_original_CA_coordinates.csv,139,2,0.5,4.79213
pdb4yj2_A_original_CA_coordinates.csv,437,2,0.5,0.240161
pdb7fs2_A_original_CA_coordinates.csv,422,2,0.5,7.55083
pdb2lo1_A_original_CA_coordinates.csv,71,2,0.5,0.0704567
pdb6sw3_A_original_CA_coordinates.csv,115,2,0.5,0.0402639
pdb2fh0_A_original_CA_coordinates.csv,81,2,0.5,0.0816567
pdb4zlu_A_original_CA_coordinates.csv,432,2,0.5,0.583874
pdb3m2n_A_original_CA_coordinates.csv,258,2,0.5,2.62618
pdb5quc_A_original_CA_coordinates.csv,222,2,0.5,2.71833
pdb5s90_A_original_CA_coordinates.csv,119,2,0.5,2.17127
pdb7gh5_A_original_CA_coordinates.csv,304,2,0.5,0.631426
pdb6ekt_A_original_CA_coordinates.csv,419,2,0.5,11.9947
pdb2dmg_A_original_CA_coordinates.csv,142,2,0.5,0.286799
pdb5sxr_A_original_CA_coordinates.csv,712,2,0.5,12.4678
pdb5m4d_A_original_CA_coordinates.csv,439,2,0.5,43.3513
pdb2l85_A_original_CA_coordinates.csv,121,2,0.5,1.61969
pdb3rj8_A_original_CA_coordinates.csv,473,2,0.5,368.331
pdb6xys_A_original_CA_coordinates.csv,535,2,0.5,15.1883
pdb4p2f_A_original_CA_coordinates.csv,189,2,0.5,0.140344
pdb4yjq_A_original_CA_coordinates.csv,264,2,0.5,74.0118
pdb1g42_A_original_CA_coordinates.csv,293,2,0.5,1.09912
pdb5sow_A_original_CA_coordinates.csv,167,2,0.5,2.50399
pdb8erd_A_original_CA_coordinates.csv,290,2,0.5,397.389
pdb3qva_A_original_CA_coordinates.csv,109,2,0.5,0.607821
pdb6a50_A_original_CA_coordinates.csv,527,2,0.5,1.22965
pdb3ngh_A_original_CA_coordinates.csv,106,2,0.5,15.0124
pdb2k4z_A_original_CA_coordinates.csv,125,2,0.5,0.349382
pdb6emu_A_original_CA_coordinates.csv,170,2,0.5,0.730653
pdb6bh0_A_original_CA_coordinates.csv,291,2,0.5,0.0935591
pdb5qpd_A_original_CA_coordinates.csv,359,2,0.5,0.167284
pdb6s61_A_original_CA_coordinates.csv,172,2,0.5,0.983119
pdb5xcy_A_original_CA_coordinates.csv,358,2,0.5,7.51495
pdb2e19_A_original_CA_coordinates.csv,64,2,0.5,1.22982
pdb6fih_A_original_CA_coordinates.csv,379,2,0.5,31.3553
pdb7jxq_D_original_CA_coordinates.csv,298,2,0.5,1.48633
pdb3ey7_A_original_CA_coordinates.csv,127,2,0.5,99.9782
pdb3g2q_A_original_CA_coordinates.csv,247,2,0.5,0.130724
pdb2kli_A_original_CA_coordinates.csv,172,2,0.5,0.585769
pdb6ky9_A_original_CA_coordinates.csv,143,2,0.5,2.99422
pdb3hh1_A_original_CA_coordinates.csv,111,2,0.5,17.1589
pdb4wvf_A_original_CA_coordinates.csv,209,2,0.5,37.7376
pdb7oft_A_original_CA_coordinates.csv,315,2,0.5,2.90341
pdb4y3b_A_original_CA_coordinates.csv,229,2,0.5,17.2562
pdb7flh_A_original_CA_coordinates.csv,237,2,0.5,0.109844
pdb5kb5_A_original_CA_coordinates.csv,341,2,0.5,0.315086
pdb6gx6_A_original_CA_coordinates.csv,159,2,0.5,9.45531
pdb6p9v_A_original_CA_coordinates.csv,380,2,0.5,6.6179
pdb4k02_A_original_CA_coordinates.csv,127,2,0.5,45.5379
pdb6kod_A_original_CA_coordinates.csv,440,2,0.5,4.9903
pdb6uvg_A_original_CA_coordinates.csv,145,2,0.5,0.143999
pdb2mjw_A_original_CA_coordinates.csv,101,2,0.5,1.82201
pdb3lsn_A_original_CA_coordinates.csv,273,2,0.5,141.452
pdb6ud6_A_original_CA_coordinates.csv,119,2,0.5,0.232815
pdb2kxf_A_original_CA_coordinates.csv,199,2,0.5,5.15881
pdb4yrn_A_original_CA_coordinates.csv,415,2,0.5,371.883
pdb5uo5_A_original_CA_coordinates.csv,415,2,0.5,0.616091
pdb4pxw_A_original_CA_coordinates.csv,292,2,0.5,6.80898
pdb6yv6_A_original_CA_coordinates.csv,200,2,0.5,0.0535267
pdb5ia5_A_original_CA_coordinates.csv,273,2,0.5,0.635524
pdb7kuh_X_original_CA_coordinates.csv,283,2,0.5,51.439
pdb2cr4_A_original_CA_coordinates.csv,126,2,0.5,0.378754
pdb3sb3_A_original_CA_coordinates.csv,100,2,0.5,6.68096
pdb3eiz_A_original_CA_coordinates.csv,182,2,0.5,0.284567
pdb4du6_A_original_CA_coordinates.csv,219,2,0.5,0.113134
pdb2w4w_C_original_CA_coordinates.csv,772,2,0.5,0.766921
pdb6q4s_A_original_CA_coordinates.csv,308,2,0.5,1.15522
pdb7v1g_A_original_CA_coordinates.csv,259,2,0.5,1.15502
pdb2n0u_A_original_CA_coordinates.csv,89,2,0.5,0.12247
pdb8st7_D_original_CA_coordinates.csv,75,2,0.5,0.509238
pdb7c5f_O_original_CA_coordinates.csv,335,2,0.5,13.4512
pdb5xmc_A_original_CA_coordinates.csv,409,2,0.5,0.572278
pdb5sex_A_original_CA_coordinates.csv,312,2,0.5,0.188332
pdb4kyw_A_original_CA_coordinates.csv,254,2,0.5,0.995393
pdb7eze_A_original_CA_coordinates.csv,170,2,0.5,62.946
pdb3dkr_A_original_CA_coordinates.csv,241,2,0.5,0.58231
pdb7rm8_A_original_CA_coordinates.csv,110,2,0.5,0.686342
pdb4bxu_A_original_CA_coordinates.csv,69,2,0.5,0.057186
pdb3fi2_A_original_CA_coordinates.csv,326,2,0.5,0.785822
pdb6yqg_A_original_CA_coordinates.csv,162,2,0.5,0.58691
pdb6km1_A_original_CA_coordinates.csv,257,2,0.5,16.5833
pdb4iw7_A_original_CA_coordinates.csv,334,2,0.5,19.5021
pdb6l08_A_original_CA_coordinates.csv,285,2,0.5,0.184751
pdb2gs3_A_original_CA_coordinates.csv,171,2,0.5,1.55402
pdb7r61_A_original_CA_coordinates.csv,266,2,0.5,2.86999
pdb6qr1_A_original_CA_coordinates.csv,213,2,0.5,0.267035
pdb3u7z_A_original_CA_coordinates.csv,97,2,0.5,10.2526
pdb6ipn_A_original_CA_coordinates.csv,331,2,0.5,3.38713
pdb3e84_A_original_CA_coordinates.csv,164,2,0.5,1.48984
pdb3kpc_A_original_CA_coordinates.csv,124,2,0.5,0.129296
pdb7cww_A_original_CA_coordinates.csv,350,2,0.5,2.47036
pdb2cjs_A_original_CA_coordinates.csv,163,2,0.5,29.2443
pdb1kvi_A_original_CA_coordinates.csv,79,2,0.5,0.266884
pdb2lvj_A_original_CA_coordinates.csv,77,2,0.5,2.30268
pdb5mv9_A_original_CA_coordinates.csv,480,2,0.5,9.29735
pdb3gov_A_original_CA_coordinates.csv,147,2,0.5,16.6267
pdb5l99_A_original_CA_coordinates.csv,116,2,0.5,0.0725041
pdb8bjv_A_original_CA_coordinates.csv,321,2,0.5,1.39965
pdb4k6x_A_original_CA_coordinates.csv,199,2,0.5,0.0513625
pdb2qe3_A_original_CA_coordinates.csv,140,2,0.5,3.6243
pdb2i0h_A_original_CA_coordinates.csv,349,2,0.5,6.973
pdb7cdb_A_original_CA_coordinates.csv,122,2,0.5,0.167518
pdb2x1z_M_original_CA_coordinates.csv,151,2,0.5,10.8299
pdb6n35_L_original_CA_coordinates.csv,211,2,0.5,0.267607
pdb8asd_A_original_CA_coordinates.csv,1826,2,0.5,0.000100553
pdb5km9_B_original_CA_coordinates.csv,112,2,0.5,6.95383
pdb7ttj_B_original_CA_coordinates.csv,590,2,0.5,3.33759
pdb2n4b_A_original_CA_coordinates.csv,138,2,0.5,0.0247159
pdb7ghz_A_original_CA_coordinates.csv,306,2,0.5,0.635078
pdb3eu9_A_original_CA_coordinates.csv,232,2,0.5,0.590563
pdb4hmu_A_original_CA_coordinates.csv,202,2,0.5,1.90465
pdb4gp7_A_original_CA_coordinates.csv,167,2,0.5,38.668
pdb8djc_A_original_CA_coordinates.csv,331,2,0.5,0.869798
pdb1t1i_A_original_CA_coordinates.csv,357,2,0.5,2.81064
pdb6v2q_A_original_CA_coordinates.csv,276,2,0.5,0.196648
pdb2poj_A_original_CA_coordinates.csv,164,2,0.5,0.798934
pdb6yf3_A_original_CA_coordinates.csv,108,2,0.5,1.4367
pdb4tof_A_original_CA_coordinates.csv,157,2,0.5,0.282134
pdb2nmy_A_original_CA_coordinates.csv,99,2,0.5,5.78711
pdb4lbm_A_original_CA_coordinates.csv,139,2,0.5,5.13945
pdb8ewr_A_original_CA_coordinates.csv,446,2,0.5,1953.31
pdb8btu_A_original_CA_coordinates.csv,262,2,0.5,0.118637
pdb6skk_A_original_CA_coordinates.csv,220,2,0.5,17.7793
pdb5vnr_A_original_CA_coordinates.csv,164,2,0.5,1.21951
pdb3sbj_A_original_CA_coordinates.csv,252,2,0.5,0.152516
pdb3t8d_A_original_CA_coordinates.csv,316,2,0.5,0.0850961
pdb8c8w_A_original_CA_coordinates.csv,1032,2,0.5,1.7133
pdb3kgs_A_original_CA_coordinates.csv,115,2,0.5,0.839818
pdb7cpq_A_original_CA_coordinates.csv,438,2,0.5,0.360057
pdb5zwa_A_original_CA_coordinates.csv,262,2,0.5,2.66275
pdb4cb7_A_original_CA_coordinates.csv,159,2,0.5,10.4809
pdb7bcc_A_original_CA_coordinates.csv,352,2,0.5,0.201941
pdb6l5o_A_original_CA_coordinates.csv,372,2,0.5,0.951513
pdb5y65_B_original_CA_coordinates.csv,233,2,0.5,1.89332
pdb4ece_A_original_CA_coordinates.csv,282,2,0.5,1.33647
pdb6o91_A_original_CA_coordinates.csv,374,2,0.5,0.078709
pdb1zk0_A_original_CA_coordinates.csv,251,2,0.5,7.07314
pdb3dn6_A_original_CA_coordinates.csv,164,2,0.5,9.1033
pdb3nra_A_original_CA_coordinates.csv,384,2,0.5,1.61156
pdb3znx_A_original_CA_coordinates.csv,260,2,0.5,0.0532755
pdb2p8g_A_original_CA_coordinates.csv,155,2,0.5,0.891878
pdb4tvs_A_original_CA_coordinates.csv,224,2,0.5,10.4394
pdb5xlz_A_original_CA_coordinates.csv,437,2,0.5,41.533
pdb3sqn_A_original_CA_coordinates.csv,463,2,0.5,5.24651
pdb6i41_A_original_CA_coordinates.csv,139,2,0.5,5.43862
pdb1evu_A_original_CA_coordinates.csv,707,2,0.5,0.759201
pdb8cuq_B_original_CA_coordinates.csv,360,2,0.5,2.22293
pdb2kwf_A_original_CA_coordinates.csv,87,2,0.5,6.42378
pdb5o1a_A_original_CA_coordinates.csv,196,2,0.5,3.90298
pdb6ccx_A_original_CA_coordinates.csv,198,2,0.5,0.0471307
pdb7jx1_A_original_CA_coordinates.csv,263,2,0.5,38.8294
pdb2v31_A_original_CA_coordinates.csv,112,2,0.5,3.47785
pdb4ts6_A_original_CA_coordinates.csv,126,2,0.5,0.426689
pdb7xb7_B_original_CA_coordinates.csv,246,2,0.5,0.148664
pdb7dpj_A_original_CA_coordinates.csv,166,2,0.5,5.37809
pdb5qhu_A_original_CA_coordinates.csv,182,2,0.5,4.22989
pdb3l4o_A_original_CA_coordinates.csv,353,2,0.5,10.6253
pdb3bk0_A_original_CA_coordinates.csv,257,2,0.5,0.0634012
pdb8cfh_A_original_CA_coordinates.csv,462,2,0.5,0.0980502
pdb1usc_A_original_CA_coordinates.csv,178,2,0.5,0.534562
pdb5e4n_A_original_CA_coordinates.csv,459,2,0.5,3.30873
pdb5zo5_A_original_CA_coordinates.csv,205,2,0.5,2.10856
pdb4mfk_A_original_CA_coordinates.csv,323,2,0.5,5.95282
pdb8dcu_A_original_CA_coordinates.csv,129,2,0.5,7.20239
pdb6b9i_A_original_CA_coordinates.csv,283,2,0.5,2.30124
pdb2ww4_A_original_CA_coordinates.csv,283,2,0.5,7.2435
pdb7k5d_A_original_CA_coordinates.csv,123,2,0.5,0.244307
pdb3rv9_A_original_CA_coordinates.csv,420,2,0.5,40.2027
pdb3g7q_A_original_CA_coordinates.csv,373,2,0.5,1.2588
pdb4ram_A_original_CA_coordinates.csv,239,2,0.5,0.331753
pdb5rfe_A_original_CA_coordinates.csv,304,2,0.5,0.125108
pdb4tqe_L_original_CA_coordinates.csv,218,2,0.5,67.5006
pdb1u3o_A_original_CA_coordinates.csv,67,2,0.5,0.0823377
pdb5o6r_A_original_CA_coordinates.csv,218,2,0.5,0.246908
pdb2g4k_A_original_CA_coordinates.csv,339,2,0.5,3.54187
pdb1uto_A_original_CA_coordinates.csv,220,2,0.5,6.75982
pdb5icw_A_original_CA_coordinates.csv,180,2,0.5,1.20147
pdb4boe_A_original_CA_coordinates.csv,154,2,0.5,70.5568
pdb4r14_A_original_CA_coordinates.csv,153,2,0.5,0.248968
pdb3c5i_A_original_CA_coordinates.csv,343,2,0.5,2.57533
pdb6t9s_A_original_CA_coordinates.csv,526,2,0.5,0.598675
pdb5vi6_A_original_CA_coordinates.csv,353,2,0.5,36.085
pdb7ck0_A_original_CA_coordinates.csv,386,2,0.5,44.1866
pdb8t1t_A_original_CA_coordinates.csv,262,2,0.5,0.0679089
pdb4ls5_A_original_CA_coordinates.csv,413,2,0.5,1.48439
pdb5pt8_A_original_CA_coordinates.csv,121,2,0.5,0.755748
pdb3vvy_A_original_CA_coordinates.csv,184,2,0.5,9.05196
pdb3ciw_A_original_CA_coordinates.csv,344,2,0.5,0.381567
pdb2y1s_A_original_CA_coordinates.csv,108,2,0.5,0.0431562
pdb4fu7_A_original_CA_coordinates.csv,246,2,0.5,0.354883
pdb2hrb_A_original_CA_coordinates.csv,273,2,0.5,0.650923
pdb8b9n_A_original_CA_coordinates.csv,239,2,0.5,2.58853
pdb6oyd_A_original_CA_coordinates.csv,99,2,0.5,0.0474347
pdb5g4l_A_original_CA_coordinates.csv,265,2,0.5,27.7896
pdb6ehq_S_original_CA_coordinates.csv,267,2,0.5,0.353643
pdb6g34_A_original_CA_coordinates.csv,327,2,0.5,22.943
pdb7mlr_A_original_CA_coordinates.csv,126,2,0.5,0.0819533
pdb3zrh_A_original_CA_coordinates.csv,428,2,0.5,15.7693
pdb6nev_A_original_CA_coordinates.csv,431,2,0.5,51.3142
pdb3bvx_A_original_CA_coordinates.csv,1016,2,0.5,7.01505
pdb2b67_A_original_CA_coordinates.csv,198,2,0.5,5.90545
pdb2fhq_A_original_CA_coordinates.csv,131,2,0.5,6.42684
pdb2hr9_A_original_CA_coordinates.csv,174,2,0.5,4.3254
pdb6fzo_A_original_CA_coordinates.csv,133,2,0.5,2.6141
pdb6pzj_A_original_CA_coordinates.csv,264,2,0.5,0.214259
pdb6dn0_A_original_CA_coordinates.csv,119,2,0.5,0.74928
pdb6jrc_A_original_CA_coordinates.csv,268,2,0.5,0.307747
pdb3nuj_A_original_CA_coordinates.csv,99,2,0.5,0.531014
pdb7l1i_A_original_CA_coordinates.csv,169,2,0.5,0.0749665
pdb5mno_A_original_CA_coordinates.csv,220,2,0.5,0.1267
pdb6kg9_A_original_CA_coordinates.csv,67,2,0.5,0.484263
pdb3mu0_A_original_CA_coordinates.csv,229,2,0.5,154.49
pdb4g75_A_original_CA_coordinates.csv,286,2,0.5,259.794
pdb4j8p_A_original_CA_coordinates.csv,155,2,0.5,2.35819
pdb3bp5_A_original_CA_coordinates.csv,114,2,0.5,9.82083
pdb6joe_A_original_CA_coordinates.csv,242,2,0.5,2.27299
pdb3vd8_A_original_CA_coordinates.csv,467,2,0.5,7.4336
pdb3hu9_A_original_CA_coordinates.csv,162,2,0.5,6.1982
pdb7kwu_A_original_CA_coordinates.csv,556,2,0.5,1.53184
pdb5psg_A_original_CA_coordinates.csv,121,2,0.5,68.7461
pdb1j5c_A_original_CA_coordinates.csv,98,2,0.5,0.248022
pdb4w8k_A_original_CA_coordinates.csv,289,2,0.5,34.0747
pdb7yq6_E_original_CA_coordinates.csv,799,2,0.5,0.19229
pdb6emr_A_original_CA_coordinates.csv,206,2,0.5,63.7396
pdb3tfu_A_original_CA_coordinates.csv,417,2,0.5,40.7189
pdb5rx3_A_original_CA_coordinates.csv,460,2,0.5,24.8987
pdb8bk5_A_original_CA_coordinates.csv,134,2,0.5,0.274717
pdb5sqy_A_original_CA_coordinates.csv,167,2,0.5,0.139801
pdb3bwk_A_original_CA_coordinates.csv,242,2,0.5,61.9999
pdb4nl4_H_original_CA_coordinates.csv,698,2,0.5,0.00382509
pdb5ah2_A_original_CA_coordinates.csv,380,2,0.5,0.0898656
pdb1kw3_B_original_CA_coordinates.csv,288,2,0.5,1.04694
pdb8ke1_A_original_CA_coordinates.csv,260,2,0.5,0.708331
pdb2q7j_A_original_CA_coordinates.csv,247,2,0.5,1.21489
pdb4noh_A_original_CA_coordinates.csv,159,2,0.5,0.0378895
pdb6m4l_A_original_CA_coordinates.csv,496,2,0.5,0.0581957
pdb3dj9_A_original_CA_coordinates.csv,107,2,0.5,68.0719
pdb7wfw_A_original_CA_coordinates.csv,998,2,0.5,0.0850221
pdb4n1i_A_original_CA_coordinates.csv,312,2,0.5,14.2836
pdb4afj_A_original_CA_coordinates.csv,343,2,0.5,3.3216
pdb4j2v_A_original_CA_coordinates.csv,581,2,0.5,3.10394
pdb7b7a_A_original_CA_coordinates.csv,391,2,0.5,0.176084
pdb3u6d_A_original_CA_coordinates.csv,252,2,0.5,2.88618
pdb4gy7_A_original_CA_coordinates.csv,827,2,0.5,0.0611221
pdb5y6b_A_original_CA_coordinates.csv,145,2,0.5,0.234366
pdb4ax2_A_original_CA_coordinates.csv,124,2,0.5,0.245022
pdb2dgz_A_original_CA_coordinates.csv,113,2,0.5,0.104547
pdb7miy_A_original_CA_coordinates.csv,1326,2,0.5,0.284525
pdb3jz0_A_original_CA_coordinates.csv,266,2,0.5,0.220896
pdb5qh4_A_original_CA_coordinates.csv,184,2,0.5,1.72546
pdb6mp8_A_original_CA_coordinates.csv,308,2,0.5,28.6417
pdb6ssc_A_original_CA_coordinates.csv,149,2,0.5,6.62263
pdb7bd5_A_original_CA_coordinates.csv,338,2,0.5,0.973839
pdb2ibp_A_original_CA_coordinates.csv,407,2,0.5,1.34114
pdb6hxa_A_original_CA_coordinates.csv,375,2,0.5,0.149027
pdb2ogf_A_original_CA_coordinates.csv,118,2,0.5,0.405012
pdb2xkf_A_original_CA_coordinates.csv,250,2,0.5,0.646414
pdb4gw6_A_original_CA_coordinates.csv,144,2,0.5,3.50304
pdb2ly4_A_original_CA_coordinates.csv,83,2,0.5,0.0308317
pdb3mux_A_original_CA_coordinates.csv,247,2,0.5,1.82954
pdb6vb8_A_original_CA_coordinates.csv,233,2,0.5,6.79196
pdb7u0u_A_original_CA_coordinates.csv,195,2,0.5,0.629463
pdb5z5n_A_original_CA_coordinates.csv,231,2,0.5,0.888645
pdb6w8a_A_original_CA_coordinates.csv,276,2,0.5,7.95612
pdb3w1w_A_original_CA_coordinates.csv,359,2,0.5,0.916627
pdb5vg0_A_original_CA_coordinates.csv,142,2,0.5,0.0420145
pdb8gbw_H_original_CA_coordinates.csv,214,2,0.5,13.7816
pdb7tkv_A_original_CA_coordinates.csv,631,2,0.5,19.9199
pdb4bve_A_original_CA_coordinates.csv,274,2,0.5,0.350654
pdb4nga_H_original_CA_coordinates.csv,231,2,0.5,0.780722
pdb4xez_A_original_CA_coordinates.csv,186,2,0.5,334.582
pdb6coi_A_original_CA_coordinates.csv,260,2,0.5,1.43372
pdb6zij_A_original_CA_coordinates.csv,277,2,0.5,4.65693
pdb7cj5_A_original_CA_coordinates.csv,292,2,0.5,0.849533
pdb5jkf_A_original_CA_coordinates.csv,369,2,0.5,1.03376
pdb6h1s_A_original_CA_coordinates.csv,453,2,0.5,0.074416
pdb3m5u_A_original_CA_coordinates.csv,346,2,0.5,0.272551
pdb7kl1_A_original_CA_coordinates.csv,268,2,0.5,0.249268
pdb4bw3_A_original_CA_coordinates.csv,127,2,0.5,41.0287
pdb5vyr_A_original_CA_coordinates.csv,244,2,0.5,4.11006
pdb3prc_C_original_CA_coordinates.csv,332,2,0.5,46.7188
pdb6bd9_A_original_CA_coordinates.csv,542,2,0.5,0.715714
pdb6xfu_A_original_CA_coordinates.csv,70,2,0.5,87.0958
pdb5e7z_A_original_CA_coordinates.csv,459,2,0.5,2.90221
pdb2own_A_original_CA_coordinates.csv,252,2,0.5,0.131445
pdb4yec_A_original_CA_coordinates.csv,126,2,0.5,0.158109
pdb5fzf_A_original_CA_coordinates.csv,457,2,0.5,1.12203
pdb6lxc_A_original_CA_coordinates.csv,257,2,0.5,108.532
pdb7apn_A_original_CA_coordinates.csv,269,2,0.5,0.0978789
pdb8gc8_A_original_CA_coordinates.csv,253,2,0.5,22.572
pdb4mxr_A_original_CA_coordinates.csv,297,2,0.5,6.30631
pdb4zj2_A_original_CA_coordinates.csv,264,2,0.5,0.414524
pdb3x35_A_original_CA_coordinates.csv,87,2,0.5,1.78058
pdb2oy0_A_original_CA_coordinates.csv,262,2,0.5,0.908858
pdb3ieo_A_original_CA_coordinates.csv,256,2,0.5,4.99083
pdb4q2n_A_original_CA_coordinates.csv,93,2,0.5,0.661982
pdb5akv_A_original_CA_coordinates.csv,116,2,0.5,2.81274
pdb6fbf_A_original_CA_coordinates.csv,538,2,0.5,153.651
pdb8aqf_A_original_CA_coordinates.csv,289,2,0.5,0.29848
pdb6uqs_A_original_CA_coordinates.csv,363,2,0.5,348.758
pdb6c7w_A_original_CA_coordinates.csv,259,2,0.5,0.794541
pdb5acl_A_original_CA_coordinates.csv,109,2,0.5,5.24143
pdb6nw7_A_original_CA_coordinates.csv,216,2,0.5,12.0068
pdb5prk_A_original_CA_coordinates.csv,121,2,0.5,1.25457
pdb6guh_A_original_CA_coordinates.csv,284,2,0.5,0.0895373
pdb4mtd_A_original_CA_coordinates.csv,149,2,0.5,0.444541
pdb5rtj_A_original_CA_coordinates.csv,167,2,0.5,0.02575
pdb8by5_A_original_CA_coordinates.csv,198,2,0.5,0.0795866
pdb6gbf_A_original_CA_coordinates.csv,417,2,0.5,0.119747
pdb6a06_A_original_CA_coordinates.csv,188,2,0.5,19.0077
pdb5v88_A_original_CA_coordinates.csv,363,2,0.5,0.683576
pdb2mew_A_original_CA_coordinates.csv,82,2,0.5,0.194074
pdb4bke_A_original_CA_coordinates.csv,582,2,0.5,0.00707735
pdb7ein_A_original_CA_coordinates.csv,300,2,0.5,17.5093
pdb4e4a_A_original_CA_coordinates.csv,257,2,0.5,1.8624
pdb2hfq_A_original_CA_coordinates.csv,85,2,0.5,5.56639
pdb1smx_A_original_CA_coordinates.csv,87,2,0.5,1.74401
pdb7pth_A_original_CA_coordinates.csv,517,2,0.5,25.0433
pdb7ajo_A_original_CA_coordinates.csv,481,2,0.5,0.0635218
pdb2bgf_A_original_CA_coordinates.csv,76,2,0.5,0.143299
pdb6t0g_A_original_CA_coordinates.csv,426,2,0.5,0.268112
pdb6ovk_R_original_CA_coordinates.csv,213,2,0.5,0.487129
pdb5fra_A_original_CA_coordinates.csv,197,2,0.5,0.243839
pdb6g1w_A_original_CA_coordinates.csv,530,2,0.5,11.4626
pdb6fpq_A_original_CA_coordinates.csv,174,2,0.5,6.13811
pdb8b8x_A_original_CA_coordinates.csv,268,2,0.5,0.451703
pdb5mhc_A_original_CA_coordinates.csv,235,2,0.5,0.172413
pdb1l9y_A_original_CA_coordinates.csv,263,2,0.5,0.156688
pdb4anv_A_original_CA_coordinates.csv,848,2,0.5,0.10659
pdb6w30_A_original_CA_coordinates.csv,287,2,0.5,1.72366
pdb6dvi_A_original_CA_coordinates.csv,394,2,0.5,0.193942
pdb5qzu_A_original_CA_coordinates.csv,237,2,0.5,55.014
pdb7ktf_A_original_CA_coordinates.csv,327,2,0.5,0.750537
pdb7oyp_A_original_CA_coordinates.csv,258,2,0.5,1.91321
pdb5kns_A_original_CA_coordinates.csv,170,2,0.5,169.789
pdb3o9z_A_original_CA_coordinates.csv,310,2,0.5,0.176784
pdb2amm_X_original_CA_coordinates.csv,180,2,0.5,0.149048
pdb5oov_A_original_CA_coordinates.csv,157,2,0.5,3.88014
pdb3lae_A_original_CA_coordinates.csv,78,2,0.5,0.0407927
pdb1w8h_A_original_CA_coordinates.csv,114,2,0.5,13.9187
pdb4k73_A_original_CA_coordinates.csv,221,2,0.5,28.0151
pdb7mqx_A_original_CA_coordinates.csv,357,2,0.5,14.8543
pdb1yxm_A_original_CA_coordinates.csv,297,2,0.5,3.48424
pdb6hsr_A_original_CA_coordinates.csv,148,2,0.5,0.122239
pdb4o5o_A_original_CA_coordinates.csv,257,2,0.5,2.92734
pdb6rrp_A_original_CA_coordinates.csv,459,2,0.5,15.8533
pdb7oct_A_original_CA_coordinates.csv,686,2,0.5,0.300232
pdb4mnr_A_original_CA_coordinates.csv,407,2,0.5,4.07576
pdb3c6c_A_original_CA_coordinates.csv,285,2,0.5,183.567
pdb4pq7_A_original_CA_coordinates.csv,260,2,0.5,2.46043
pdb8a7c_A_original_CA_coordinates.csv,345,2,0.5,66.0685
pdb5tui_A_original_CA_coordinates.csv,388,2,0.5,0.910846
pdb6hyw_A_original_CA_coordinates.csv,311,2,0.5,0.611757
pdb3rqo_A_original_CA_coordinates.csv,404,2,0.5,2.20792
pdb4kti_A_original_CA_coordinates.csv,344,2,0.5,0.18069
pdb7fxo_A_original_CA_coordinates.csv,130,2,0.5,0.185202
pdb5iko_A_original_CA_coordinates.csv,807,2,0.5,4.80038
pdb2x7k_A_original_CA_coordinates.csv,164,2,0.5,0.878308
pdb5ht4_A_original_CA_coordinates.csv,186,2,0.5,1.01808
pdb7ull_A_original_CA_coordinates.csv,217,2,0.5,0.249484
pdb5uob_A_original_CA_coordinates.csv,404,2,0.5,0.370938
pdb5hm7_A_original_CA_coordinates.csv,207,2,0.5,0.154102
pdb5o4t_A_original_CA_coordinates.csv,113,2,0.5,0.0952592
pdb7z2j_A_original_CA_coordinates.csv,225,2,0.5,0.520026
pdb7vdo_D_original_CA_coordinates.csv,251,2,0.5,1.00973
pdb5c4t_A_original_CA_coordinates.csv,241,2,0.5,13.0595
pdb5pp5_A_original_CA_coordinates.csv,121,2,0.5,0.380034
pdb7e5u_A_original_CA_coordinates.csv,373,2,0.5,1.07852
pdb5pa4_A_original_CA_coordinates.csv,213,2,0.5,0.580377
pdb2kl2_A_original_CA_coordinates.csv,149,2,0.5,4.14191
pdb7scd_A_original_CA_coordinates.csv,371,2,0.5,11.7732
pdb5cmm_A_original_CA_coordinates.csv,257,2,0.5,6.51512
pdb5sqo_A_original_CA_coordinates.csv,167,2,0.5,6.53194
pdb4ybm_A_original_CA_coordinates.csv,177,2,0.5,0.604793
pdb6iwg_A_original_CA_coordinates.csv,276,2,0.5,1.88687
pdb8bxz_A_original_CA_coordinates.csv,230,2,0.5,0.0463117
pdb7nru_A_original_CA_coordinates.csv,239,2,0.5,18.133
pdb7ust_B_original_CA_coordinates.csv,125,2,0.5,38.87
pdb5ky3_A_original_CA_coordinates.csv,353,2,0.5,0.274365
pdb6sq0_A_original_CA_coordinates.csv,229,2,0.5,88.8925
pdb6byg_A_original_CA_coordinates.csv,856,2,0.5,0.010506
pdb3q80_A_original_CA_coordinates.csv,218,2,0.5,7.14772
pdb2mze_A_original_CA_coordinates.csv,250,2,0.5,1.24968
pdb6nbl_A_original_CA_coordinates.csv,405,2,0.5,6.9893
pdb2xid_A_original_CA_coordinates.csv,416,2,0.5,22.9224
pdb2uui_A_original_CA_coordinates.csv,155,2,0.5,63.6382
pdb4rvo_A_original_CA_coordinates.csv,419,2,0.5,1.24532
pdb6lo9_A_original_CA_coordinates.csv,259,2,0.5,26.7708
pdb5f4n_A_original_CA_coordinates.csv,258,2,0.5,1.09617
pdb2cqm_A_original_CA_coordinates.csv,122,2,0.5,4.5861
pdb5jo7_A_original_CA_coordinates.csv,510,2,0.5,5.36055
pdb4gxb_A_original_CA_coordinates.csv,263,2,0.5,1.36236
pdb7niv_D_original_CA_coordinates.csv,208,2,0.5,14.8521
pdb4l1s_A_original_CA_coordinates.csv,116,2,0.5,59.3943
pdb7ka0_A_original_CA_coordinates.csv,339,2,0.5,1.64761
pdb7go8_A_original_CA_coordinates.csv,182,2,0.5,0.379964
pdb8g22_A_original_CA_coordinates.csv,286,2,0.5,0.548648
pdb5mmv_A_original_CA_coordinates.csv,166,2,0.5,14.6651
pdb3x3z_A_original_CA_coordinates.csv,619,2,0.5,1.55012
pdb8p88_A_original_CA_coordinates.csv,212,2,0.5,3.84991
pdb7vvg_A_original_CA_coordinates.csv,166,2,0.5,16.5596
pdb7em2_A_original_CA_coordinates.csv,313,2,0.5,0.658637
pdb4b5n_A_original_CA_coordinates.csv,354,2,0.5,7.06697
pdb5due_A_original_CA_coordinates.csv,235,2,0.5,0.187342
pdb2jvf_A_original_CA_coordinates.csv,94,2,0.5,0.0966411
pdb2x66_A_original_CA_coordinates.csv,343,2,0.5,0.785685
pdb4xqa_A_original_CA_coordinates.csv,184,2,0.5,0.6146
pdb7kb6_A_original_CA_coordinates.csv,850,2,0.5,0.00789222
pdb5ao9_A_original_CA_coordinates.csv,280,2,0.5,1.24951
pdb5qit_A_original_CA_coordinates.csv,225,2,0.5,0.565379
pdb5fwj_A_original_CA_coordinates.csv,435,2,0.5,632.042
pdb6tet_A_original_CA_coordinates.csv,392,2,0.5,0.382526
pdb5ji6_A_original_CA_coordinates.csv,368,2,0.5,13.0643
pdb4rtl_A_original_CA_coordinates.csv,254,2,0.5,653.98
pdb2iqj_A_original_CA_coordinates.csv,118,2,0.5,0.986408
pdb6sz0_A_original_CA_coordinates.csv,397,2,0.5,168.951
pdb6a0e_A_original_CA_coordinates.csv,305,2,0.5,0.776606
pdb4ooe_A_original_CA_coordinates.csv,376,2,0.5,4.43931
pdb6yet_A_original_CA_coordinates.csv,104,2,0.5,0.610739
pdb5pg0_A_original_CA_coordinates.csv,115,2,0.5,0.0293266
pdb6lgd_A_original_CA_coordinates.csv,570,2,0.5,1.06293
pdb4bds_A_original_CA_coordinates.csv,524,2,0.5,0.433154
pdb7zsp_A_original_CA_coordinates.csv,281,2,0.5,1.6937
pdb3ohs_X_original_CA_coordinates.csv,331,2,0.5,44.7436
pdb8c14_A_original_CA_coordinates.csv,263,2,0.5,1.11803
pdb1iie_A_original_CA_coordinates.csv,75,2,0.5,0.0484506
pdb2y9q_A_original_CA_coordinates.csv,350,2,0.5,0.218251
pdb2oo0_A_original_CA_coordinates.csv,419,2,0.5,0.365829
pdb5fz0_A_original_CA_coordinates.csv,453,2,0.5,4.67324
pdb5q8i_A_original_CA_coordinates.csv,341,2,0.5,0.0692081
pdb7m0b_A_original_CA_coordinates.csv,331,2,0.5,5.98735
pdb8poi_A_original_CA_coordinates.csv,64,2,0.5,18.8212
pdb6z5n_A_original_CA_coordinates.csv,110,2,0.5,0.160108
pdb3ccd_A_original_CA_coordinates.csv,85,2,0.5,0.981482
pdb4kfn_A_original_CA_coordinates.csv,473,2,0.5,1.18592
pdb4hlz_A_original_CA_coordinates.csv,317,2,0.5,0.353487
pdb5jd9_A_original_CA_coordinates.csv,358,2,0.5,2.67232
pdb1h2g_A_original_CA_coordinates.csv,205,2,0.5,20.9279
pdb5nbx_A_original_CA_coordinates.csv,109,2,0.5,24.7699
pdb5ryv_A_original_CA_coordinates.csv,284,2,0.5,1.04879
pdb8bin_A_original_CA_coordinates.csv,264,2,0.5,0.611888
pdb2lok_A_original_CA_coordinates.csv,191,2,0.5,2.53556
pdb3tgb_A_original_CA_coordinates.csv,184,2,0.5,0.190618
pdb7c5o_O_original_CA_coordinates.csv,338,2,0.5,0.23227
pdb2atf_A_original_CA_coordinates.csv,183,2,0.5,0.564936
pdb6r3o_A_original_CA_coordinates.csv,500,2,0.5,1.4057
pdb4yym_A_original_CA_coordinates.csv,132,2,0.5,8.68365
pdb4a8n_A_original_CA_coordinates.csv,386,2,0.5,0.148725
pdb6csw_A_original_CA_coordinates.csv,316,2,0.5,0.555046
pdb7twc_A_original_CA_coordinates.csv,409,2,0.5,311.72
pdb3fco_A_original_CA_coordinates.csv,267,2,0.5,0.136022
pdb5pgf_A_original_CA_coordinates.csv,115,2,0.5,0.0975923
pdb6mob_A_original_CA_coordinates.csv,306,2,0.5,0.582545
pdb8oe5_A_original_CA_coordinates.csv,261,2,0.5,5.88875
pdb7dp3_A_original_CA_coordinates.csv,278,2,0.5,11.992
pdb6yxi_A_original_CA_coordinates.csv,351,2,0.5,1.61386
pdb2c2h_A_original_CA_coordinates.csv,168,2,0.5,3.99961
pdb2g9i_A_original_CA_coordinates.csv,229,2,0.5,7.61328
pdb5st9_A_original_CA_coordinates.csv,237,2,0.5,0.27416
pdb5js5_A_original_CA_coordinates.csv,124,2,0.5,0.324618
pdb8cnf_A_original_CA_coordinates.csv,316,2,0.5,206.79
pdb4fmm_A_original_CA_coordinates.csv,324,2,0.5,2.14441
pdb4h82_A_original_CA_coordinates.csv,160,2,0.5,0.79744
pdb3u6e_A_original_CA_coordinates.csv,252,2,0.5,0.62181
pdb6szx_A_original_CA_coordinates.csv,161,2,0.5,2.27561
pdb4zu6_X_original_CA_coordinates.csv,309,2,0.5,12.1661
pdb4awi_A_original_CA_coordinates.csv,352,2,0.5,9.62071
pdb6qyi_A_original_CA_coordinates.csv,518,2,0.5,72.8857
pdb8xxb_A_original_CA_coordinates.csv,222,2,0.5,7.42542
pdb4hwm_A_original_CA_coordinates.csv,113,2,0.5,14.4006
pdb4i97_A_original_CA_coordinates.csv,207,2,0.5,1.78722
pdb6zwh_A_original_CA_coordinates.csv,351,2,0.5,26.7079
pdb4jcz_A_original_CA_coordinates.csv,147,2,0.5,0.137606
pdb2p01_A_original_CA_coordinates.csv,323,2,0.5,19.6444
pdb4ld1_A_original_CA_coordinates.csv,157,2,0.5,0.409699
pdb5apg_A_original_CA_coordinates.csv,180,2,0.5,1.81832
pdb8b0r_A_original_CA_coordinates.csv,496,2,0.5,1.91593
pdb2pyq_A_original_CA_coordinates.csv,108,2,0.5,0.0951775
pdb7jid_A_original_CA_coordinates.csv,287,2,0.5,6.06594
pdb5eg4_A_original_CA_coordinates.csv,220,2,0.5,0.42847
pdb4qa4_A_original_CA_coordinates.csv,366,2,0.5,1.05218
pdb3lxl_A_original_CA_coordinates.csv,281,2,0.5,12.437
pdb8fp0_A_original_CA_coordinates.csv,274,2,0.5,0.0740318
pdb8dhf_A_original_CA_coordinates.csv,355,2,0.5,0.886358
pdb7yko_A_original_CA_coordinates.csv,259,2,0.5,22.4048
pdb5aqe_A_original_CA_coordinates.csv,269,2,0.5,160.871
pdb5plh_A_original_CA_coordinates.csv,331,2,0.5,0.161995
pdb5m5u_A_original_CA_coordinates.csv,360,2,0.5,16.3406
pdb6h8b_B_original_CA_coordinates.csv,268,2,0.5,0.155778
pdb6zs4_A_original_CA_coordinates.csv,110,2,0.5,8.98183
pdb5r8k_A_original_CA_coordinates.csv,152,2,0.5,0.35773
pdb6ckc_A_original_CA_coordinates.csv,625,2,0.5,0.861836
pdb5sez_A_original_CA_coordinates.csv,312,2,0.5,0.242565
pdb4fk4_A_original_CA_coordinates.csv,901,2,0.5,0.0242105
pdb5zyl_A_original_CA_coordinates.csv,235,2,0.5,4.97829
pdb4l9n_A_original_CA_coordinates.csv,137,2,0.5,2.31702
pdb6y1k_H_original_CA_coordinates.csv,216,2,0.5,125.457
pdb5b5z_A_original_CA_coordinates.csv,240,2,0.5,0.190688
pdb4mpn_A_original_CA_coordinates.csv,363,2,0.5,0.384946
pdb3at8_A_original_CA_coordinates.csv,196,2,0.5,9.96271
pdb4jgk_A_original_CA_coordinates.csv,164,2,0.5,37.4144
pdb8ei7_A_original_CA_coordinates.csv,375,2,0.5,0.267042
pdb6ev9_A_original_CA_coordinates.csv,496,2,0.5,21.1315
pdb6hur_A_original_CA_coordinates.csv,428,2,0.5,0.40936
pdb6nmn_A_original_CA_coordinates.csv,253,2,0.5,0.246081
pdb5k9m_A_original_CA_coordinates.csv,353,2,0.5,2.72144
pdb5g0t_A_original_CA_coordinates.csv,260,2,0.5,4.04472
pdb5n3f_A_original_CA_coordinates.csv,318,2,0.5,1.4822
pdb2kck_A_original_CA_coordinates.csv,112,2,0.5,50.8905
pdb4dlr_A_original_CA_coordinates.csv,166,2,0.5,3.48172
pdb4y0x_A_original_CA_coordinates.csv,322,2,0.5,1.64654
pdb6hbz_A_original_CA_coordinates.csv,269,2,0.5,1.43057
pdb3r09_A_original_CA_coordinates.csv,194,2,0.5,10.8279
pdb5t3y_A_original_CA_coordinates.csv,125,2,0.5,2.43796
pdb8ej0_A_original_CA_coordinates.csv,567,2,0.5,2.10767
pdb8cis_A_original_CA_coordinates.csv,312,2,0.5,48.5503
pdb3mau_A_original_CA_coordinates.csv,452,2,0.5,9.06262
pdb3nft_A_original_CA_coordinates.csv,262,2,0.5,31.4849
pdb5f0v_A_original_CA_coordinates.csv,394,2,0.5,1.83712
pdb2qlt_A_original_CA_coordinates.csv,251,2,0.5,11.7664
pdb4di9_A_original_CA_coordinates.csv,293,2,0.5,1.58866
pdb3bwr_A_original_CA_coordinates.csv,267,2,0.5,5.29573
pdb4ry8_A_original_CA_coordinates.csv,315,2,0.5,1.03971
pdb4cdp_A_original_CA_coordinates.csv,333,2,0.5,1.31306
pdb4ly1_A_original_CA_coordinates.csv,368,2,0.5,1.46384
pdb3prs_A_original_CA_coordinates.csv,330,2,0.5,1.26472
pdb2ecy_A_original_CA_coordinates.csv,66,2,0.5,1.36304
pdb7foh_A_original_CA_coordinates.csv,237,2,0.5,2.03722
pdb5r7y_A_original_CA_coordinates.csv,304,2,0.5,0.285717
pdb6q01_A_original_CA_coordinates.csv,76,2,0.5,0.17741
pdb4q9p_A_original_CA_coordinates.csv,131,2,0.5,8.28231
pdb6dvl_A_original_CA_coordinates.csv,356,2,0.5,30.3524
pdb6rli_A_original_CA_coordinates.csv,250,2,0.5,22.9861
pdb5ug8_A_original_CA_coordinates.csv,280,2,0.5,53.6452
pdb7r5f_A_original_CA_coordinates.csv,149,2,0.5,0.0323858
pdb5dkb_A_original_CA_coordinates.csv,230,2,0.5,0.0893892
pdb5pff_A_original_CA_coordinates.csv,115,2,0.5,6.46256
pdb3gmn_A_original_CA_coordinates.csv,268,2,0.5,0.716804
pdb5erq_A_original_CA_coordinates.csv,417,2,0.5,26.3518
pdb5sj6_A_original_CA_coordinates.csv,314,2,0.5,0.419381
pdb4hzf_A_original_CA_coordinates.csv,200,2,0.5,11.4766
pdb5hyh_A_original_CA_coordinates.csv,287,2,0.5,27.3426
pdb8doy_A_original_CA_coordinates.csv,302,2,0.5,0.0475605
pdb4ljy_A_original_CA_coordinates.csv,438,2,0.5,0.0757596
pdb4qrz_A_original_CA_coordinates.csv,383,2,0.5,10.8259
pdb6zir_A_original_CA_coordinates.csv,163,2,0.5,6.60349
pdb7n8t_A_original_CA_coordinates.csv,355,2,0.5,0.216675
pdb7so8_A_original_CA_coordinates.csv,219,2,0.5,3.04386
pdb2ll7_A_original_CA_coordinates.csv,148,2,0.5,1.28937
pdb2o1v_A_original_CA_coordinates.csv,578,2,0.5,1.32477
pdb5d87_A_original_CA_coordinates.csv,316,2,0.5,0.124485
pdb4dj9_A_original_CA_coordinates.csv,243,2,0.5,0.16903
pdb2q1e_A_original_CA_coordinates.csv,109,2,0.5,4.68115
pdb8b7i_A_original_CA_coordinates.csv,213,2,0.5,0.229062
pdb6p5o_A_original_CA_coordinates.csv,619,2,0.5,0.123373
pdb6jit_A_original_CA_coordinates.csv,284,2,0.5,13.53
pdb2gzq_A_original_CA_coordinates.csv,186,2,0.5,5.57016
pdb8qeu_A_original_CA_coordinates.csv,304,2,0.5,1.90253
pdb2qh1_A_original_CA_coordinates.csv,179,2,0.5,0.0632222
pdb5w89_A_original_CA_coordinates.csv,141,2,0.5,1.7655
pdb4equ_A_original_CA_coordinates.csv,274,2,0.5,3.49827
pdb7xzf_A_original_CA_coordinates.csv,443,2,0.5,0.522785
pdb7obk_A_original_CA_coordinates.csv,234,2,0.5,0.0555615
pdb2ftq_A_original_CA_coordinates.csv,263,2,0.5,0.232093
pdb2xme_A_original_CA_coordinates.csv,201,2,0.5,0.980151
pdb6mbh_A_original_CA_coordinates.csv,286,2,0.5,0.524366
pdb4fek_A_original_CA_coordinates.csv,249,2,0.5,0.129214
pdb2kff_A_original_CA_coordinates.csv,105,2,0.5,1.57094
pdb6w3o_A_original_CA_coordinates.csv,244,2,0.5,5.02797
pdb4xmt_A_original_CA_coordinates.csv,867,2,0.5,0.408039
pdb4obq_A_original_CA_coordinates.csv,275,2,0.5,1.39302
pdb5ptq_A_original_CA_coordinates.csv,121,2,0.5,12.0393
pdb8st8_A_original_CA_coordinates.csv,195,2,0.5,0.192757
pdb2rqp_A_original_CA_coordinates.csv,88,2,0.5,0.127479
pdb5shp_A_original_CA_coordinates.csv,312,2,0.5,0.121383
pdb3iwk_A_original_CA_coordinates.csv,496,2,0.5,0.372084
pdb3vwv_A_original_CA_coordinates.csv,182,2,0.5,123.589
pdb7l9s_A_original_CA_coordinates.csv,226,2,0.5,7.22166
pdb1zae_A_original_CA_coordinates.csv,70,2,0.5,10.7549
pdb4yxo_A_original_CA_coordinates.csv,257,2,0.5,8.90163
pdb3hr5_L_original_CA_coordinates.csv,219,2,0.5,6.16715
pdb3lq3_A_original_CA_coordinates.csv,339,2,0.5,2.89612
pdb7dob_A_original_CA_coordinates.csv,277,2,0.5,0.343934
pdb5kre_A_original_CA_coordinates.csv,224,2,0.5,38.0406
pdb7b4r_A_original_CA_coordinates.csv,217,2,0.5,28.6243
pdb6ckz_A_original_CA_coordinates.csv,146,2,0.5,7.28347
pdb2jly_A_original_CA_coordinates.csv,451,2,0.5,79.7073
pdb6fqv_A_original_CA_coordinates.csv,482,2,0.5,1.47988
pdb3fm9_A_original_CA_coordinates.csv,220,2,0.5,2.11667
pdb4kep_A_original_CA_coordinates.csv,273,2,0.5,1.97054
pdb4k3b_A_original_CA_coordinates.csv,771,2,0.5,8.7735
pdb7ree_A_original_CA_coordinates.csv,290,2,0.5,1.59566
pdb2wqs_A_original_CA_coordinates.csv,333,2,0.5,16.3897
pdb2yqg_A_original_CA_coordinates.csv,123,2,0.5,1.05961
pdb6cik_A_original_CA_coordinates.csv,607,2,0.5,0.23386
pdb7auj_A_original_CA_coordinates.csv,158,2,0.5,0.180178
pdb1v5j_A_original_CA_coordinates.csv,108,2,0.5,38.0788
pdb3iis_M_original_CA_coordinates.csv,151,2,0.5,59.8147
pdb2map_A_original_CA_coordinates.csv,96,2,0.5,1.8046
pdb4ibt_A_original_CA_coordinates.csv,196,2,0.5,18.7229
pdb5bod_A_original_CA_coordinates.csv,192,2,0.5,0.0853632
pdb4kcv_B_original_CA_coordinates.csv,498,2,0.5,4.47976
pdb1t17_A_original_CA_coordinates.csv,148,2,0.5,71.1552
pdb8fiu_A_original_CA_coordinates.csv,219,2,0.5,1.88355
pdb5sly_D_original_CA_coordinates.csv,457,2,0.5,0.418367
pdb4kf9_A_original_CA_coordinates.csv,318,2,0.5,154.721
pdb2h2m_A_original_CA_coordinates.csv,108,2,0.5,0.256433
pdb7l6t_A_original_CA_coordinates.csv,299,2,0.5,5.67339
pdb1vhf_A_original_CA_coordinates.csv,100,2,0.5,2.42263
pdb4g5h_A_original_CA_coordinates.csv,346,2,0.5,0.261111
pdb6r1m_A_original_CA_coordinates.csv,427,2,0.5,59.1998
pdb6g8l_A_original_CA_coordinates.csv,236,2,0.5,0.16359
pdb5qq0_A_original_CA_coordinates.csv,360,2,0.5,1.38189
pdb7q78_A_original_CA_coordinates.csv,124,2,0.5,0.536631
pdb5pod_A_original_CA_coordinates.csv,123,2,0.5,27.8217
pdb7o51_A_original_CA_coordinates.csv,207,2,0.5,0.521096
pdb3nm2_A_original_CA_coordinates.csv,125,2,0.5,2.16979
pdb7w2w_A_original_CA_coordinates.csv,771,2,0.5,49.669
pdb5ts5_A_original_CA_coordinates.csv,483,2,0.5,43.825
pdb5tpa_A_original_CA_coordinates.csv,275,2,0.5,3.50906
pdb6h0y_A_original_CA_coordinates.csv,330,2,0.5,0.307251
pdb6ph0_A_original_CA_coordinates.csv,162,2,0.5,7.605
pdb4im4_A_original_CA_coordinates.csv,336,2,0.5,22.6838
pdb6v3u_A_original_CA_coordinates.csv,207,2,0.5,0.449085
pdb5r4w_A_original_CA_coordinates.csv,130,2,0.5,0.357964
pdb7ria_A_original_CA_coordinates.csv,121,2,0.5,28.6838
pdb7tss_A_original_CA_coordinates.csv,217,2,0.5,68.4714
pdb6uo5_A_original_CA_coordinates.csv,358,2,0.5,7.39508
pdb4mde_A_original_CA_coordinates.csv,171,2,0.5,12.0958
pdb4pcz_A_original_CA_coordinates.csv,271,2,0.5,0.583506
pdb3s1w_A_original_CA_coordinates.csv,223,2,0.5,0.0825377
pdb6bee_A_original_CA_coordinates.csv,542,2,0.5,14.0752
pdb3vf5_A_original_CA_coordinates.csv,99,2,0.5,0.0721629
pdb5ocq_A_original_CA_coordinates.csv,271,2,0.5,1.19944
pdb4m4v_A_original_CA_coordinates.csv,385,2,0.5,8.9841
pdb8dse_A_original_CA_coordinates.csv,468,2,0.5,0.307934
pdb5jbd_A_original_CA_coordinates.csv,854,2,0.5,3.61807
pdb4iqf_A_original_CA_coordinates.csv,308,2,0.5,0.110555
pdb5r0t_A_original_CA_coordinates.csv,237,2,0.5,0.256954
pdb5f07_A_original_CA_coordinates.csv,212,2,0.5,160.185
pdb5v1w_A_original_CA_coordinates.csv,752,2,0.5,0.180902
pdb6ckv_A_original_CA_coordinates.csv,156,2,0.5,25.0129
pdb2hit_L_original_CA_coordinates.csv,281,2,0.5,37.7342
pdb5f90_A_original_CA_coordinates.csv,150,2,0.5,11.4955
pdb7ob1_A_original_CA_coordinates.csv,677,2,0.5,0.017896
pdb4dtj_A_original_CA_coordinates.csv,901,2,0.5,0.0849232
pdb3q65_A_original_CA_coordinates.csv,316,2,0.5,2.02447
pdb3kng_A_original_CA_coordinates.csv,98,2,0.5,9.07493
pdb3p53_A_original_CA_coordinates.csv,486,2,0.5,21.635
pdb2hi0_A_original_CA_coordinates.csv,235,2,0.5,6.71302
pdb2e1y_A_original_CA_coordinates.csv,394,2,0.5,1.02425
pdb6dxc_A_original_CA_coordinates.csv,377,2,0.5,15.3273
pdb4hw4_A_original_CA_coordinates.csv,154,2,0.5,1.8752
pdb2qm4_A_original_CA_coordinates.csv,223,2,0.5,25.6053
pdb5rgj_A_original_CA_coordinates.csv,304,2,0.5,8.7839
pdb7q7d_A_original_CA_coordinates.csv,280,2,0.5,6.03655
pdb5fda_A_original_CA_coordinates.csv,154,2,0.5,6.20911
pdb8s0u_A_original_CA_coordinates.csv,257,2,0.5,29.2903
pdb7svm_A_original_CA_coordinates.csv,852,2,0.5,0.0369253
pdb1owt_A_original_CA_coordinates.csv,66,2,0.5,4.34134
pdb5qor_A_original_CA_coordinates.csv,149,2,0.5,0.427617
pdb5n1l_A_original_CA_coordinates.csv,347,2,0.5,31.8964
pdb6ehn_A_original_CA_coordinates.csv,397,2,0.5,53.8735
pdb6tfq_A_original_CA_coordinates.csv,489,2,0.5,6.17796
pdb4mp8_A_original_CA_coordinates.csv,334,2,0.5,3.45745
pdb4al4_A_original_CA_coordinates.csv,330,2,0.5,0.89787
pdb5sdt_A_original_CA_coordinates.csv,419,2,0.5,0.180279
pdb6bh5_A_original_CA_coordinates.csv,292,2,0.5,0.720232
pdb3f42_A_original_CA_coordinates.csv,87,2,0.5,8.57656
pdb4osk_A_original_CA_coordinates.csv,490,2,0.5,0.186803
pdb5abw_A_original_CA_coordinates.csv,209,2,0.5,4.13013
pdb1uhf_A_original_CA_coordinates.csv,69,2,0.5,0.270169
pdb4lij_A_original_CA_coordinates.csv,72,2,0.5,0.29246
pdb3kog_A_original_CA_coordinates.csv,224,2,0.5,107.715
pdb6t4g_A_original_CA_coordinates.csv,241,2,0.5,44.7637
pdb3fw2_A_original_CA_coordinates.csv,147,2,0.5,0.313509
pdb6cz8_C_original_CA_coordinates.csv,807,2,0.5,0.0178192
pdb7bon_A_original_CA_coordinates.csv,171,2,0.5,0.193737
pdb6jr5_A_original_CA_coordinates.csv,268,2,0.5,21.4487
pdb3gwr_A_original_CA_coordinates.csv,122,2,0.5,2.05646
pdb3p97_A_original_CA_coordinates.csv,256,2,0.5,0.562258
pdb4gqm_A_original_CA_coordinates.csv,105,2,0.5,0.082675
pdb5th4_A_original_CA_coordinates.csv,257,2,0.5,0.13236
pdb6dxd_A_original_CA_coordinates.csv,388,2,0.5,4.06276
pdb2csy_A_original_CA_coordinates.csv,81,2,0.5,11.3352
pdb6xix_A_original_CA_coordinates.csv,219,2,0.5,2.41939
pdb4gi5_A_original_CA_coordinates.csv,253,2,0.5,5.18958
pdb4enz_A_original_CA_coordinates.csv,1029,2,0.5,1.64391
pdb4exg_A_original_CA_coordinates.csv,377,2,0.5,0.247681
pdb3njz_A_original_CA_coordinates.csv,364,2,0.5,10.8692
pdb7rxi_L_original_CA_coordinates.csv,207,2,0.5,6.45563
pdb7tlr_A_original_CA_coordinates.csv,408,2,0.5,1.21809
pdb5woy_A_original_CA_coordinates.csv,248,2,0.5,116.643
pdb7ayw_A_original_CA_coordinates.csv,138,2,0.5,1.67398
pdb4a07_A_original_CA_coordinates.csv,282,2,0.5,11.1337
pdb3cny_A_original_CA_coordinates.csv,294,2,0.5,0.174945
pdb2l7j_A_original_CA_coordinates.csv,95,2,0.5,5.88978
pdb2hvl_A_original_CA_coordinates.csv,285,2,0.5,3.92421
pdb1tru_A_original_CA_coordinates.csv,105,2,0.5,1.14306
pdb5w5b_A_original_CA_coordinates.csv,219,2,0.5,0.896321
pdb7cer_A_original_CA_coordinates.csv,414,2,0.5,0.730999
pdb3hbk_A_original_CA_coordinates.csv,230,2,0.5,5.03928
pdb2jog_A_original_CA_coordinates.csv,327,2,0.5,119.621
pdb5rt0_A_original_CA_coordinates.csv,167,2,0.5,5.46977
pdb4gpv_A_original_CA_coordinates.csv,324,2,0.5,12.9983
pdb3f95_A_original_CA_coordinates.csv,175,2,0.5,0.84341
pdb3mwq_A_original_CA_coordinates.csv,256,2,0.5,0.171444
pdb5ok3_A_original_CA_coordinates.csv,349,2,0.5,51.5686
pdb7fkq_A_original_CA_coordinates.csv,237,2,0.5,0.754625
pdb5uto_A_original_CA_coordinates.csv,288,2,0.5,0.877453
pdb6zjd_A_original_CA_coordinates.csv,214,2,0.5,16.6395
pdb4lqb_A_original_CA_coordinates.csv,129,2,0.5,0.755052
pdb6zzm_A_original_CA_coordinates.csv,237,2,0.5,0.127932
pdb6gke_A_original_CA_coordinates.csv,309,2,0.5,0.742378
pdb6ta7_A_original_CA_coordinates.csv,131,2,0.5,0.0257863
pdb5y02_A_original_CA_coordinates.csv,104,2,0.5,0.133299
pdb5onp_A_original_CA_coordinates.csv,316,2,0.5,45.2329
pdb5hkq_A_original_CA_coordinates.csv,142,2,0.5,15.2989
pdb5v4i_A_original_CA_coordinates.csv,129,2,0.5,0.239423
pdb7mt5_A_original_CA_coordinates.csv,264,2,0.5,0.219909
pdb3kdb_A_original_CA_coordinates.csv,99,2,0.5,1.15512
pdb3fkq_A_original_CA_coordinates.csv,344,2,0.5,1.40416
pdb4wuq_A_original_CA_coordinates.csv,258,2,0.5,17.8127
pdb7brz_A_original_CA_coordinates.csv,223,2,0.5,0.211323
pdb5sd7_A_original_CA_coordinates.csv,186,2,0.5,0.227038
pdb8ab2_A_original_CA_coordinates.csv,329,2,0.5,0.354443
pdb5ijw_A_original_CA_coordinates.csv,272,2,0.5,12.1803
pdb6ilq_A_original_CA_coordinates.csv,247,2,0.5,3.07006
pdb3m2d_A_original_CA_coordinates.csv,291,2,0.5,3.11822
pdb2mmb_A_original_CA_coordinates.csv,107,2,0.5,4.37903
pdb4d1w_A_original_CA_coordinates.csv,226,2,0.5,14.8831
pdb1qm3_A_original_CA_coordinates.csv,104,2,0.5,88.7378
pdb8cpn_A_original_CA_coordinates.csv,156,2,0.5,0.568585
pdb5uli_A_original_CA_coordinates.csv,358,2,0.5,95.4162
pdb4yrr_A_original_CA_coordinates.csv,410,2,0.5,0.811207
pdb6bum_A_original_CA_coordinates.csv,362,2,0.5,8.67432
pdb6el0_A_original_CA_coordinates.csv,324,2,0.5,0.103985
pdb6td4_A_original_CA_coordinates.csv,107,2,0.5,28.7959
pdb2auw_A_original_CA_coordinates.csv,148,2,0.5,30.2672
pdb7c60_A_original_CA_coordinates.csv,297,2,0.5,0.192802
pdb2dis_A_original_CA_coordinates.csv,109,2,0.5,36.616
pdb5hme_A_original_CA_coordinates.csv,456,2,0.5,13.6992
pdb8arl_A_original_CA_coordinates.csv,232,2,0.5,0.0315397
pdb1m40_A_original_CA_coordinates.csv,263,2,0.5,0.372911
pdb2yrt_A_original_CA_coordinates.csv,75,2,0.5,0.790209
pdb5dw3_A_original_CA_coordinates.csv,382,2,0.5,3.42206
pdb3oqh_A_original_CA_coordinates.csv,215,2,0.5,1.93222
pdb7ftf_A_original_CA_coordinates.csv,358,2,0.5,43.0318
pdb2jr7_A_original_CA_coordinates.csv,84,2,0.5,17.2298
pdb5ecu_A_original_CA_coordinates.csv,350,2,0.5,0.0640934
