p_pdb_id,q_pdb_id,monge_rate,monge_rate_1
1cbu,1c9k,0.514773,0.733268
3hvp,4hvp,0.560997,0.622266
1ldm,6ldh,0.480002,0.5864
149l,1l53,0.697292,0.935812
1bpd,2bpg,0.747047,0.97251
1ezm,1u4g,0.630353,0.908598
3enl,1ebg,0.55241,0.688362
1ggg,1wdn,0.641469,0.761334
1lfg,1lfh,0.621875,0.876661
2lao,1lst,0.675566,0.777712
1urp,2dri,0.711548,0.897241
4tnc,2tn4,0.626393,0.700374
